id,firstCapture
56697,20130510
56698,20130510
56704,20130510
56706,20130511
56730,20130503
56770,20130429
56772,20130429
56776,20130511
56783,20130429
56823,20130510
56829,20130511
56831,20130510
56832,20130429
56848,20130503
56908,20130429
56911,20130429
56917,20130429
56931,20130503
56946,20130503
56993,20130503
57002,20130429
57029,20130617
57083,20130503
57085,20130503
57090,20130503
57091,20130503
57134,20130617
57153,20130617
57161,20130617
57163,20130617
57178,20130617
57180,20130617
57200,20130617
57202,20130503
57260,20130723
57261,20130723
57262,20130723
57263,20130723
57264,20130723
57270,20130723
57271,20130723
57272,20130723
57273,20130723
57274,20130723
57275,20130723
57276,20130723
57277,20130723
57278,20130723
57279,20130723
57287,20130723
57289,20130723
57290,20130723
57291,20130723
57292,20130723
57293,20130723
57294,20130723
57295,20130723
57296,20130723
57297,20130723
57298,20130723
57299,20130723
57300,20130723
57301,20130723
57302,20130723
57303,20130723
57304,20130723
57306,20130723
57309,20130723
57310,20130723
57311,20130723
57312,20130723
57313,20130723
57314,20130723
57315,20130723
57316,20130723
57317,20130723
57318,20130723
57319,20130723
57320,20130723
57321,20130723
57322,20130723
57323,20130723
57324,20130723
57329,20130723
57332,20130723
57341,20130723
57342,20130723
57361,20130723
57366,20130723
57367,20130723
57369,20130723
57387,20130723
57388,20130723
57389,20130723
57400,20130723
57407,20130723
57408,20130723
57409,20130723
57423,20130723
57445,20130723
57446,20130723
57447,20130723
57448,20130723
57449,20130723
57450,20130723
57451,20130723
57452,20130723
57455,20130723
57471,20130723
57642,20131127
58404,20180630
59267,20130719
59306,20130718
59330,20130718
59359,20130719
59390,20130719
59391,20130719
59461,20130719
59492,20130718
59541,20130719
59544,20130719
59546,20130719
59547,20130718
59548,20130718
59549,20130719
59801,20130719
59803,20130718
59804,20250215
59826,20130718
59842,20130718
61056,20130821
61115,20130831
61129,20130821
61998,20130831
62007,20130831
62042,20130831
62096,20130831
62112,20130821
62370,20180703
62970,20130827
63000,20130827
63071,20130827
63073,20130827
63076,20130827
63077,20130827
63146,20130827
63150,20130827
63255,20180701
63330,20180701
63556,20180703
63979,20130913
64041,20130913
65136,20130913
65456,20130913
65459,20130913
65466,20130913
65541,20130913
65546,20130913
65547,20180702
66063,20180702
66942,20130926
67799,20130926
67812,20130926
68393,20130926
68396,20130926
68408,20130926
68410,20130926
68674,20130926
68677,20130926
68784,20210811
68785,20180704
69187,20130926
71750,20250815
73060,20131013
74032,20180703
74898,20221213
75433,20131021
75436,20221213
75723,20230204
75724,20131021
75732,20131021
75740,20131021
75960,20221213
76109,20221213
76342,20131025
76383,20131021
76387,20131021
76579,20221213
76581,20131021
76582,20221213
76597,20131021
76604,20221213
79137,20131106
79141,20131106
79183,20131106
79386,20131106
80382,20131106
80656,20131106
80672,20131106
80674,20131106
82560,20230410
82626,20131120
82650,20131120
82902,20131120
82989,20131120
83697,20131120
83716,20131120
84347,20131120
84357,20131120
88182,20150428
89842,20140114
92060,20180702
92303,20131231
92374,20150905
96006,20180701
96007,20180704
96024,20180702
97872,20180701
98093,20140118
98102,20140118
98115,20140118
98450,20140118
98599,20140120
98600,20140120
98601,20140120
98602,20140120
98603,20140120
98604,20140120
98605,20140120
98606,20140120
98607,20140120
98608,20140120
98609,20140120
98610,20140120
98611,20140120
98612,20140120
98613,20140120
98614,20140120
98615,20140120
98616,20140120
98617,20140120
98618,20140120
98619,20140120
98620,20140120
98621,20140120
98622,20140120
98623,20140120
98624,20140120
98625,20140120
98626,20140120
98627,20140120
98628,20140120
98629,20140120
98630,20140120
98631,20140120
98632,20140120
98633,20140120
98634,20140120
98635,20140120
98636,20140120
98637,20140120
98638,20140120
98639,20140120
98640,20140120
98641,20140120
98642,20140120
98643,20140120
98644,20140120
98645,20140120
98646,20140120
98938,20140118
98960,20140118
98961,20140118
98969,20140118
101123,20140305
101124,20191121
105415,20140411
106599,20180630
107454,20180701
111664,20180701
114813,20180704
114816,20180701
165298,20140505
165299,20140505
165300,20140505
165301,20140505
165302,20140505
168035,20140505
168036,20140505
168038,20140505
168041,20140529
168062,20140505
168064,20140505
183603,20250815
192964,20140529
192968,20140529
192969,20140529
192972,20140529
192974,20140529
192975,20140529
192977,20140529
192978,20140529
192986,20140529
193449,20140529
226395,20140625
226396,20140625
226397,20140625
226398,20140625
226399,20140625
226400,20140625
226401,20140625
226402,20140625
226403,20140625
226454,20140625
226455,20140625
231489,20140625
234078,20140625
234180,20140704
234181,20140625
234183,20140625
234187,20140704
234195,20140625
234196,20140704
234199,20140704
234201,20140625
236269,20140704
236270,20140817
236271,20140817
236272,20140817
236273,20140817
236274,20140704
236275,20140817
236276,20140817
236277,20140817
236278,20140817
236528,20140704
236539,20140704
236545,20140704
236593,20140704
236594,20140708
237469,20140817
237470,20140817
237471,20140704
237482,20140817
237483,20140817
237484,20140817
237485,20140817
237486,20140704
237487,20140817
237488,20140817
237489,20140817
237490,20140817
237491,20140704
237509,20140704
237510,20140817
237511,20140817
237512,20140817
237513,20140817
237514,20140817
237515,20140704
237516,20140704
237517,20140817
237518,20140817
239761,20140817
239762,20140817
239763,20140817
239764,20140817
239765,20140817
239766,20140817
239767,20140817
239768,20140817
243851,20140817
243852,20140817
243853,20140817
243854,20140817
243855,20140817
243856,20140817
243857,20140817
243858,20140817
243859,20140817
243860,20140817
243861,20140817
243862,20140817
243863,20140817
243864,20140817
243865,20140817
243866,20140817
243867,20140817
243868,20140817
243869,20140817
243870,20140817
243871,20140817
243872,20140817
243873,20140817
243874,20140817
243875,20140817
243876,20140817
243878,20140817
244109,20140817
244110,20140817
244111,20140817
244112,20140817
244113,20140817
244114,20140817
244115,20140817
244116,20140817
244815,20140817
244816,20140817
244817,20140817
244841,20140817
244842,20140817
244843,20140817
244844,20140817
244845,20140817
244846,20140817
244847,20140817
244848,20140817
244849,20140817
244851,20140817
244858,20140817
244863,20140817
244866,20140817
246803,20140817
247490,20140817
247560,20140817
247561,20140817
247562,20140817
247563,20140817
247564,20140817
247565,20140817
247566,20140817
247567,20140817
247568,20140817
247569,20140817
339502,20140919
339503,20140919
339560,20140919
339583,20140919
339600,20140919
341510,20140919
341511,20140919
341512,20140919
341513,20140919
341711,20140920
344215,20140920
344316,20140920
344326,20140920
344716,20140920
344719,20140920
344723,20140920
344733,20140920
344738,20140919
359976,20141012
360094,20141012
362664,20141012
362669,20141012
366921,20141012
366941,20141012
367904,20141012
367906,20141012
367967,20141012
368263,20141012
384190,20141028
387186,20141028
387191,20141028
387430,20141028
387673,20141028
387675,20190822
387830,20141029
387831,20141029
387832,20141029
387833,20141029
387834,20141028
387835,20141029
387836,20141028
387837,20141029
387838,20141029
387839,20141029
387883,20141028
395139,20141113
396732,20141113
397768,20141113
397770,20141113
397771,20141113
401613,20141113
401680,20141113
401939,20141113
402534,20141128
402569,20141128
402571,20141129
402616,20141128
402637,20141128
402638,20141128
402656,20141128
402712,20141129
409900,20141128
412769,20141128
423211,20141204
423212,20141204
423214,20141204
429802,20141204
438192,20141204
438495,20141204
438510,20141204
473442,20150108
473480,20150108
473594,20150108
473710,20150107
473711,20150107
473712,20150107
473713,20150107
473714,20150107
473715,20150107
473716,20150107
473717,20150107
473718,20150107
473724,20150107
473916,20150110
474033,20150108
474035,20150108
474036,20150108
474039,20150108
474067,20150123
475757,20150108
479799,20150128
482130,20201108
482131,20250819
482132,20201108
482730,20250815
493544,20150126
493554,20150126
493580,20150126
493582,20150126
493586,20150126
493590,20150126
493596,20150126
493627,20150126
493628,20150126
493922,20150126
499400,20150129
499401,20150129
499404,20150129
499405,20150128
499408,20150129
499409,20150129
499620,20150128
499621,20150128
499622,20150129
499623,20150129
499624,20150129
499625,20150129
499628,20150128
499630,20150128
499631,20150129
499633,20150129
499634,20150129
499638,20150129
501664,20150128
501675,20150129
501678,20150129
501682,20150129
501685,20150129
501694,20150129
501798,20150129
501801,20150129
501881,20150129
501883,20150129
501885,20150129
501889,20150129
501898,20150129
502390,20150129
502391,20150129
502673,20150129
502679,20150129
502824,20150129
513344,20150225
513345,20150225
513346,20150225
515731,20150219
519067,20150217
519068,20150217
519069,20150217
519070,20150217
519071,20150217
519072,20150217
519073,20150217
519074,20150217
519075,20150217
519082,20150220
519087,20150223
519302,20150219
519324,20150219
519498,20150223
519502,20150223
519514,20150223
519515,20210921
519523,20150223
519526,20150223
519537,20150223
519538,20150217
523175,20150219
523176,20150219
523177,20150219
523178,20150219
523179,20150219
523180,20150219
523181,20150219
523182,20150219
523183,20150219
523184,20150219
523199,20150219
523207,20150219
523211,20150219
523225,20150219
523233,20150217
523236,20150219
533037,20150227
533038,20150222
533039,20150222
533040,20150227
533041,20150227
533042,20150227
533043,20150227
533045,20150222
533057,20150222
533073,20150222
533085,20150227
535643,20150227
535644,20150227
535645,20150227
535646,20150227
535647,20150222
535648,20150227
539491,20150302
539493,20150227
539514,20150302
539521,20150302
539528,20150302
539531,20150302
539541,20150227
539549,20150302
539559,20150227
539560,20150302
540311,20150228
540329,20150228
540374,20150302
547733,20150311
547749,20150311
547758,20150311
547911,20150311
547935,20150406
547942,20150406
547944,20150406
547945,20150406
547946,20150406
547947,20150406
547948,20150406
547949,20150406
547950,20150406
547951,20150406
547952,20150907
547953,20150908
547954,20150908
547955,20150908
547956,20150908
547957,20150908
547958,20150908
556571,20150406
556572,20150406
556573,20150402
556574,20150406
556575,20150406
556576,20150406
556577,20150406
556578,20150406
556579,20150406
556660,20150406
556661,20150406
556662,20150406
556663,20150406
556664,20150330
556665,20150402
556666,20150406
556667,20150406
556668,20150406
556669,20150406
556670,20150311
556671,20150406
556672,20150317
556673,20150406
556674,20150330
556675,20150402
556676,20150407
556677,20150330
556679,20150406
556680,20150406
556681,20150317
556682,20150406
556683,20150406
556688,20150406
556689,20150418
556695,20150406
556696,20150406
556699,20150330
556701,20150402
556704,20150406
556705,20150330
556706,20150406
556707,20150406
556710,20150406
556713,20150418
556715,20150311
556717,20150311
556718,20150330
556720,20150317
556721,20150317
556722,20150406
556723,20150317
556726,20150418
556727,20150402
556730,20150406
556731,20150406
556732,20150406
556733,20150406
556734,20150406
556735,20150406
556736,20150406
556738,20150317
556739,20150317
556743,20150317
556746,20150418
556749,20150510
556752,20150311
556756,20150330
556757,20150402
556758,20150406
556761,20150418
558902,20150406
558903,20150406
558904,20150406
558905,20150406
558906,20150406
558907,20150330
563404,20150406
563406,20150406
563412,20150319
563413,20150510
563420,20150406
563421,20150406
563422,20150406
563423,20150406
563432,20150406
563435,20150418
563445,20150406
563446,20150510
563450,20150605
563452,20150605
563467,20150418
563478,20150406
563484,20150418
563489,20150418
563496,20150418
563504,20150418
563505,20150510
563510,20150510
563514,20150406
563517,20150418
563518,20150406
563519,20150418
563520,20150418
563521,20150418
563523,20150418
563524,20151017
563525,20151017
563526,20151017
563527,20151017
563528,20151022
563529,20151017
563530,20151017
563531,20151017
563532,20151017
563533,20150411
563534,20150411
563535,20150411
563536,20150411
563537,20150411
563538,20150411
563540,20150411
563541,20150411
563542,20150411
568715,20150605
568724,20150605
568727,20150605
568731,20150605
616876,20150505
616886,20150505
616893,20150505
617475,20150505
617486,20150505
617555,20150505
618220,20150505
618235,20150505
685799,20150626
685801,20150626
685802,20150626
685848,20150626
685849,20150626
685851,20150626
693462,20150626
693519,20150626
708976,20150711
713761,20250726
713897,20150711
713898,20150711
713899,20150711
713900,20150711
713901,20150711
721062,20201108
728269,20250815
732118,20150728
732119,20150728
732120,20150728
732121,20150728
732122,20150728
732123,20150728
732124,20150728
732125,20150728
732126,20150728
732127,20150728
732135,20150729
732194,20150728
739557,20150803
739558,20150803
739559,20150803
739560,20150803
739561,20150803
739562,20150803
745814,20150813
745875,20150813
745900,20150817
745901,20150817
745902,20150817
745903,20150817
745904,20150817
745905,20150817
745906,20150817
745907,20150817
745908,20150817
745909,20150817
745943,20150813
745954,20150813
746008,20150813
746058,20150813
746068,20150816
748599,20150813
748662,20150813
755702,20150816
755703,20150816
755704,20150816
755705,20150816
755706,20150816
755707,20150816
755708,20150816
755882,20150816
755904,20150816
770341,20150905
772037,20150905
772038,20150905
772039,20150905
772040,20150905
772041,20150905
773434,20150914
773482,20150914
773515,20150914
773520,20150908
773521,20150908
773522,20150908
773523,20150908
773524,20150908
773525,20150908
773526,20150908
773527,20150908
773528,20150907
773529,20150908
773530,20150908
773531,20150908
773532,20150908
773533,20150908
773534,20150908
773535,20150908
773536,20150908
773537,20150908
773538,20150907
773539,20150908
773540,20150908
773541,20150907
773542,20150907
773543,20150908
773544,20150908
773545,20150908
773546,20150908
773547,20150907
773548,20150907
773549,20150908
773550,20150908
773551,20150907
773552,20150907
773553,20150908
773554,20150908
773555,20150907
773556,20150907
773557,20150905
773558,20150907
773559,20150907
773560,20150907
773561,20150905
773562,20150906
773563,20150905
773564,20150906
773565,20150905
773566,20150906
773567,20150905
773568,20150905
773569,20150905
773570,20150905
773571,20150905
773572,20150905
773573,20150905
773574,20150905
773575,20150905
773576,20150905
773577,20150905
773578,20150906
773579,20150906
773580,20150905
773581,20150905
773582,20150906
773583,20150905
773584,20150907
773585,20150907
773586,20150905
773587,20150907
773588,20150909
773589,20150906
773590,20150907
773591,20150907
773592,20150905
773593,20150907
773594,20150907
773595,20150907
773596,20150907
773597,20150907
773598,20150906
773599,20150907
773600,20150907
773601,20150906
773602,20150907
773603,20150907
773604,20150907
773605,20150907
773606,20150906
773607,20150907
773608,20150907
773609,20150905
773610,20150908
773611,20150906
773612,20150908
780760,20150905
780761,20150905
780762,20150905
780763,20150905
780764,20150905
780765,20150905
780766,20150905
783230,20150906
783231,20150906
783232,20150905
783233,20150906
783234,20150906
783235,20150905
783236,20150905
783237,20150905
783238,20150905
783239,20150906
783240,20150907
783241,20150906
783242,20150907
783243,20150906
783244,20150906
783245,20150906
783246,20150907
783247,20150906
783248,20150907
783249,20150906
783250,20150905
783251,20150905
783252,20150905
783253,20150905
783254,20150906
783255,20150906
783256,20150906
783257,20150906
783258,20150905
783259,20150905
783260,20150905
783261,20150906
783262,20150906
783263,20150905
783264,20150905
783265,20150905
783266,20150906
783267,20150906
783268,20150906
783269,20150905
783270,20150906
783271,20150906
783272,20150905
783273,20150905
783274,20150905
783275,20150905
783276,20150905
783277,20150905
783278,20150905
783279,20150905
783280,20150905
783281,20150905
783282,20150905
783283,20150905
783284,20150905
783285,20150905
783286,20150905
783287,20150905
783288,20150905
783289,20150908
783290,20150907
783291,20150907
783292,20150908
783293,20150908
783294,20150908
783295,20150907
783296,20150908
783297,20150908
783298,20150907
783299,20150907
783300,20150907
783301,20150907
783302,20150907
783303,20150907
783304,20150905
783305,20150905
783306,20150905
783307,20150905
783308,20150905
783309,20150905
783310,20150905
783311,20150905
783312,20150905
783313,20150905
783314,20150905
783315,20150905
783316,20150906
783317,20150906
783318,20150906
783319,20150906
783320,20150906
783321,20150906
783322,20150906
783323,20150906
783324,20150906
783325,20150906
783326,20150906
783327,20150906
783328,20150906
783329,20150905
783330,20150905
783331,20150905
783332,20150905
783333,20150905
783334,20150905
783335,20150905
783336,20150906
783337,20150906
783338,20150905
783339,20150905
783340,20150905
783341,20150905
783342,20150905
783343,20150905
783344,20150906
783345,20150906
783346,20150905
783347,20150906
783348,20150906
783349,20150905
783350,20150905
783351,20150905
783352,20150905
783353,20150905
783354,20150906
783355,20150906
783356,20150906
783357,20150907
783358,20150906
783359,20150906
783360,20150907
783361,20150907
783362,20150906
783363,20150908
783364,20150908
783365,20150908
783366,20150907
783367,20150907
783368,20150908
783369,20150907
783370,20150905
783371,20150905
783372,20150906
783373,20150905
783374,20150907
783375,20150908
783376,20150908
783377,20150906
783378,20150905
783379,20150907
783380,20150908
783381,20150905
783382,20150905
783383,20150908
783384,20150905
783385,20150907
783386,20150908
783387,20150908
783388,20150907
783389,20150906
783390,20150907
783391,20150908
783392,20150905
783393,20150908
783394,20150907
783395,20150906
783396,20150908
783397,20150907
783398,20150910
783400,20150908
783401,20150907
783402,20150905
783403,20150906
783405,20150908
783408,20150907
783411,20150908
783417,20150907
783418,20150908
783424,20150910
783427,20150910
783428,20150910
783429,20150907
783430,20150905
783431,20150906
783432,20150905
783433,20150910
783434,20150905
783435,20150908
783436,20150906
783437,20150905
783438,20150907
783439,20150906
783440,20150906
783441,20150906
783442,20150908
783443,20150907
783444,20150908
783445,20150906
783446,20150905
783447,20150905
783448,20150906
783449,20150906
783450,20150908
783451,20150906
783452,20150912
783453,20150906
783454,20150906
783455,20150906
783456,20150906
783457,20150906
783459,20150906
783460,20150910
783461,20150908
783464,20150905
783467,20150905
783468,20150906
783469,20150905
783470,20150910
783471,20150908
783472,20150908
783473,20150908
783474,20150908
783475,20150908
783476,20150908
783477,20150908
783478,20150908
783479,20150908
783480,20150905
783481,20150906
783482,20150907
783483,20150908
783484,20150907
783485,20150908
783486,20150906
783487,20150908
783488,20150908
783489,20150908
783490,20150908
783491,20150907
783492,20150908
783493,20150913
783494,20150913
783495,20150906
783496,20150913
783497,20150913
783498,20150913
783499,20150913
783500,20150905
783501,20150907
783502,20150910
783503,20150907
783504,20150913
783505,20150910
783506,20150913
783507,20150906
783508,20150913
783509,20150910
783510,20150913
783511,20150905
783512,20150912
783513,20150912
783514,20150912
783515,20150912
783516,20150912
783517,20150912
783518,20150913
783519,20150908
783520,20150912
783521,20150912
783522,20150908
783523,20150907
783524,20150906
783525,20150905
783526,20150906
783527,20150905
783528,20150905
783529,20150905
783530,20150906
783531,20150905
783532,20150906
783533,20150906
783534,20150905
783535,20150908
783536,20150906
783537,20150908
783538,20150908
783539,20150906
783540,20150906
783541,20150907
783542,20150908
783543,20150908
783544,20150907
783545,20150908
783546,20150908
783547,20150908
783548,20150907
783549,20150908
783550,20150907
783551,20150908
784037,20150924
787379,20150917
787380,20150917
787381,20150917
787382,20150917
790031,20150923
790032,20150923
790033,20150923
790034,20150923
790035,20150923
790036,20150924
790037,20150924
790876,20151002
790883,20151002
790902,20150930
790908,20151003
790919,20151003
790927,20151023
790928,20151023
790929,20151023
790930,20151003
790931,20151023
790932,20151023
790933,20151003
790934,20151023
790935,20151023
790936,20151023
790938,20151003
790939,20151017
790940,20151017
790941,20151017
790942,20151017
790943,20151017
790944,20151003
790945,20151017
790946,20151017
790947,20151017
790948,20151017
790949,20151022
790950,20151017
790951,20151017
790952,20151017
790953,20151017
790954,20151017
790955,20151017
790956,20151022
790957,20151017
790975,20151003
790977,20151003
790978,20151003
790983,20150930
790992,20151023
790993,20151023
790994,20151023
790995,20151023
790996,20151003
790997,20151023
790998,20151023
790999,20151023
791000,20151002
791001,20151023
791015,20150930
791016,20151002
791018,20151006
791019,20151007
791020,20151006
791025,20151006
791027,20151007
791028,20151007
791029,20151007
791030,20151007
791032,20151007
791033,20151018
791035,20151018
791037,20151018
791038,20151018
791039,20151018
791040,20151018
791041,20151018
791042,20151018
791044,20151018
791046,20151017
791047,20151017
791048,20151017
791049,20151017
791050,20151017
791051,20151017
791052,20151017
791053,20151017
791054,20151017
791055,20151017
791056,20151017
791057,20151017
791058,20151017
791059,20151017
791060,20151002
791061,20151017
791062,20151017
791063,20151017
791064,20151017
791065,20151017
791067,20151002
791079,20150930
791080,20151017
791082,20150930
791087,20151002
791112,20151002
791113,20151002
791118,20150930
791119,20150930
791129,20150930
793193,20151017
798435,20150928
798436,20150928
798437,20150928
798438,20150928
798439,20150928
798447,20151009
800847,20150924
800849,20150924
800908,20150924
800956,20150924
800989,20150924
800997,20150924
801021,20150924
801025,20150924
808396,20150928
808397,20150928
808528,20150928
808529,20150928
808535,20150928
815459,20151010
815460,20151010
815461,20151010
815462,20151010
815463,20151010
815464,20151010
815465,20151010
815466,20151010
815467,20151010
815468,20151010
817960,20151009
817994,20151011
817995,20151011
817996,20151011
817997,20151011
817998,20151011
818071,20151009
818094,20151011
818095,20151011
818096,20151011
818097,20151011
818125,20151009
818129,20151009
818132,20151009
818136,20151008
818137,20151008
818138,20151008
818139,20151008
818140,20151008
818141,20151008
818142,20151008
818143,20151008
818144,20151008
818145,20151008
824972,20151009
825205,20151009
826089,20151014
826090,20151014
826091,20151014
826092,20151014
826093,20151014
826094,20151014
826095,20151014
826096,20151015
826097,20151015
826098,20151015
826405,20151011
835034,20151023
835035,20151023
835036,20151023
835037,20151023
835038,20151023
835091,20151017
835092,20151017
835093,20151017
835094,20151017
835095,20151017
835096,20151017
835097,20151017
835098,20151017
835709,20151021
835720,20151023
835721,20151023
835722,20151023
835723,20151023
835737,20151021
835741,20151021
835755,20151021
835822,20151021
835840,20151021
840075,20151021
840080,20151114
843749,20151023
852954,20250815
852977,20151114
852978,20151114
852979,20151114
852980,20151114
852981,20151114
852982,20151114
852983,20151114
852984,20151114
852985,20151114
855379,20151114
858222,20151114
858243,20151114
860296,20151114
860297,20151114
860298,20151114
866454,20151109
866483,20151109
866950,20151109
866964,20151109
866985,20151109
866992,20151109
867028,20151109
867052,20151109
871786,20151114
871787,20151114
871788,20151114
890841,20221010
911484,20151221
911490,20151231
911494,20151231
911835,20151222
911836,20151221
911837,20151221
911838,20151222
911839,20151222
911840,20151222
911841,20151221
911842,20151222
911843,20151222
911844,20151222
922030,20151222
922110,20151222
922117,20151222
922119,20151222
922389,20151228
922390,20151228
922391,20151228
922392,20151228
922393,20151227
922394,20151227
922395,20151227
922396,20151227
922438,20151222
922453,20151222
922454,20151222
922455,20151222
926561,20151225
927906,20151227
927907,20151227
927908,20151227
927909,20151227
927910,20151227
928094,20151231
928113,20151231
928118,20151225
928203,20151225
928208,20151225
928516,20151225
928528,20151225
928631,20151225
928645,20151225
928669,20151225
928670,20151225
946362,20250330
946612,20250603
951448,20160120
951513,20160120
951535,20160120
951608,20160120
951820,20160120
954987,20160120
954988,20160120
954989,20160120
954990,20160120
954991,20160120
955141,20160118
955142,20160118
955143,20160118
955144,20160118
955145,20160118
955146,20160118
955147,20160118
955148,20160118
955149,20160118
955150,20160118
955151,20160118
955152,20160118
955153,20160118
955154,20160118
955155,20160118
955156,20160118
955157,20160118
955158,20160118
955159,20160118
957880,20160118
957881,20160118
957882,20160118
957883,20160118
957884,20160118
957885,20160118
957886,20160118
957887,20160118
957888,20160118
957889,20160118
957890,20160118
957891,20160118
957892,20160118
957893,20160118
957894,20160118
957895,20160118
957896,20160118
957897,20160118
957940,20160118
957941,20160118
957942,20160118
957943,20160118
957944,20160118
957945,20160118
957946,20160118
957947,20160118
957948,20160118
957949,20160118
957950,20160118
957951,20160118
957952,20160118
962436,20160201
962437,20160201
962438,20160201
962439,20160201
962440,20160201
962441,20160201
962442,20160201
962443,20160201
962444,20160201
962445,20160201
962446,20160201
962447,20160201
962448,20160201
962449,20160201
962450,20160201
962451,20160201
962452,20160201
962453,20160201
962454,20160201
962455,20160201
962456,20160201
962457,20160201
962458,20160201
962459,20160201
962460,20160201
962461,20160129
962462,20160201
962463,20160201
962464,20160127
962465,20160201
962466,20160201
962467,20160125
962468,20160201
962469,20160201
962470,20160201
962471,20160201
962472,20160201
962473,20160125
962474,20160201
962475,20160201
962476,20160201
962477,20160201
962478,20160201
962479,20160201
962480,20160201
962481,20160201
962482,20160201
962483,20160201
962484,20160201
962485,20160201
972766,20160202
972767,20160202
972777,20160201
972778,20160201
972779,20160201
972780,20160201
972781,20160201
972782,20160201
972783,20160201
972784,20160201
972785,20160201
972822,20160202
972844,20160201
990040,20160218
990041,20160218
990042,20160218
990043,20160218
990044,20160218
993095,20160218
993098,20160218
993102,20160218
993114,20160218
993188,20160218
999644,20160226
999645,20160226
999646,20160226
999647,20160226
999778,20160226
999779,20160226
999780,20160226
1000008,20160226
1000009,20160226
1000010,20160226
1016862,20160312
1016874,20160325
1016899,20160325
1016968,20160325
1016970,20160312
1016971,20160312
1016972,20160312
1016973,20160312
1016974,20160312
1016991,20160329
1016992,20160329
1016993,20160329
1016994,20160329
1016995,20160329
1016996,20160329
1016997,20160329
1016998,20160329
1016999,20160329
1017000,20160329
1017185,20160325
1017194,20160325
1017209,20160528
1017240,20160325
1017241,20160528
1017242,20160528
1017244,20160527
1017282,20160312
1017283,20160312
1017284,20160312
1017306,20160312
1017978,20160325
1024642,20160317
1024651,20160315
1024652,20160315
1024654,20160402
1024660,20160402
1024665,20160407
1024683,20160407
1024705,20160407
1024708,20160315
1024710,20160315
1024719,20160317
1024720,20160315
1024724,20160315
1024730,20160315
1024746,20160317
1024747,20160315
1024754,20160407
1024756,20160317
1024763,20160402
1024782,20160315
1024787,20160528
1024788,20160315
1024789,20160317
1024810,20160315
1024811,20160402
1024817,20160317
1024820,20160527
1025235,20160527
1025246,20160315
1025257,20160315
1025259,20160402
1025273,20160407
1025274,20160315
1025279,20160407
1025304,20160402
1025310,20160402
1025313,20160315
1025314,20160528
1025315,20160528
1025316,20160527
1025319,20160407
1025335,20160315
1025336,20160315
1025357,20160317
1025362,20160528
1025363,20160528
1025365,20160315
1025366,20160527
1031846,20160317
1033022,20160711
1033177,20160324
1033178,20160324
1033180,20160711
1033181,20160711
1033182,20160711
1033183,20160711
1033184,20160711
1033185,20160711
1033186,20160711
1033187,20160711
1033188,20160711
1033232,20160802
1033233,20160802
1033234,20160802
1033235,20160324
1033289,20160802
1033290,20160802
1033291,20160802
1033292,20160802
1033293,20160324
1033814,20160324
1033871,20160802
1033872,20160802
1033873,20160802
1033874,20160802
1033875,20160802
1033876,20160802
1033877,20160802
1033878,20160803
1033879,20160802
1033880,20160802
1033881,20160802
1033882,20160802
1033883,20160803
1033884,20160802
1033885,20160803
1033886,20160802
1033887,20160802
1033888,20160802
1033889,20160802
1033890,20160802
1033891,20160802
1033892,20160802
1033893,20160802
1033894,20160803
1033895,20160802
1033896,20160803
1033897,20160802
1033898,20160802
1033899,20160802
1033900,20160802
1033902,20160802
1033903,20160802
1033905,20160802
1033908,20160802
1033909,20160803
1033922,20160820
1033925,20160819
1033926,20160820
1033927,20160820
1033928,20160802
1033929,20160802
1033930,20160802
1033931,20160802
1033932,20160803
1033933,20160802
1033934,20160802
1033935,20160802
1033936,20160802
1033937,20160802
1033938,20160802
1033939,20160802
1033940,20160802
1035909,20160324
1035910,20160324
1035911,20160324
1035912,20160324
1035913,20160324
1043780,20160804
1043781,20160804
1043782,20160802
1043783,20160804
1044182,20160819
1044183,20160819
1044184,20160819
1044185,20160802
1044186,20160820
1044187,20160819
1044188,20160802
1044189,20160803
1044190,20160802
1044191,20160819
1044196,20160802
1044197,20160819
1044198,20160820
1044218,20160802
1044227,20160820
1044229,20160819
1044234,20160819
1044238,20160802
1044239,20160802
1044240,20160802
1044241,20160802
1044242,20160802
1044243,20160803
1044244,20160802
1044245,20160802
1044246,20160802
1044247,20160803
1044248,20160802
1044249,20160802
1044250,20160802
1044251,20160819
1044252,20160802
1044253,20160819
1044254,20160820
1044255,20160819
1044256,20160819
1044257,20160820
1044258,20160820
1044259,20160802
1044260,20160802
1044269,20160819
1044271,20160819
1044281,20160802
1044282,20160819
1044283,20160820
1044284,20160820
1044285,20160802
1044286,20160820
1044287,20160820
1044288,20160820
1044289,20160820
1044290,20160804
1044291,20160804
1044292,20160803
1044293,20160802
1044294,20160802
1044295,20160802
1044296,20160802
1044297,20160802
1044298,20160802
1044299,20160802
1044300,20160802
1044301,20160802
1044302,20160802
1044303,20160802
1044304,20160802
1044305,20160802
1044306,20160802
1044307,20160803
1044308,20160802
1044309,20160802
1044310,20160802
1044324,20160802
1044325,20160803
1044326,20160802
1044327,20160802
1044328,20160802
1044329,20160802
1044330,20160802
1044331,20160802
1044332,20160802
1044333,20160802
1044334,20160802
1044335,20160802
1044336,20160802
1044339,20160802
1044340,20160802
1044341,20160802
1044342,20160802
1044343,20160802
1044344,20160802
1044345,20160802
1044346,20160802
1044347,20160802
1044348,20160803
1044349,20160802
1044350,20160802
1044351,20160802
1044352,20160802
1044353,20160803
1044354,20160803
1044355,20160804
1044356,20160802
1044357,20160803
1044358,20160804
1044359,20160804
1044360,20160802
1044361,20160804
1044362,20160804
1044384,20160819
1044389,20160819
1044393,20160819
1044397,20160802
1044403,20160802
1044404,20160802
1044405,20160802
1044406,20160803
1044407,20160802
1044408,20160802
1044409,20160802
1044410,20160802
1044411,20160802
1044412,20160802
1044413,20160802
1044414,20160802
1044415,20160802
1044416,20160802
1044417,20160802
1044418,20160802
1044419,20160803
1044420,20160820
1044421,20160804
1044422,20160804
1044423,20160803
1044424,20160803
1044425,20160804
1044426,20160804
1044427,20160804
1044428,20160804
1044429,20160804
1044430,20160803
1044437,20160803
1053246,20160407
1053247,20160407
1053248,20160407
1053502,20160407
1053503,20160407
1070996,20160421
1070997,20160421
1070998,20160422
1070999,20160422
1071125,20160421
1071126,20160421
1071127,20160422
1071140,20160422
1071148,20160422
1071162,20160422
1071206,20160422
1071390,20160421
1071391,20160421
1071398,20160422
1071430,20160422
1071442,20160422
1072542,20160421
1079949,20160429
1081138,20160429
1081139,20160429
1081140,20160429
1081141,20160429
1081142,20160429
1081143,20160429
1081144,20160429
1092071,20160507
1092072,20160507
1092073,20160507
1092074,20160507
1092080,20160507
1092091,20160507
1092092,20160507
1092120,20160507
1092139,20160429
1092233,20160507
1092234,20160507
1092235,20160507
1092236,20160507
1092237,20160507
1092238,20160507
1092339,20160507
1092384,20160507
1101408,20240415
1109094,20160524
1120019,20160601
1120931,20160524
1120932,20160524
1120933,20160524
1120947,20160524
1120962,20160524
1120963,20160524
1120970,20160524
1120971,20160524
1120974,20160524
1120999,20160524
1121003,20160524
1121027,20160524
1121033,20160524
1123669,20160524
1123670,20160524
1123671,20160524
1123672,20160524
1123939,20160601
1123940,20160601
1123941,20160601
1123942,20160601
1123943,20160601
1128145,20160601
1128146,20160601
1128716,20160601
1128784,20160601
1144133,20160610
1144134,20160610
1144135,20160610
1144136,20160610
1144137,20160610
1144138,20160610
1144139,20160610
1144140,20160610
1144141,20160610
1144142,20160610
1171560,20160629
1171561,20160629
1171562,20160629
1171563,20160629
1171564,20160629
1171591,20160629
1171592,20160629
1171593,20160629
1171594,20160629
1179419,20160629
1220180,20160728
1220191,20160728
1220202,20160728
1220208,20160730
1220209,20160730
1220210,20160730
1220211,20160730
1220212,20160730
1220241,20160728
1220278,20160728
1220280,20160730
1220281,20160730
1220282,20160730
1220283,20160730
1220284,20160730
1220298,20160728
1220320,20160728
1220324,20160728
1237278,20160813
1239283,20160813
1243432,20160813
1243433,20160813
1243453,20160813
1243454,20160813
1243455,20160813
1243456,20160813
1243457,20160813
1243458,20160813
1243496,20160813
1243497,20160813
1243511,20160813
1243595,20160813
1255614,20160818
1255615,20160818
1255616,20160818
1255634,20160813
1255635,20160813
1255636,20160813
1255637,20160813
1255645,20160818
1255646,20160818
1255694,20160813
1265255,20160818
1265256,20160818
1265286,20160818
1265287,20160818
1265305,20160818
1277716,20160826
1277717,20160826
1277718,20160826
1277767,20160826
1277768,20160826
1277775,20160824
1277780,20160824
1277806,20160824
1277811,20160824
1277838,20160826
1277839,20160826
1277858,20160824
1277864,20160826
1277869,20160826
1277870,20160826
1277879,20201028
1277898,20160824
1277905,20160824
1277906,20160824
1277934,20160826
1287932,20160903
1287933,20160903
1287934,20160903
1287935,20160903
1287936,20160903
1287937,20160903
1287938,20160903
1287939,20160903
1287940,20160903
1287941,20160903
1287952,20201108
1356124,20250325
1356414,20161014
1365507,20161026
1365514,20161026
1365538,20161026
1365635,20161026
1365639,20161026
1365698,20161026
1380300,20161014
1385886,20250421
1385890,20240808
1385893,20240808
1386059,20161026
1386113,20161026
1386134,20161026
1388853,20161227
1391107,20170202
1391123,20170202
1391124,20161226
1391183,20170202
1391198,20170202
1402393,20161226
1407048,20161226
1407168,20161226
1407198,20161226
1407199,20201018
1407301,20161226
1407502,20161227
1407586,20170202
1407592,20170202
1407622,20170202
1407623,20170202
1407625,20170202
1412436,20161226
1414957,20170202
1415152,20170202
1415170,20170202
1415476,20170202
1415521,20170202
1415522,20170202
1415523,20170202
1415524,20170202
1415525,20170202
1415526,20170202
1415527,20170202
1415528,20170202
1415529,20170202
1415530,20170202
1415531,20170202
1415532,20170202
1415533,20170202
1415534,20170202
1415535,20170202
1415536,20170202
1415537,20170202
1415538,20170202
1415539,20170202
1415540,20170202
1415541,20170202
1415542,20170202
1415543,20170202
1415544,20170202
1415545,20170202
1415548,20170202
1415549,20170202
1415550,20170202
1415551,20170202
1415552,20170202
1415553,20170202
1415554,20170202
1415555,20170202
1415556,20170202
1415557,20170202
1415558,20170202
1415559,20170202
1415560,20170202
1415561,20170202
1415562,20170202
1415563,20170202
1415564,20170202
1415565,20170202
1415566,20170202
1415567,20170202
1415569,20170202
1415570,20170202
1415571,20170202
1415572,20170202
1415573,20170202
1415574,20170202
1415575,20170202
1415576,20170202
1415577,20170202
1415578,20170202
1415579,20170202
1415582,20170202
1415583,20170202
1415584,20170202
1415585,20170202
1415586,20170202
1415587,20170202
1415588,20170202
1415589,20170202
1415590,20170202
1415591,20170202
1415593,20170202
1415594,20170202
1415595,20170202
1415603,20170202
1415604,20170202
1415605,20170202
1415606,20170202
1415614,20170202
1415615,20170202
1415616,20170202
1415617,20170202
1415618,20170202
1415619,20170202
1415620,20170202
1415621,20170202
1415622,20170202
1415624,20170202
1415625,20170202
1415626,20170202
1415627,20170202
1415628,20170202
1415630,20170202
1415631,20170202
1415632,20170202
1415633,20170202
1415634,20170202
1415635,20170202
1415636,20170202
1415637,20170202
1415638,20170202
1415639,20170202
1415640,20170202
1415641,20170202
1415642,20170202
1415643,20170202
1415645,20170202
1415646,20170202
1415647,20170202
1415648,20170202
1415649,20170202
1415650,20170202
1415651,20170202
1415653,20170202
1415655,20170202
1415662,20170202
1415663,20170202
1415664,20170202
1415665,20170202
1415669,20170202
1415670,20170202
1415672,20170202
1415673,20170202
1415674,20170202
1415675,20170202
1415676,20170202
1415677,20170202
1415746,20170202
1417803,20170202
1417804,20170202
1417805,20170202
1417806,20170202
1417807,20170202
1417808,20170202
1417809,20170202
1417810,20170202
1417811,20170202
1417812,20170202
1417814,20170202
1417815,20170202
1417816,20170202
1417817,20170202
1417818,20170202
1417819,20170202
1417820,20170202
1417821,20170202
1417822,20170202
1417823,20170202
1417824,20170202
1417825,20170202
1417826,20170202
1417827,20170202
1417828,20170202
1417829,20170202
1417830,20170202
1417831,20170202
1417832,20170202
1417833,20170202
1417834,20170202
1417835,20170202
1417836,20170202
1417837,20170202
1417840,20170202
1417841,20170202
1417842,20170202
1417843,20170202
1417847,20170202
1417849,20170202
1417852,20170202
1417853,20170202
1417854,20170202
1417859,20170202
1417860,20170202
1417862,20170202
1417863,20170202
1417865,20170202
1417866,20170202
1417867,20170202
1417868,20170202
1417871,20170202
1417872,20170202
1417873,20170202
1417874,20170202
1417875,20170202
1417876,20170202
1417885,20170228
1417887,20170202
1417888,20170202
1417889,20170202
1417890,20170202
1417891,20170202
1417892,20170202
1417894,20170202
1417895,20170202
1417896,20170202
1417898,20170202
1417900,20170202
1417901,20170202
1417902,20170202
1417903,20170202
1417904,20170202
1417905,20170202
1417906,20170202
1417907,20170202
1417908,20170202
1417909,20170202
1417911,20170202
1417912,20170202
1417914,20170202
1421693,20170202
1431620,20201101
1431735,20170228
1432325,20161112
1445764,20161129
1445773,20161112
1445778,20161112
1445814,20161112
1445850,20161112
1445851,20161112
1445862,20161112
1447569,20161112
1448366,20161129
1448371,20161112
1448394,20161112
1448456,20201107
1448473,20170531
1448732,20161112
1448792,20161112
1448793,20161112
1457764,20201108
1457771,20170222
1457791,20161112
1458285,20170222
1461856,20170331
1462086,20161129
1464993,20170222
1465266,20201106
1479142,20161207
1482806,20161128
1482816,20161128
1482822,20161128
1482860,20161128
1482890,20201101
1484028,20161128
1484035,20161128
1484095,20161128
1484096,20161128
1484097,20161128
1484100,20161128
1498898,20201105
1499062,20201106
1500356,20201108
1501162,20161215
1501180,20161212
1501632,20201027
1504523,20201010
1505222,20201106
1507189,20201006
1514927,20201102
1516601,20170512
1516778,20230524
1521673,20220628
1521755,20170518
1521998,20170519
1523232,20201006
1523258,20201106
1526468,20201006
1526476,20201010
1528317,20201105
1530076,20201104
1530089,20201102
1533361,20170610
1533585,20201014
1534008,20170518
1535000,20201102
1535001,20201107
1536902,20201112
1540068,20201016
1540075,20201108
1540132,20201107
1542465,20201102
1562018,20201104
1568539,20201029
1591438,20201102
1595639,20250115
1640462,20170228
1640622,20170228
1642971,20170228
1643104,20170228
1643184,20170228
1652139,20170228
1652140,20170228
1652142,20170228
1710453,20210303
1759138,20170712
1759139,20170712
1759182,20170712
1759200,20170712
1759331,20170712
1759347,20170712
1759358,20170712
1759359,20170712
1759360,20170712
1782074,20191211
1797038,20240414
1863313,20170714
1863315,20170714
1863318,20170606
1863384,20170714
1863385,20170714
1863386,20170714
1863387,20170714
1863388,20170714
1863389,20170714
1863390,20170714
1863391,20170714
1872628,20250818
1872630,20170714
1872637,20170714
1872644,20170714
1872646,20170714
1872648,20170714
1872658,20170908
1872659,20170908
1872660,20170908
1872671,20170908
1872673,20170714
1872675,20170714
1872697,20170908
1872701,20170714
1872703,20170719
1872704,20170714
1872705,20170720
1872709,20170714
1872712,20170714
1872713,20250118
1872731,20170714
1872734,20170714
1872757,20170714
1872763,20170714
1872774,20170714
1872775,20170714
1872776,20170714
1872777,20170714
1872780,20170714
1872786,20170714
1872800,20170714
1872818,20170714
1872825,20170714
1882804,20170927
1882805,20170927
1882806,20170927
1882885,20170919
1882886,20170919
1883547,20170908
1883548,20170908
1883549,20170908
1898782,20201114
1906722,20220125
1941424,20201109
1941465,20211225
1991701,20240629
1992504,20201112
1992531,20240101
1998606,20260127
1998942,20240712
2009509,20251016
2009534,20220524
2016593,20251110
2018071,20240103
2024272,20240324
2024282,20210308
2024820,20220128
2024832,20230325
2024921,20240409
2029875,20201112
2038829,20171021
2043677,20251015
2054791,20171023
2061044,20171030
2069918,20230323
2074468,20210309
2078952,20250510
2079817,20230725
2080152,20240102
2080826,20240409
2087460,20250826
2087530,20240324
2087951,20171122
2099112,20210628
2101504,20240324
2102126,20221205
2102128,20211203
2102143,20221128
2102171,20180311
2102181,20250823
2102184,20201109
2102185,20241205
2102196,20240101
2104201,20171231
2104548,20230128
2104563,20230724
2104578,20240324
2104711,20221020
2105184,20251014
2105192,20250820
2105205,20211212
2105213,20180107
2105214,20171210
2105217,20221108
2106868,20221003
2108115,20230322
2108134,20241205
2108153,20241205
2108183,20241205
2109802,20210123
2109803,20221128
2109807,20171210
2109821,20250319
2109824,20171212
2109832,20171210
2109835,20210123
2109902,20210507
2109906,20171210
2111975,20201109
2114457,20230128
2115389,20201220
2117148,20240324
2117170,20240103
2121020,20230326
2121136,20180130
2128422,20230601
2131370,20201109
2131390,20230130
2132254,20221222
2137242,20180302
2140301,20210830
2140478,20250822
2146223,20240622
2146511,20240409
2146520,20231231
2146524,20200810
2149374,20251021
2150800,20251016
2151696,20251015
2153389,20240325
2159395,20220120
2161440,20240324
2169502,20190722
2187886,20230814
2187932,20230724
2188031,20190722
2188501,20250307
2194676,20220208
2201762,20240104
2203540,20240619
2203827,20240325
2203830,20240616
2204189,20250822
2214928,20230320
2232130,20251019
2232150,20240409
2232337,20240323
2237938,20240625
2238206,20250510
2244527,20240102
2244552,20251015
2244563,20240409
2253685,20211211
2253695,20230724
2253708,20190722
2253805,20240711
2254028,20240324
2285027,20250722
2285552,20240619
2285612,20230129
2286220,20240101
2286223,20230813
2288661,20240712
2288689,20240101
2288690,20240324
2288702,20231231
2288840,20251026
2288842,20230129
2297465,20230507
2305504,20240410
2313641,20230210
2316979,20180618
2317557,20180602
2332620,20230815
2332639,20251023
2336625,20210216
2336627,20230128
2345270,20190723
2345301,20230612
2347575,20240104
2356020,20240323
2356033,20230529
2358610,20251026
2364434,20251117
2374014,20240617
2374016,20240712
2374023,20251021
2374031,20251014
2374037,20240712
2374212,20250610
2374335,20240629
2374336,20240102
2374340,20251023
2374342,20251020
2382243,20240104
2382278,20230716
2382287,20240619
2382296,20230128
2390407,20240410
2390434,20231231
2397123,20230209
2397130,20251026
2397149,20240806
2405681,20240616
2405740,20240712
2405846,20240815
2413640,20190326
2413701,20240323
2413708,20251015
2419356,20240324
2424344,20251027
2424379,20180820
2424380,20180820
2424404,20180820
2424423,20180820
2424424,20180820
2424425,20180820
2424426,20180820
2424427,20180820
2424428,20180820
2424500,20251016
2425358,20230130
2431013,20240712
2431015,20230524
2431024,20231231
2431156,20251017
2431163,20251027
2431169,20251014
2435938,20251027
2435948,20190414
2435949,20190414
2436052,20250513
2441854,20230815
2444290,20190414
2444291,20190414
2444292,20190414
2444293,20190414
2444294,20190414
2444295,20190414
2444337,20251016
2445200,20240324
2453067,20240410
2453068,20240711
2453070,20230725
2460484,20240327
2460487,20240101
2460746,20190724
2468744,20190820
2468847,20251027
2468852,20230814
2470165,20190820
2470166,20190722
2472910,20240101
2472917,20190717
2472918,20190718
2473137,20240410
2474843,20250825
2474869,20230507
2479696,20251017
2479728,20190820
2483735,20230815
2484737,20190308
2485720,20190820
2485721,20190820
2485722,20190820
2485725,20190820
2485726,20190820
2485728,20190820
2487712,20190820
2488935,20190820
2488970,20190820
2490326,20190820
2490382,20190820
2490383,20190820
2490702,20190820
2490705,20190820
2491243,20190820
2491445,20190722
2491461,20240623
2491466,20240712
2491487,20190723
2496368,20250818
2500678,20190722
2500951,20210308
2501012,20240410
2501230,20230815
2507146,20190717
2507681,20240102
2507737,20240409
2508998,20190722
2511046,20190723
2512657,20250929
2512658,20250828
2512659,20250930
2513919,20251027
2515808,20190923
2516912,20190923
2516953,20190923
2516955,20190923
2516975,20190923
2516988,20190923
2516989,20190923
2516990,20190923
2516991,20190923
2516992,20190923
2518260,20190923
2520781,20190504
2524994,20250818
2525425,20231231
2526311,20240324
2526336,20240324
2526363,20240422
2526460,20210330
2526561,20251026
2526564,20190722
2526565,20230602
2526665,20250722
2526666,20191017
2526667,20250722
2526689,20220527
2526699,20190823
2526721,20250722
2528140,20190524
2528252,20190718
2528275,20240629
2528291,20190917
2528380,20201111
2529141,20190823
2529908,20230324
2529923,20240409
2531840,20190824
2533542,20211212
2533844,20230128
2536538,20190215
2537127,20190820
2537400,20190820
2537706,20190605
2537723,20191224
2537727,20190605
2537730,20190605
2537940,20200101
2537941,20190820
2537946,20190605
2537951,20190605
2537957,20190605
2538180,20190605
2538221,20190605
2538222,20190605
2538261,20190605
2539434,20190722
2541399,20190820
2541435,20221205
2541436,20190718
2541487,20190820
2542720,20190820
2542735,20190718
2542750,20190722
2542774,20190820
2547770,20190625
2548590,20190823
2548591,20190718
2549478,20190718
2549485,20190823
2549486,20190823
2549487,20190823
2549494,20190823
2549495,20190823
2549496,20190823
2549498,20190823
2549499,20190823
2549500,20190823
2549505,20190722
2549506,20190722
2549507,20190718
2549508,20190722
2549509,20190718
2549510,20190722
2549511,20190718
2549512,20190820
2549513,20190718
2549514,20190820
2549519,20190722
2549536,20190823
2549537,20190820
2549538,20190824
2549603,20190823
2549604,20190823
2549605,20190823
2549606,20190820
2549607,20190820
2549608,20190820
2549609,20190820
2549610,20190820
2549611,20190820
2549612,20190820
2549632,20190824
2549637,20190718
2549638,20190718
2549639,20190722
2549640,20190722
2549641,20190718
2549642,20190722
2549643,20190722
2549644,20190718
2549645,20190718
2549646,20190722
2549647,20190718
2549648,20190722
2549655,20190718
2549656,20190718
2549657,20190820
2549658,20190820
2549659,20190820
2549660,20190820
2549661,20190722
2549662,20190718
2549663,20190718
2549664,20190722
2549666,20190718
2550419,20190823
2550420,20190823
2550422,20190722
2550423,20190718
2550424,20190718
2550425,20190718
2550426,20190823
2550427,20190722
2550428,20190722
2550429,20190722
2550430,20190722
2550431,20190718
2550432,20190722
2550433,20190823
2550434,20190824
2550435,20190718
2550436,20190718
2550437,20190718
2550438,20190718
2550439,20190718
2550440,20190718
2550441,20190718
2550442,20190718
2550443,20190722
2550444,20190718
2550445,20190722
2550446,20190722
2550447,20190718
2550448,20190722
2550449,20190718
2550450,20190718
2550451,20190718
2550452,20190718
2550453,20190718
2550454,20190718
2550455,20190718
2550457,20190718
2550458,20190823
2550459,20190718
2550460,20190718
2550463,20190718
2550464,20190718
2550479,20190820
2550480,20190820
2550481,20190820
2550482,20190820
2550483,20190718
2550484,20190718
2550485,20190718
2550486,20190718
2550487,20190718
2550488,20190824
2550489,20190718
2550554,20190718
2550555,20190823
2550556,20190718
2550557,20190718
2550558,20190718
2550559,20190718
2550560,20190718
2550561,20190718
2550563,20190718
2550564,20190718
2550568,20190820
2550569,20190820
2550570,20190820
2550572,20190820
2550573,20190820
2550574,20190820
2550575,20190718
2550576,20190718
2550577,20190718
2550580,20190820
2550581,20190820
2550582,20190820
2550584,20190820
2550585,20190820
2550587,20190820
2550589,20190820
2550590,20190820
2550592,20190718
2550593,20190722
2550594,20190722
2550600,20190718
2550601,20190718
2550606,20190718
2550609,20190823
2550610,20190823
2550611,20190823
2550612,20190823
2550620,20190820
2550621,20190820
2550622,20190820
2550629,20190718
2550630,20190823
2550631,20190722
2550632,20190722
2550633,20190718
2550634,20190722
2550635,20190823
2550636,20190722
2550637,20190722
2550638,20190820
2550639,20190820
2550640,20190820
2550641,20190820
2550649,20190718
2550650,20190718
2550651,20190718
2550652,20190718
2550653,20190718
2550654,20190718
2550655,20190718
2550656,20190820
2550657,20190820
2550658,20190820
2550659,20190820
2550660,20190820
2551397,20190718
2551439,20190823
2551729,20190823
2554427,20190718
2554428,20190718
2554446,20190718
2554451,20190820
2554454,20190820
2554473,20190718
2554915,20190718
2554916,20190718
2554924,20190820
2554925,20190718
2554934,20190820
2554935,20190820
2554936,20190820
2554955,20190820
2554961,20190820
2554965,20190820
2554966,20190820
2554967,20190820
2554968,20190820
2554969,20190820
2554982,20190718
2554983,20190718
2554986,20190718
2554988,20190823
2554989,20190823
2554990,20190823
2554991,20190718
2555182,20190718
2555183,20190718
2555199,20190820
2555202,20190718
2555203,20190718
2555204,20190718
2555234,20190820
2555235,20190820
2555237,20190820
2555249,20190718
2555250,20190718
2555291,20190824
2555516,20190820
2555517,20190820
2555518,20190820
2555519,20190820
2555520,20190824
2555529,20190718
2555530,20190718
2555531,20190718
2555532,20190718
2555533,20190718
2555534,20190823
2555535,20190823
2555540,20190718
2555541,20190718
2556262,20190824
2556633,20240101
2556657,20190824
2556671,20190824
2557448,20190824
2557449,20190824
2557450,20190824
2557453,20190824
2557462,20190824
2557464,20190824
2557465,20190824
2557466,20190824
2557467,20190824
2557508,20190824
2557822,20190824
2557823,20190824
2557824,20190824
2557829,20190824
2557830,20190824
2557831,20190824
2557837,20190824
2557842,20190823
2557881,20190824
2557882,20190824
2557999,20190824
2558002,20190824
2558003,20190823
2558010,20190824
2558016,20190824
2558028,20190823
2558029,20190824
2558033,20190824
2558038,20190824
2558056,20190824
2558068,20190824
2558144,20190824
2558145,20190824
2558146,20190824
2558147,20190824
2558148,20190824
2558149,20190824
2558150,20190824
2558151,20190824
2558152,20190823
2558153,20190824
2558154,20190824
2558162,20190824
2558195,20190824
2558206,20190824
2561813,20251026
2565735,20190823
2565977,20190823
2567523,20251027
2568772,20190823
2569661,20190820
2569687,20190823
2569980,20190823
2570921,20190820
2571883,20190820
2574591,20190718
2574628,20190718
2574629,20190718
2576100,20190722
2576101,20190823
2576107,20190820
2576371,20190820
2576372,20190823
2576373,20190823
2576374,20190722
2576375,20190722
2576386,20190820
2576387,20190820
2576388,20190820
2576389,20190722
2576390,20190820
2576397,20190820
2576398,20190820
2576399,20190820
2576400,20190820
2576401,20190820
2576402,20190820
2576403,20190820
2576404,20190820
2576405,20190820
2576406,20190722
2576407,20190820
2576408,20190820
2576409,20190820
2576413,20190820
2576414,20190823
2576415,20190820
2576416,20190823
2576417,20190823
2576418,20190823
2576419,20190820
2576420,20190820
2576421,20190820
2576422,20190820
2576423,20190820
2576424,20190820
2576425,20190820
2576426,20190820
2576427,20190820
2576428,20190820
2576431,20190820
2576432,20190820
2576435,20190820
2576436,20190820
2576437,20190823
2576438,20190820
2576439,20190820
2576440,20190820
2576441,20190820
2576442,20190823
2576443,20190820
2576445,20190820
2576446,20190718
2576465,20190820
2576480,20190820
2578080,20190718
2578081,20190820
2578082,20190820
2578083,20190820
2578084,20190722
2578085,20190820
2578086,20190820
2578087,20190820
2578088,20190820
2578089,20190820
2578090,20190820
2578091,20190820
2578092,20190820
2578094,20190820
2578095,20190820
2578098,20190820
2578099,20190820
2578100,20190820
2578101,20190820
2578102,20190820
2578103,20190820
2578104,20190820
2578109,20190820
2578110,20190820
2578111,20190820
2578112,20190824
2578114,20190820
2578115,20190820
2578116,20190820
2578117,20190820
2578118,20190820
2578119,20190820
2578120,20190820
2578121,20190820
2578122,20190820
2578123,20190824
2578124,20190824
2578125,20190820
2578126,20190820
2578127,20190820
2578130,20190820
2578131,20190820
2578132,20190820
2578135,20190820
2578136,20190820
2578137,20190820
2578138,20190820
2578501,20190820
2578502,20190820
2578719,20190820
2578720,20190820
2578721,20190820
2578725,20190824
2578726,20190824
2578727,20190824
2578728,20190824
2578729,20190820
2578730,20190824
2578731,20190823
2578732,20190824
2578733,20190824
2578734,20190823
2578735,20190823
2578736,20190823
2578737,20190823
2578738,20190823
2578739,20190823
2578740,20190823
2578741,20190823
2578742,20190820
2578743,20190820
2578744,20190823
2578745,20190820
2578746,20190820
2578747,20190820
2578748,20190823
2578749,20190824
2578750,20190824
2578752,20190824
2578753,20190824
2578754,20190722
2578755,20190820
2578756,20190823
2578757,20190823
2578758,20190823
2578759,20190820
2578760,20190820
2578761,20190820
2578762,20190820
2578763,20190820
2578764,20190722
2578765,20190823
2578766,20190722
2578767,20190820
2578768,20190820
2578770,20190820
2578771,20190820
2578772,20190820
2578773,20190820
2578774,20190820
2581148,20220902
2581154,20190718
2581155,20190718
2582960,20221003
2584915,20220814
2587879,20190718
2587900,20240101
2587932,20201112
2587950,20230209
2588674,20190824
2589723,20210914
2591752,20230721
2596175,20190510
2600733,20200227
2601379,20240324
2606910,20190718
2608359,20190402
2608620,20240324
2611480,20201107
2618211,20201107
2620291,20190722
2620292,20190722
2624101,20190722
2624103,20190717
2624105,20190823
2629869,20190823
2629979,20190717
2629980,20190717
2629981,20190717
2629982,20190717
2629983,20190717
2629984,20190718
2629985,20190717
2629986,20190717
2629988,20190717
2629999,20190717
2630000,20190717
2630001,20190717
2630002,20190717
2630003,20190717
2630503,20190717
2630504,20190717
2630505,20190717
2630512,20190717
2630513,20190717
2630514,20190717
2630515,20190717
2630516,20190717
2630517,20190717
2630518,20190717
2630519,20190717
2630520,20190717
2630521,20190717
2630522,20190717
2630523,20190717
2630524,20190717
2630525,20190717
2630526,20190717
2630527,20190717
2630528,20190717
2630529,20190717
2630530,20190717
2630540,20190718
2630541,20190717
2630803,20190717
2630804,20190417
2630805,20190717
2630806,20190717
2630807,20190717
2630808,20190718
2630809,20190717
2630810,20190717
2630811,20190717
2630812,20190717
2630849,20190722
2630850,20190722
2630855,20190718
2630858,20190508
2637020,20190717
2637043,20190717
2637044,20190717
2637045,20190717
2637046,20190717
2637047,20190717
2637056,20190717
2637057,20190717
2637058,20190717
2637059,20190717
2637060,20190717
2637061,20190717
2637062,20190717
2637063,20190717
2637064,20190717
2637065,20190717
2637066,20190717
2637238,20190717
2637253,20190717
2637263,20190717
2637264,20190717
2637265,20190717
2637266,20190717
2637267,20190717
2637268,20190717
2637269,20190717
2637270,20190717
2637271,20190717
2637353,20190717
2637476,20190717
2637477,20190717
2637478,20190717
2637501,20190717
2638234,20190717
2639970,20190717
2639971,20190717
2644167,20190718
2645527,20190427
2645535,20190718
2645536,20190718
2645670,20190718
2646771,20190718
2648202,20190718
2663261,20190718
2667639,20190718
2667640,20190718
2667641,20190718
2668539,20190718
2668540,20190718
2668541,20190718
2670905,20190612
2693432,20190917
2693433,20190722
2693434,20190722
2693640,20190917
2695300,20190917
2695303,20190917
2695304,20190722
2695660,20190917
2700302,20190720
2700303,20190720
2700304,20190720
2700322,20190720
2700323,20190724
2700324,20190724
2700325,20190720
2700326,20190720
2700327,20190722
2700328,20190724
2700330,20190720
2700331,20190720
2700332,20190720
2700333,20190720
2700334,20190720
2700335,20190720
2700336,20190724
2700337,20190722
2700338,20190720
2700339,20190720
2700340,20190720
2700341,20190720
2700342,20190720
2700344,20190720
2700450,20190720
2700458,20190720
2700464,20190720
2700472,20190724
2700473,20190724
2700479,20190722
2700480,20190917
2700481,20190917
2709229,20190722
2709230,20190720
2709231,20190720
2709232,20190720
2709233,20190724
2709234,20190720
2709235,20190720
2709253,20190724
2709254,20190720
2709255,20190720
2709256,20190720
2709257,20190720
2709275,20211110
2709277,20190720
2709278,20190720
2709279,20190720
2709286,20190720
2709287,20190724
2709340,20210824
2712870,20190823
2712871,20190822
2715113,20190822
2715119,20190823
2715130,20190823
2715138,20190820
2715152,20190820
2715190,20190820
2715200,20190917
2715202,20191017
2715219,20190820
2715229,20190917
2715231,20191017
2715238,20191017
2715677,20190720
2715678,20190720
2721293,20190720
2721294,20190720
2721295,20190720
2721296,20190720
2730705,20190822
2730721,20190720
2730722,20190823
2730723,20190822
2730724,20190823
2730725,20190823
2730726,20190822
2730727,20190822
2730728,20190823
2730729,20190823
2730740,20190720
2730741,20190720
2730742,20190720
2736697,20190823
2736716,20190822
2736751,20190823
2736752,20190823
2736837,20190823
2736865,20190823
2736868,20190823
2736876,20190823
2737380,20190823
2737425,20190823
2737426,20190823
2737427,20190822
2737428,20190823
2752880,20190820
2754832,20190820
2754833,20190820
2754834,20190820
2755501,20190820
2755620,20190820
2761204,20190820
2761214,20190820
2761215,20190820
2761218,20190820
2761386,20190820
2761387,20190820
2761388,20190820
2761389,20190820
2761390,20190820
2761391,20190820
2761392,20190820
2761393,20190820
2761394,20190820
2761395,20190820
2761398,20190820
2761399,20190820
2761400,20190820
2761401,20190820
2761402,20190820
2761403,20190820
2761404,20190820
2761405,20190820
2761406,20190820
2761407,20190820
2761408,20190820
2761409,20190820
2761410,20190820
2761411,20190820
2761412,20190820
2761413,20190820
2761414,20190820
2761415,20190820
2761416,20190820
2761417,20190820
2761418,20190820
2761419,20190820
2761420,20190820
2761421,20190820
2761422,20190820
2761423,20190820
2761424,20190820
2761425,20190820
2761426,20190820
2761427,20190820
2761428,20190820
2761429,20190820
2761436,20190820
2761437,20190820
2761439,20190820
2761442,20190820
2761614,20190820
2761615,20190820
2761616,20190820
2761617,20190820
2761618,20190820
2761619,20190820
2761620,20190820
2761621,20190820
2761622,20190820
2761623,20190820
2761624,20190820
2761625,20190820
2761626,20190820
2761627,20190820
2761628,20190820
2761629,20190820
2761630,20190820
2761631,20190820
2761632,20190820
2761633,20190820
2761634,20190820
2761635,20190820
2761636,20190820
2761637,20190820
2761638,20190820
2761639,20190820
2761640,20190820
2761641,20190820
2761642,20190820
2761643,20190820
2761644,20190820
2761645,20190820
2761646,20190820
2761647,20190820
2761648,20190820
2761649,20190820
2761650,20190820
2761651,20190820
2761652,20190820
2761653,20190820
2761654,20190820
2761657,20190820
2761658,20190820
2761659,20190820
2761660,20190820
2761661,20190820
2761662,20190820
2761663,20190820
2761664,20190820
2761665,20190820
2761666,20190820
2761667,20190820
2761668,20190820
2761669,20190820
2761673,20190820
2761674,20190820
2761675,20190820
2761676,20190820
2761677,20190820
2761678,20190820
2761679,20190820
2761680,20190820
2761681,20190820
2761815,20190820
2761816,20190820
2761817,20190820
2761818,20190820
2761822,20190820
2761823,20190820
2761824,20190820
2761825,20190820
2761826,20190820
2761827,20190820
2761828,20190820
2761829,20190820
2761830,20190820
2761831,20190820
2761835,20190820
2761836,20190820
2761837,20190820
2761838,20190820
2761839,20190820
2761840,20190820
2761844,20190820
2761845,20190820
2761846,20190820
2761847,20190820
2761848,20190820
2761851,20190820
2761852,20190820
2761853,20190820
2761854,20190820
2761861,20190820
2761862,20190820
2761863,20190820
2761864,20190820
2761868,20190820
2761869,20190820
2761870,20190820
2761871,20190820
2761872,20190820
2761873,20190820
2761874,20190820
2761875,20190820
2761876,20190820
2761877,20190820
2761878,20190820
2761879,20190820
2761880,20190820
2761881,20190820
2761882,20190820
2761886,20190820
2761887,20190820
2761888,20190820
2761889,20190820
2761893,20190820
2761894,20190820
2761895,20190820
2761896,20190820
2761897,20190820
2763864,20190820
2763906,20190820
2763914,20190820
2764222,20190820
2764237,20190820
2764329,20190820
2764428,20190820
2764998,20190820
2772080,20190820
2772092,20190820
2772099,20190820
2772100,20190820
2772101,20190820
2772102,20190820
2772111,20190820
2772121,20190820
2772122,20190820
2772123,20190820
2772124,20190820
2772126,20190820
2772131,20190820
2772132,20190820
2772134,20190820
2772138,20190820
2772348,20190820
2772349,20190820
2772374,20190820
2772375,20190820
2772376,20190820
2782924,20190917
2782925,20190917
2782926,20190917
2782927,20190917
2790340,20190917
2796103,20190917
2799355,20190917
2799356,20190917
2799357,20190917
2799358,20190917
2799973,20190917
2799974,20190917
2799975,20190917
2799976,20190917
2799977,20190917
2799978,20190917
2799979,20190917
2799980,20190917
2799981,20190917
2799982,20190917
2799984,20190917
2799985,20190917
2799986,20190917
2799987,20190917
2799988,20190917
2799989,20190917
2799990,20190917
2799991,20190917
2799992,20190917
2799993,20190917
2799994,20190917
2799995,20190917
2799996,20190917
2799997,20190917
2799998,20190917
2799999,20190917
2800000,20190917
2800009,20190917
2800010,20190917
2800011,20190917
2800012,20190917
2800013,20190917
2800014,20190917
2800015,20190917
2800016,20190917
2800017,20190917
2800018,20190917
2800019,20190917
2800020,20190917
2800021,20190917
2800022,20190917
2800023,20190917
2800024,20190917
2800026,20190917
2800027,20190917
2800030,20190917
2800031,20190917
2800032,20190917
2800033,20190917
2800034,20190917
2800035,20190917
2800037,20190917
2800038,20190917
2800039,20190917
2800040,20190917
2800041,20190917
2800042,20190917
2800043,20190917
2802309,20190917
2802310,20190917
2802311,20190917
2802312,20190917
2802313,20190917
2802315,20190917
2802316,20190917
2802317,20190917
2802318,20190917
2802319,20190917
2802320,20190917
2802321,20190917
2802322,20190917
2802323,20190917
2802324,20190917
2802326,20190917
2802327,20190917
2802328,20190917
2802329,20190917
2802330,20190917
2802331,20190917
2802332,20190917
2802333,20190917
2802334,20190917
2802335,20190917
2802336,20190917
2802337,20190917
2802338,20190917
2802339,20190917
2802340,20190917
2802341,20190917
2802342,20190917
2802343,20190917
2802344,20190917
2802345,20190917
2802346,20190917
2802347,20190917
2802348,20190917
2802349,20190917
2802350,20190917
2802351,20190917
2802352,20190917
2802353,20190917
2802354,20190917
2802355,20190917
2802356,20190917
2802357,20190917
2802358,20190917
2802359,20190917
2802360,20190917
2802361,20190917
2802362,20190917
2802363,20190917
2802364,20190917
2802365,20190917
2802366,20190917
2802367,20190917
2802368,20190917
2802369,20190917
2802370,20190917
2802371,20190917
2802372,20190917
2802373,20190917
2802374,20190917
2802375,20190917
2802376,20190917
2802377,20190917
2802378,20190917
2802444,20190917
2802445,20190917
2802446,20190917
2802447,20190917
2802448,20190917
2802449,20190917
2802450,20190917
2802451,20190917
2802452,20190917
2802453,20190917
2802454,20190917
2802455,20190917
2802456,20190917
2802457,20190917
2802458,20190917
2802463,20190917
2802464,20190917
2802465,20190917
2802466,20190917
2802467,20190917
2802468,20190917
2802469,20190917
2802470,20190917
2802471,20190917
2802472,20190917
2802476,20190917
2802477,20190917
2802478,20190917
2802479,20190917
2802480,20190917
2802481,20190917
2802483,20190917
2802484,20190917
2802485,20190917
2802486,20190917
2802487,20190917
2802488,20190917
2802494,20190917
2802495,20190917
2802496,20190917
2802497,20190917
2802552,20190917
2802553,20190917
2802554,20190917
2802555,20190917
2802556,20190917
2802560,20190917
2802561,20190917
2802562,20190917
2802563,20190917
2802564,20190917
2802565,20190917
2802566,20190917
2802567,20190917
2802568,20190917
2802569,20190917
2802571,20190917
2802572,20190917
2802573,20190917
2802574,20190917
2802576,20190917
2802577,20190917
2802578,20190917
2802579,20190917
2802584,20190917
2802585,20190917
2802586,20190917
2802587,20190917
2802588,20190917
2802589,20190917
2802590,20190917
2802591,20190917
2802592,20190917
2802593,20190917
2802594,20190917
2802621,20190917
2802622,20190917
2802624,20190917
2802625,20190917
2804752,20190917
2804770,20190917
2804776,20190917
2806786,20190917
2806793,20190917
2806794,20190917
2806805,20190917
2806807,20190917
2806969,20191014
2806970,20191014
2806971,20191014
2806989,20190917
2806992,20190917
2806993,20190917
2806995,20190917
2806996,20190917
2806997,20190917
2806998,20190917
2806999,20190917
2807001,20190917
2807003,20190917
2807019,20190917
2807023,20190917
2807029,20190917
2807030,20190917
2807031,20190917
2807040,20190917
2807041,20190917
2807042,20190917
2807043,20190917
2807045,20190917
2807064,20190917
2807133,20190917
2807134,20190917
2807159,20190917
2807160,20190917
2807161,20190917
2807162,20190917
2807163,20190917
2807164,20190917
2807165,20190917
2807167,20190917
2807168,20190917
2807169,20190917
2807170,20190917
2807171,20190917
2807173,20190917
2807174,20190917
2807176,20190917
2807177,20190917
2807178,20190917
2807180,20190917
2807181,20190917
2807182,20190917
2807185,20190917
2807186,20190917
2807187,20190917
2807188,20190917
2807189,20190917
2807190,20190917
2807191,20190917
2807192,20190917
2807193,20190917
2807617,20191017
2807618,20191017
2807619,20191017
2807620,20190917
2807621,20190917
2807624,20190917
2807625,20190917
2807626,20190917
2807627,20190917
2807629,20190917
2807630,20190917
2807631,20190917
2807653,20190917
2807661,20190917
2807662,20190917
2807666,20190917
2807670,20190917
2807671,20190917
2807677,20190917
2809721,20191017
2810062,20191014
2810250,20191014
2814380,20201025
2815023,20191017
2815024,20191017
2815025,20191017
2819680,20191014
2819700,20191014
2819720,20191014
2821523,20191017
2821544,20191017
2828106,20191122
2828114,20191017
2828645,20250824
2833531,20191208
2833549,20191017
2833556,20191017
2833656,20191017
2833657,20191017
2833660,20191017
2833705,20191017
2833706,20191017
2833709,20191017
2833710,20191017
2833712,20191017
2833713,20191017
2833714,20191017
2833715,20191017
2833716,20191017
2833717,20191017
2833858,20191121
2833862,20191017
2833863,20191017
2833864,20191017
2833865,20191017
2833866,20191121
2833867,20191121
2833868,20191121
2833869,20191121
2833870,20191121
2833871,20191120
2833872,20191121
2833879,20191121
2836913,20191017
2836914,20191017
2836915,20191017
2836916,20191017
2836917,20191017
2838997,20191017
2839018,20191017
2839019,20191017
2839020,20191017
2839021,20191017
2839740,20191017
2839762,20191017
2842024,20191214
2842042,20200806
2844253,20191017
2846561,20191122
2846562,20191122
2846576,20191017
2846577,20191122
2846846,20191121
2846861,20191017
2846862,20191017
2846863,20191017
2850548,20191121
2850554,20191122
2850555,20191122
2850659,20191121
2850670,20191017
2850857,20191121
2850858,20191120
2850859,20191121
2850860,20191121
2850861,20191120
2861887,20191214
2861901,20191122
2861908,20191122
2874224,20191214
2874715,20191122
2874716,20191122
2874717,20191122
2877193,20191122
2877194,20191122
2877195,20191122
2882048,20250818
2882078,20191122
2887639,20191122
2890365,20250827
2890985,20191122
2891517,20250824
2891920,20191122
2891942,20191122
2891943,20191122
2900188,20210308
2902706,20240423
2908470,20191214
2908545,20191214
2912225,20240419
2912588,20191214
2912589,20191214
2912590,20191214
2912597,20191214
2912645,20191214
2912646,20191214
2912647,20191214
2918361,20191214
2921623,20200806
2921627,20200806
2921653,20200806
2923128,20191214
2923129,20191214
2923130,20191214
2923131,20191214
2923166,20191214
2925119,20191214
2925121,20191214
2925142,20191214
2925221,20191214
2925222,20191214
2925223,20191214
2925224,20191214
2925225,20191214
2925226,20191214
2925227,20191214
2925228,20191214
2925229,20191214
2925230,20191214
2925259,20191214
2925265,20191214
2925280,20210506
2929182,20191214
2929189,20191214
2929287,20191214
2930205,20200806
2930328,20200806
2930337,20200806
2930429,20200806
2930430,20200806
2930431,20200806
2930432,20200806
2930433,20200806
2930434,20200806
2930435,20200806
2930436,20200806
2930437,20200806
2930438,20200806
2930447,20200806
2930448,20200806
2930616,20200806
2930622,20200806
2930821,20200806
2930873,20200806
2930874,20200806
2930875,20200806
2933895,20210516
2934668,20201020
2934795,20201025
2934797,20210921
2934798,20210128
2934799,20220528
2934800,20210921
2934801,20210227
2934802,20230206
2934803,20210128
2934804,20210419
2934805,20221003
2934807,20221205
2934809,20211205
2934811,20210506
2934812,20210506
2934813,20210506
2934815,20210506
2934816,20201025
2934817,20210506
2934818,20200209
2934819,20200806
2934820,20210506
2934821,20210508
2934822,20210506
2934823,20210506
2934825,20210506
2937629,20200927
2939237,20201025
2939281,20220705
2953321,20200806
2953495,20250824
2953528,20191229
2965971,20250818
2966416,20200806
2966435,20200806
2966437,20200806
2966438,20200806
2966445,20200806
2966448,20200806
2966620,20200806
2968331,20200702
2975903,20200806
2981761,20200806
2985320,20201204
2985322,20201204
2990150,20200919
2993369,20240423
2993879,20240423
2993896,20200221
2993904,20200919
3009799,20201204
3009910,20200806
3015315,20200919
3015316,20200919
3015317,20200919
3015318,20200806
3015332,20200919
3015335,20200919
3015389,20200919
3015390,20200919
3015409,20200919
3017472,20200806
3017502,20200806
3021004,20200919
3021005,20200919
3023732,20200919
3023733,20200919
3023734,20200919
3023735,20200919
3023736,20200919
3023737,20200919
3023738,20200919
3024512,20200806
3024546,20200919
3024722,20200919
3024723,20200919
3033408,20211021
3033437,20200806
3033438,20200806
3033439,20200806
3057440,20250216
3070427,20220128
3080308,20200318
3083468,20200806
3083469,20200806
3083470,20200927
3083511,20210128
3094187,20200806
3094188,20200806
3094189,20200806
3113299,20200430
3113300,20200430
3113301,20200430
3121469,20200502
3121487,20200501
3121488,20200502
3121504,20200501
3121505,20200430
3121524,20200430
3121526,20200430
3121527,20200502
3121528,20200501
3124866,20211127
3124886,20220321
3125478,20200501
3127910,20200803
3131699,20210516
3131724,20200430
3131725,20200430
3131726,20200430
3136209,20200501
3136325,20200506
3141847,20200516
3144225,20200502
3144304,20200502
3145483,20200803
3164608,20210128
3173440,20210128
3180780,20210125
3183453,20200830
3191826,20200809
3191971,20210128
3194063,20200925
3210199,20210614
3218499,20200919
3218500,20200810
3218501,20200810
3218502,20200810
3218503,20200810
3218504,20200919
3218505,20200810
3218506,20200919
3218507,20200702
3218521,20210128
3218522,20200702
3218524,20200702
3218532,20200810
3218538,20210128
3218541,20200810
3218544,20200810
3219305,20210724
3219310,20210724
3219315,20200919
3219325,20200810
3219330,20200919
3219334,20210724
3219340,20200919
3219344,20200810
3219348,20210724
3219350,20210724
3219351,20210724
3219463,20200810
3219464,20210128
3219473,20210724
3219474,20210724
3219475,20210128
3219483,20200810
3223311,20200812
3225941,20200919
3226015,20200810
3226016,20200810
3226017,20200810
3226018,20200810
3226024,20200810
3226080,20200921
3228457,20200810
3235768,20200803
3235891,20200803
3237284,20200803
3237430,20200803
3237433,20200803
3237434,20200803
3237435,20200803
3237438,20200803
3237439,20200803
3237455,20200803
3237464,20200810
3237465,20200810
3237466,20200810
3244335,20200810
3245352,20200810
3246784,20200810
3246785,20200810
3246790,20200810
3247630,20200806
3247631,20200806
3247632,20200806
3247633,20200810
3247634,20200810
3247635,20200806
3247636,20200812
3257552,20200806
3257553,20200812
3257554,20200806
3257555,20200806
3257556,20200812
3257557,20200812
3257558,20200806
3257559,20200812
3257560,20200812
3257561,20200806
3257562,20200806
3257563,20200812
3257564,20200806
3257565,20200806
3257566,20200806
3257567,20200812
3257568,20200812
3257569,20200812
3257570,20200812
3257571,20200812
3257572,20200810
3257573,20200810
3257575,20200806
3257576,20200806
3257577,20200806
3257578,20200806
3257579,20200806
3257580,20200812
3257581,20200806
3257582,20200812
3257583,20200812
3257584,20200806
3257585,20200812
3257586,20200812
3257587,20200812
3257588,20200812
3257589,20200812
3257590,20200806
3257591,20200806
3257592,20200812
3257594,20200810
3257595,20200923
3257596,20200812
3257598,20200812
3257599,20200806
3257600,20200806
3257601,20200812
3257602,20200806
3257603,20200806
3257604,20200806
3257696,20200806
3257697,20200806
3257698,20200806
3257699,20200812
3257700,20200812
3257701,20200812
3257702,20200810
3257703,20200810
3257704,20200810
3257705,20200806
3257706,20200810
3257709,20200812
3257714,20200810
3257715,20200812
3257716,20200812
3257717,20200810
3257718,20200806
3257719,20200810
3257720,20200810
3257721,20200810
3257722,20200810
3257723,20200810
3257724,20200810
3257725,20200810
3257727,20200806
3257728,20200806
3257729,20200810
3257730,20200810
3257731,20200810
3257732,20200810
3257733,20200810
3257734,20200812
3257736,20200810
3257737,20200810
3257738,20200812
3257739,20200812
3257740,20200806
3257741,20200812
3257742,20200806
3257743,20200806
3257744,20200812
3257745,20200812
3257785,20200806
3257786,20200810
3257787,20200812
3257788,20200810
3257789,20200806
3257790,20200806
3257791,20200812
3257792,20200812
3257793,20200812
3257794,20200812
3257795,20200806
3257796,20200810
3257797,20200810
3257798,20200812
3257799,20200810
3257800,20200810
3257801,20200810
3257802,20200806
3257803,20200806
3257804,20200806
3257805,20200806
3257807,20200812
3257808,20200812
3257809,20200812
3257810,20200812
3257811,20200812
3257812,20200806
3257813,20200806
3257814,20200806
3257815,20200810
3257816,20200810
3257817,20200810
3257818,20200810
3257819,20200810
3257820,20200810
3257821,20200812
3257822,20200812
3257823,20200812
3265962,20200806
3265963,20200806
3265968,20200812
3265969,20200812
3265970,20200812
3265971,20200806
3265972,20200812
3265973,20200812
3265974,20200806
3265975,20200806
3265977,20200812
3265978,20200812
3265979,20200806
3265980,20200921
3265981,20200920
3265982,20200806
3265983,20200920
3265984,20200812
3265985,20200812
3265986,20200806
3265987,20200806
3265988,20200812
3265989,20200812
3265990,20200806
3265992,20200923
3265993,20200806
3265994,20200810
3265995,20200812
3265997,20200806
3265998,20200806
3265999,20200812
3266000,20200806
3266001,20200812
3266003,20200806
3266061,20200810
3266063,20200810
3266064,20200810
3266065,20211021
3266067,20200812
3266068,20200810
3266069,20200812
3266070,20200810
3266071,20200812
3266072,20200812
3266073,20200810
3266074,20200921
3266075,20200810
3266076,20200810
3266077,20200812
3266078,20200810
3266079,20200810
3266080,20200810
3266083,20200806
3266084,20200810
3266085,20200810
3266086,20200810
3266087,20200810
3266088,20200810
3266089,20200810
3266090,20200810
3266091,20200920
3266093,20200810
3266094,20200810
3266095,20200810
3266096,20200812
3266097,20200812
3266098,20200812
3266103,20200810
3266104,20200810
3266105,20200810
3266106,20200812
3266108,20200810
3266109,20200812
3266110,20200812
3266111,20200812
3266112,20200812
3266113,20200810
3266149,20200812
3266154,20200806
3266155,20200810
3266156,20200810
3266157,20200812
3266158,20200923
3266159,20200923
3266160,20200812
3266161,20200812
3266162,20200806
3266163,20200806
3266164,20200806
3266165,20200806
3266166,20200921
3266167,20200812
3266168,20200812
3266169,20200812
3266170,20200812
3266171,20200812
3266172,20200920
3266173,20200806
3266174,20200806
3266177,20200812
3266178,20200921
3266180,20200812
3266181,20200812
3266182,20200812
3266183,20200812
3266184,20200810
3266185,20200810
3266186,20200810
3284533,20220627
3284534,20220627
3284553,20220627
3284556,20220627
3284557,20220627
3284558,20200821
3284559,20220627
3284571,20220627
3284572,20220627
3284573,20220627
3284596,20220627
3290797,20200921
3290892,20200921
3290893,20200921
3290894,20200921
3291622,20200920
3291625,20200921
3302741,20200921
3308080,20200921
3312086,20200920
3314447,20200927
3323043,20200927
3323050,20200927
3323051,20200927
3323052,20200927
3323053,20200927
3323054,20200927
3323055,20200927
3323059,20200927
3323060,20200927
3323061,20200920
3323062,20200920
3323063,20200927
3323064,20200921
3323065,20200921
3323066,20200921
3323075,20200927
3323076,20200927
3323077,20200927
3323078,20200921
3323080,20200927
3323081,20200927
3323082,20200927
3323083,20200927
3323084,20200927
3323086,20200927
3323087,20200920
3323089,20200927
3323092,20200927
3323093,20200927
3323155,20200920
3323156,20200921
3323157,20200921
3323158,20200921
3323159,20200927
3323160,20200927
3323161,20200921
3323162,20200921
3323163,20200921
3323164,20200920
3323165,20200920
3323166,20200920
3323169,20200927
3323171,20200927
3323172,20200921
3323173,20200921
3323174,20200928
3323176,20200920
3323177,20200920
3323178,20200927
3323179,20200920
3323181,20200927
3323182,20200927
3323183,20200921
3323184,20200921
3323185,20200921
3323186,20200928
3323187,20200928
3323188,20200921
3323189,20200927
3323190,20200928
3323191,20200927
3323193,20200927
3323195,20200920
3323196,20200921
3323197,20200921
3323198,20200927
3323201,20200921
3323204,20200927
3323205,20200927
3323206,20200927
3323207,20200920
3323208,20200927
3323209,20200927
3323211,20200927
3323212,20200927
3323213,20200927
3323214,20200927
3323270,20200921
3323271,20200927
3323272,20200920
3323273,20200927
3323274,20200927
3323275,20200927
3323276,20200927
3323277,20200921
3323278,20200927
3323279,20200927
3323280,20200927
3323281,20200928
3323283,20200921
3323284,20201102
3323286,20200927
3323287,20200927
3323288,20200920
3323291,20200920
3323297,20200920
3323298,20200927
3323299,20200920
3323300,20200927
3323303,20200927
3323304,20200927
3323305,20200927
3323306,20200927
3323307,20200927
3323308,20200927
3323309,20200928
3323313,20200927
3323314,20200927
3323315,20200927
3323316,20200927
3323317,20200927
3323318,20200927
3323319,20200927
3323320,20200927
3326182,20200920
3326205,20200927
3326219,20200921
3326918,20200920
3326921,20200927
3326922,20200927
3326935,20200921
3326939,20200921
3331664,20200920
3331948,20200927
3331949,20200927
3331950,20200927
3331951,20200927
3331952,20200927
3331953,20200927
3331954,20200927
3331955,20200927
3331958,20200927
3331959,20200927
3331960,20200927
3331961,20200927
3331962,20200927
3331963,20200927
3331964,20200927
3331965,20200927
3331966,20200921
3331967,20200928
3331968,20200928
3331969,20200920
3331978,20200927
3331979,20200927
3331980,20200927
3331981,20200927
3331982,20200927
3331983,20200927
3331984,20200927
3331985,20200927
3331986,20200927
3331987,20200927
3331988,20200927
3331992,20200927
3331993,20200927
3331994,20200927
3331995,20200921
3331996,20200920
3331997,20200920
3331998,20200927
3331999,20200927
3332000,20200927
3332001,20200927
3332065,20200921
3332066,20200920
3332069,20200920
3332070,20200920
3332071,20200920
3332072,20200920
3332073,20200921
3332075,20200927
3332076,20200927
3332077,20200928
3332078,20200920
3332079,20200927
3332081,20200927
3332082,20250823
3332084,20200927
3332085,20200921
3332086,20200927
3332087,20200921
3332088,20200928
3332089,20200921
3332090,20200928
3332091,20200921
3332093,20200920
3332094,20200927
3332095,20200920
3332096,20200927
3332097,20200921
3332098,20200927
3332105,20200921
3332106,20200927
3332107,20200920
3332108,20200927
3332109,20200927
3332110,20200927
3332111,20200927
3332112,20200927
3332113,20200927
3332114,20200927
3332119,20200927
3332120,20200927
3332121,20200927
3332122,20200927
3332123,20200927
3332124,20200927
3332125,20200927
3332126,20200927
3332183,20201025
3333894,20200927
3333895,20200927
3333899,20200927
3333903,20200927
3333909,20200927
3333910,20200927
3333911,20200927
3333912,20200927
3333913,20200927
3333914,20200927
3333915,20200927
3333916,20200927
3333917,20200927
3333921,20200927
3333922,20200927
3333923,20200927
3333924,20200927
3333925,20200927
3333926,20200927
3333927,20200927
3333928,20200927
3333929,20200927
3333930,20200927
3333931,20200927
3336982,20220926
3336983,20210128
3338616,20201206
3341577,20210830
3342800,20201025
3342801,20201025
3342818,20201025
3344551,20201025
3344570,20201025
3344578,20201201
3354016,20201025
3355574,20201020
3355899,20201025
3359550,20201025
3361200,20201025
3361208,20201025
3361209,20201025
3361211,20201025
3361215,20201020
3361421,20201020
3361422,20201020
3361423,20201020
3361424,20201020
3361425,20201020
3361426,20201020
3361427,20201020
3361428,20201025
3361429,20201025
3361430,20201025
3361431,20201025
3361435,20201025
3361441,20201025
3361443,20201025
3361447,20201025
3361448,20201025
3361449,20201025
3361450,20201025
3361451,20201025
3361452,20201025
3361532,20201025
3361534,20201025
3361536,20201025
3361556,20201025
3361563,20201020
3361564,20201020
3361583,20201020
3361584,20201020
3361586,20201025
3361588,20201025
3361590,20201025
3361592,20201025
3361594,20201025
3361596,20201025
3362108,20201201
3364456,20201025
3364913,20201111
3369614,20201020
3369617,20201101
3371289,20201101
3371325,20201020
3371329,20201101
3372726,20240525
3372731,20201201
3372737,20201201
3372750,20201201
3372751,20201201
3372752,20201201
3372753,20201201
3372755,20201201
3372756,20201201
3372757,20201201
3372776,20201025
3372777,20201025
3372778,20201025
3372779,20201025
3372989,20201201
3373003,20201025
3373004,20201025
3373005,20201025
3374368,20201025
3374373,20201025
3374380,20201201
3374381,20201201
3374392,20201020
3374402,20201020
3377403,20201031
3379369,20201201
3379380,20201201
3379382,20201201
3379486,20201201
3379488,20201201
3379500,20201201
3379508,20201201
3379511,20201201
3379617,20201201
3379625,20201201
3379629,20201201
3379631,20201201
3389765,20201201
3389773,20211217
3389779,20201120
3397225,20201201
3397273,20201201
3397293,20201201
3405756,20201114
3405759,20201113
3405766,20201201
3405767,20201121
3405768,20201201
3405769,20201201
3405770,20201204
3405771,20201201
3405772,20201201
3405773,20201201
3405774,20201201
3405775,20201201
3405776,20201201
3405777,20201201
3405778,20201201
3405779,20201201
3405780,20201201
3407213,20201201
3407214,20201201
3407215,20201201
3407216,20201201
3407220,20201201
3407221,20201201
3407222,20201201
3407223,20201201
3407224,20201201
3407225,20201201
3407226,20201201
3407227,20201201
3407228,20201201
3407229,20201201
3407230,20201201
3407240,20201201
3407241,20201201
3407242,20201201
3407243,20201201
3407244,20201201
3407570,20201201
3407571,20201201
3407572,20201201
3407573,20201201
3407575,20201201
3407576,20201201
3407577,20201201
3407578,20201201
3407579,20201201
3407594,20201201
3407595,20201201
3407596,20201201
3407597,20201201
3407598,20201201
3407599,20201201
3407600,20201201
3407601,20201201
3417069,20201201
3417070,20201204
3417071,20201201
3417072,20201201
3417073,20201201
3417078,20210119
3417210,20201201
3417211,20201201
3417212,20201201
3417213,20210119
3417214,20210119
3417215,20210119
3417216,20201201
3417222,20201201
3417235,20210119
3417247,20210119
3417248,20210119
3417282,20201201
3418567,20210119
3418569,20210119
3418571,20210119
3418573,20210119
3418575,20210119
3418577,20210119
3418579,20210119
3418584,20210119
3418586,20210119
3418593,20210119
3418614,20201201
3418615,20201201
3424251,20201125
3426648,20210117
3426649,20210117
3426653,20210125
3426667,20210117
3426668,20210125
3426687,20210125
3426695,20210125
3426696,20210125
3426699,20210125
3426700,20210125
3426701,20210125
3426762,20210117
3426771,20210125
3426772,20210125
3426780,20210125
3426782,20210125
3426788,20210125
3426796,20210125
3426797,20210125
3426798,20210125
3426799,20210125
3426800,20210117
3426801,20210125
3426802,20210125
3426803,20210125
3426804,20210117
3426805,20210125
3426806,20210125
3426807,20210117
3426808,20210117
3426809,20210125
3426811,20210125
3426812,20210125
3426814,20210125
3426815,20210125
3426907,20210125
3426985,20210125
3426989,20210125
3426994,20210117
3426997,20210117
3427000,20210125
3427003,20210125
3427004,20210125
3427009,20210117
3427023,20210125
3427030,20210125
3427031,20210125
3427035,20210117
3427040,20210125
3427041,20210125
3427046,20210125
3429586,20201201
3429599,20201201
3429602,20210117
3429603,20210117
3429604,20210117
3433616,20201217
3433637,20210110
3433648,20201217
3434483,20210125
3434484,20210128
3434485,20210128
3434486,20210125
3434487,20210125
3434488,20210125
3434669,20210128
3434670,20210125
3437600,20201204
3437601,20201211
3437602,20201205
3437603,20201206
3437604,20201216
3437605,20201205
3437606,20201207
3437607,20210126
3437608,20210127
3437609,20210126
3437610,20201229
3437611,20210128
3437612,20210128
3437613,20210128
3437614,20210128
3438085,20201217
3438191,20201216
3438656,20201206
3438661,20201208
3438662,20210113
3438663,20201206
3438666,20201209
3438680,20201204
3439136,20201211
3440406,20201208
3443395,20201210
3443435,20201213
3443437,20201222
3443440,20201216
3443444,20201209
3443447,20210108
3443448,20210106
3443452,20210118
3443457,20210227
3443458,20210227
3443459,20210227
3443460,20201210
3443461,20210227
3443462,20210227
3443463,20210227
3443464,20210227
3443465,20210227
3443466,20210227
3443976,20250306
3445325,20201209
3445909,20210110
3446142,20201210
3446251,20201223
3446259,20210110
3448518,20210128
3448892,20210117
3448893,20210128
3448896,20210128
3448897,20210128
3448911,20201228
3448912,20210128
3448913,20210112
3448922,20210128
3448923,20210117
3448924,20201219
3448925,20201214
3451160,20210128
3451171,20210115
3451404,20210103
3451418,20201220
3451438,20201228
3451445,20201217
3452676,20201219
3452677,20201229
3452678,20201216
3452681,20201217
3452683,20201228
3452684,20201229
3453408,20201217
3455984,20201218
3455985,20201220
3459885,20210121
3459925,20201228
3459926,20201226
3459928,20201228
3462163,20201226
3466040,20201228
3466060,20201228
3467741,20201230
3467760,20201229
3467833,20201231
3472397,20210119
3472398,20210111
3472399,20210109
3472428,20210112
3475058,20210109
3476749,20210117
3476750,20210117
3476751,20210117
3476752,20210117
3476753,20210117
3476754,20210117
3476755,20210117
3476761,20210128
3476772,20210128
3476775,20210128
3476778,20210128
3476782,20210128
3477234,20210128
3477235,20210128
3477264,20210117
3477273,20210128
3477276,20210128
3477282,20210117
3477283,20210117
3477308,20210128
3477309,20210128
3477310,20210128
3477382,20210128
3479675,20210117
3480852,20210117
3480853,20210117
3486163,20210120
3489468,20210227
3489992,20210223
3489993,20210130
3489995,20210207
3492217,20210227
3492218,20210227
3492246,20210227
3492732,20210227
3492746,20210227
3492749,20210227
3492863,20210227
3492864,20210227
3492865,20210208
3492866,20210227
3492867,20210227
3492868,20210227
3492869,20210227
3492873,20210227
3492874,20210227
3492875,20210227
3492879,20210227
3492881,20210227
3492882,20210227
3492885,20210227
3492886,20210126
3492892,20210227
3492893,20210227
3492894,20210227
3492896,20210227
3492898,20210227
3492900,20210227
3492901,20210227
3492903,20210227
3492920,20210227
3492928,20210227
3492929,20210227
3492930,20210227
3492932,20210227
3492934,20210227
3492937,20210227
3492941,20210227
3492949,20210227
3495921,20210126
3495922,20210126
3495923,20210411
3496734,20210227
3496781,20210126
3498433,20210207
3501068,20210206
3501076,20210207
3501265,20210207
3501284,20210207
3506335,20210207
3506347,20210205
3506356,20210307
3506357,20210307
3507296,20210307
3507304,20210206
3509225,20210213
3509589,20210207
3509860,20210207
3511143,20210208
3511161,20210207
3511162,20210208
3519027,20210307
3519428,20211210
3523244,20210227
3523245,20210227
3523246,20210227
3523247,20210227
3523248,20210227
3523249,20210227
3523250,20210227
3523251,20210227
3523253,20210227
3523255,20210227
3523257,20210307
3523259,20210301
3523262,20210307
3523263,20210307
3523264,20210227
3523265,20210227
3523268,20210307
3523269,20210307
3523271,20210227
3523275,20210301
3523277,20210307
3523278,20210307
3523279,20210307
3523280,20210307
3523284,20210307
3523285,20210307
3523286,20210307
3523287,20210307
3523288,20210307
3523289,20210227
3523290,20210227
3523291,20210227
3523292,20210227
3523293,20210227
3531285,20210307
3531286,20210301
3531287,20210301
3531288,20210301
3531289,20210301
3531290,20210301
3531291,20210301
3531292,20210301
3531293,20210301
3531294,20210307
3531295,20210307
3531296,20210307
3531297,20210307
3531298,20210307
3531299,20210227
3531301,20210301
3531302,20210301
3531303,20210301
3531304,20210307
3531305,20210227
3531306,20210301
3531307,20210227
3531308,20210227
3531309,20210301
3531310,20210301
3531313,20210301
3531314,20210301
3531315,20210301
3531316,20210301
3531317,20210301
3531318,20210301
3531319,20210301
3531322,20210307
3531323,20210307
3531324,20210227
3531325,20210227
3531326,20210227
3531327,20210227
3531328,20210301
3531329,20210301
3531330,20210301
3531331,20210301
3531332,20210227
3531333,20210227
3531334,20210227
3532486,20210227
3532487,20210227
3532488,20210227
3532489,20210227
3532490,20210307
3532491,20210227
3532492,20210227
3532493,20210307
3532494,20210307
3532495,20210301
3532496,20210307
3532497,20210307
3532498,20210307
3532499,20210307
3532500,20210307
3532501,20210307
3532502,20210307
3532503,20210307
3532504,20210307
3532505,20210227
3532506,20210227
3532507,20210227
3532508,20210227
3532509,20210227
3532510,20210301
3532511,20210307
3532512,20210307
3532513,20210307
3532515,20210307
3532516,20210307
3532517,20210307
3532518,20210307
3532519,20210301
3532520,20210301
3532521,20210307
3532522,20210307
3532523,20210227
3532524,20210307
3532525,20210307
3532528,20210307
3532529,20210307
3532534,20210307
3532535,20210307
3532536,20210301
3532537,20210301
3532538,20210412
3532539,20210412
3532540,20210412
3532541,20210412
3532542,20210307
3532543,20210307
3532544,20210307
3532545,20210307
3533782,20210307
3533783,20210307
3533784,20210301
3533785,20210301
3533789,20210301
3533790,20210307
3533791,20210307
3533793,20210307
3533796,20210301
3533797,20210307
3533798,20210307
3533799,20210307
3533836,20210411
3533840,20210227
3533841,20210227
3533844,20210307
3533845,20210307
3533848,20210301
3533851,20210307
3533853,20210307
3533854,20210227
3533855,20210307
3533856,20210227
3533857,20210227
3533858,20210227
3533860,20210307
3533861,20210307
3533862,20210307
3533863,20210307
3533864,20210307
3538316,20210228
3538516,20210411
3538517,20210411
3538580,20210411
3538581,20210411
3538582,20210411
3538583,20210414
3538584,20210411
3538585,20210414
3538586,20210414
3538587,20210414
3538588,20210411
3538589,20210411
3538590,20210411
3538591,20210414
3538592,20210414
3538593,20210411
3538594,20210411
3538595,20210411
3538596,20210411
3538597,20210411
3538598,20210411
3538599,20210411
3538600,20210411
3538601,20210411
3538602,20210411
3538603,20210411
3538604,20210411
3538605,20210411
3538606,20210411
3538607,20210414
3538608,20210414
3538609,20210414
3538610,20210414
3538611,20210414
3538612,20210411
3538613,20210414
3538614,20210414
3538615,20210414
3538616,20210414
3538617,20210411
3538618,20210414
3538619,20210411
3538620,20210411
3538621,20210411
3538622,20210411
3538623,20210411
3538624,20210411
3538625,20210414
3538626,20210411
3538627,20210414
3538628,20210411
3538629,20210411
3538630,20210411
3538631,20210411
3538632,20210414
3538633,20210414
3538634,20210414
3538635,20210411
3538636,20210411
3538637,20210411
3538638,20210411
3538639,20210411
3538640,20210412
3538641,20210411
3538642,20210414
3538643,20210414
3538644,20210414
3538645,20210414
3538646,20210414
3538647,20210414
3538648,20210414
3538649,20210411
3538650,20210411
3538651,20210411
3538652,20210411
3538653,20210411
3538654,20210411
3538655,20210411
3538656,20210411
3538657,20210411
3538658,20210411
3538659,20210414
3538660,20210411
3538661,20210411
3538662,20210411
3538663,20210411
3538664,20210411
3538665,20210411
3538666,20210411
3538667,20210411
3538668,20210411
3538669,20210411
3538670,20210411
3538671,20210411
3538672,20210411
3538673,20210414
3538675,20210411
3538676,20210411
3538677,20210414
3538678,20210414
3538679,20210411
3538680,20210411
3538681,20210411
3538682,20210411
3538683,20210414
3538684,20210414
3538685,20210414
3538686,20210411
3538687,20210411
3538688,20210411
3538689,20210411
3539834,20210301
3539836,20210411
3539846,20210412
3539850,20210411
3539852,20210412
3539853,20210411
3539930,20210411
3539931,20210411
3539932,20210411
3539933,20210411
3539934,20210411
3539935,20210411
3539936,20210411
3539937,20210414
3539938,20210411
3539939,20210411
3539945,20210411
3539952,20210304
3539960,20210411
3539961,20210411
3539962,20210306
3539963,20210414
3539964,20210411
3539965,20210411
3539966,20210411
3539967,20210411
3539968,20210411
3539969,20210411
3539970,20210411
3539971,20210411
3539972,20210411
3539973,20210411
3539974,20210411
3539975,20210411
3539976,20210411
3539977,20210411
3539978,20210414
3539979,20210411
3539980,20210411
3539981,20210414
3539982,20210411
3539983,20210411
3539984,20210411
3539985,20210411
3539986,20210411
3539987,20210411
3539988,20210411
3539989,20210414
3539990,20210411
3539991,20210411
3539992,20210411
3540023,20210412
3540024,20210411
3543067,20210304
3543085,20210412
3545815,20210411
3545834,20210411
3545846,20210412
3545847,20210411
3545848,20210411
3550722,20210420
3550723,20210506
3550724,20210506
3550725,20210415
3550726,20210506
3550727,20210506
3550728,20210415
3550730,20210419
3550731,20210415
3550732,20210419
3550735,20210415
3550736,20210415
3550737,20210415
3550738,20210415
3550739,20210415
3550740,20210415
3550741,20210415
3550742,20210415
3550743,20210415
3550746,20210415
3550749,20210415
3550750,20210415
3550752,20210506
3550753,20210415
3550754,20210415
3550755,20210415
3554868,20210328
3578107,20210415
3578223,20210419
3578224,20210419
3578225,20210419
3578226,20210419
3578227,20210419
3578228,20210419
3578229,20210415
3578230,20210415
3578233,20210415
3578234,20210419
3578235,20210415
3578236,20210415
3578237,20210415
3578238,20210419
3578239,20210415
3578240,20210419
3578241,20210415
3578242,20210415
3578243,20210415
3578244,20210415
3578245,20210415
3578246,20210415
3578247,20210415
3578248,20210415
3578249,20210415
3578250,20210419
3578251,20210415
3578252,20210415
3578253,20210415
3578254,20210415
3578255,20210415
3578256,20210415
3578257,20210415
3578258,20210420
3578259,20210420
3578260,20210419
3578261,20210419
3578262,20210419
3578263,20210415
3578264,20210419
3578265,20210415
3578266,20210415
3578267,20210415
3578268,20210415
3578269,20210415
3578270,20210415
3578271,20210419
3578272,20210419
3578273,20210419
3578274,20210415
3578275,20210415
3580895,20210415
3580896,20210419
3580897,20210415
3580898,20210415
3580899,20210419
3580900,20210415
3580901,20210415
3580902,20210415
3580903,20210415
3580904,20210419
3580905,20210415
3580906,20210415
3580907,20210415
3580908,20210419
3580909,20210419
3580910,20210415
3580911,20210415
3580912,20210415
3580913,20210511
3580914,20210511
3580915,20210415
3580916,20210419
3580917,20210415
3580918,20210415
3580919,20210415
3580920,20210415
3580921,20210415
3580922,20210415
3580923,20210415
3580924,20210415
3580925,20210415
3580926,20210415
3580927,20210415
3580928,20210415
3580929,20210415
3580930,20210415
3580931,20210511
3580932,20210419
3580933,20210415
3580934,20210415
3580935,20210420
3580936,20210420
3580939,20210419
3580940,20210415
3580941,20210415
3580942,20210415
3580943,20210415
3580944,20210415
3580945,20210415
3580946,20210415
3580947,20210415
3580948,20210415
3580949,20210415
3580950,20210419
3580951,20210415
3580952,20210415
3580953,20210415
3580954,20210415
3580955,20210415
3580956,20210415
3580957,20210415
3580958,20210415
3580959,20210415
3580961,20210415
3580963,20210415
3580964,20210415
3580965,20210420
3584610,20210415
3584611,20210420
3584612,20210415
3584613,20210506
3584614,20210415
3584615,20210420
3584616,20210415
3584619,20210415
3585667,20210415
3585669,20210415
3590355,20210419
3590356,20210419
3590357,20210508
3590358,20210506
3590359,20210506
3590360,20210415
3590361,20210415
3590362,20210506
3590363,20210506
3590364,20210415
3590365,20210415
3590366,20210506
3590367,20210415
3590368,20210415
3590369,20210415
3590370,20210415
3590371,20210415
3590378,20210419
3590379,20210415
3590380,20210415
3590381,20210415
3590382,20210415
3590383,20210415
3590384,20210415
3590385,20210415
3590386,20210415
3590387,20210415
3590388,20210511
3590389,20210511
3590390,20210511
3590391,20210419
3590392,20210415
3590393,20210419
3590394,20210415
3590395,20210420
3590396,20210415
3590397,20210415
3590400,20210415
3590401,20210419
3590402,20210415
3590403,20210419
3590404,20210415
3590405,20210419
3590406,20210420
3590487,20210415
3590488,20210415
3590489,20210419
3590490,20210415
3590491,20210415
3590492,20210415
3590493,20210415
3590494,20210415
3590495,20210415
3590496,20210415
3590497,20210415
3590502,20210415
3590503,20210415
3590504,20210506
3590505,20210506
3590506,20210415
3590507,20210415
3590508,20210415
3590509,20210415
3590510,20210415
3590511,20210415
3590513,20210415
3590514,20210415
3590515,20210415
3590516,20210415
3590517,20210415
3590518,20210415
3590520,20210415
3590521,20210415
3590522,20210415
3590523,20210415
3590524,20210511
3590526,20210415
3590529,20210506
3590530,20210508
3590531,20210415
3590532,20210415
3590533,20210415
3590534,20210415
3590535,20210415
3590536,20210415
3590537,20210415
3590538,20210415
3590539,20210415
3590540,20210415
3590541,20210419
3590542,20210419
3590543,20210415
3590544,20210415
3590545,20210415
3590546,20210415
3590547,20210415
3596697,20210506
3596698,20210506
3596699,20210506
3596700,20210506
3596701,20210508
3596704,20210506
3596705,20210506
3596709,20210506
3596710,20210506
3596714,20210506
3596715,20210508
3596716,20210506
3596717,20210506
3596718,20210506
3596719,20210506
3596720,20210506
3596721,20210506
3596728,20210511
3596729,20210506
3596733,20210506
3596735,20210508
3596742,20210508
3596743,20210508
3596745,20210506
3596749,20210506
3596750,20210511
3596752,20210506
3596753,20210506
3596754,20210506
3596769,20210506
3596783,20210508
3596792,20210508
3596794,20210506
3596795,20210506
3596796,20210506
3596797,20210506
3596798,20210511
3596799,20210511
3596801,20210511
3596802,20210511
3596803,20210511
3596804,20210508
3596805,20210508
3596806,20210508
3596807,20210506
3596808,20210508
3596823,20210508
3596828,20210506
3596897,20210508
3596899,20210508
3597054,20210508
3597055,20210508
3597056,20210508
3597059,20210508
3598799,20210508
3600435,20210508
3600686,20210508
3604290,20210430
3604295,20210429
3604457,20210508
3606778,20210428
3609161,20210429
3612933,20210612
3612934,20210612
3612935,20210612
3612936,20210612
3612937,20210612
3612938,20210612
3612939,20210612
3612947,20210506
3612948,20210506
3612951,20210508
3612952,20210508
3612953,20210508
3612954,20210506
3612955,20210506
3612956,20210506
3612974,20210612
3613170,20210508
3613171,20211129
3613172,20211205
3613173,20211129
3613174,20210508
3613175,20210612
3613176,20210612
3613177,20211129
3613178,20211205
3613179,20211205
3613180,20211205
3613181,20210508
3613183,20210508
3613189,20210508
3613190,20210508
3613196,20210508
3613205,20210612
3613206,20210612
3613207,20210612
3613208,20210508
3613213,20210508
3613214,20210508
3613217,20210508
3613227,20210612
3613231,20210612
3613232,20210612
3613233,20210612
3613234,20210612
3613237,20210612
3613238,20210612
3613239,20210612
3613240,20210508
3613763,20210506
3613769,20210430
3613770,20210430
3613771,20210430
3613772,20210430
3613773,20210430
3613774,20210430
3613775,20210506
3613778,20210508
3613783,20210506
3613788,20210430
3613804,20210506
3613805,20210429
3613810,20210430
3613814,20210430
3613815,20210430
3613816,20210430
3613817,20210623
3614942,20210429
3614946,20210430
3614947,20210430
3614949,20210430
3614951,20210430
3614952,20210519
3617929,20210508
3617952,20210430
3618263,20210508
3622955,20210612
3622956,20210612
3622957,20210612
3622969,20210506
3622970,20210506
3622975,20210506
3622976,20210506
3622977,20210506
3622986,20210506
3623806,20210623
3623836,20210612
3623837,20210612
3623839,20210612
3623849,20210623
3623856,20210612
3623857,20210612
3623858,20210612
3623859,20210612
3623863,20210612
3623864,20210612
3640378,20210526
3647229,20210612
3647230,20210612
3647231,20210612
3647232,20210612
3647233,20210612
3659837,20210612
3659838,20210612
3659839,20210612
3659840,20210612
3659841,20210612
3659842,20210612
3659843,20210612
3659844,20210612
3659845,20210612
3659846,20210612
3659847,20210612
3659848,20210612
3659849,20210612
3659850,20210612
3659851,20210612
3659853,20210612
3659854,20210612
3659855,20210612
3659856,20210612
3659857,20210612
3659858,20210612
3659859,20210612
3659860,20210612
3659861,20210612
3659862,20210612
3659863,20210612
3659930,20210612
3659932,20210612
3659981,20210612
3660027,20210612
3660028,20210612
3660030,20210612
3660031,20210612
3660032,20210612
3660033,20210612
3660034,20210612
3660035,20210612
3660036,20210612
3660037,20210612
3660038,20210612
3660039,20210612
3660040,20210612
3660041,20210612
3660042,20210612
3660043,20210612
3660044,20210612
3660045,20210612
3660046,20210612
3660047,20210612
3660048,20210612
3660049,20210612
3660050,20210612
3660051,20210612
3660052,20210612
3660053,20210612
3660054,20210612
3660055,20210612
3660057,20210612
3660059,20210612
3660060,20210612
3660061,20210612
3660062,20210612
3660065,20210612
3660066,20210612
3660067,20210612
3660068,20210612
3660069,20210612
3660071,20210612
3660104,20210612
3660105,20210612
3660106,20210612
3660107,20210612
3660108,20210612
3660109,20210609
3660110,20210612
3660111,20210612
3660112,20210612
3660113,20210612
3660114,20210612
3667550,20210612
3667551,20210612
3667552,20210612
3667553,20210612
3667554,20210612
3667555,20210612
3667556,20210612
3667557,20210612
3667558,20210612
3667559,20210612
3667560,20210612
3667561,20210612
3667562,20210612
3667563,20210612
3667564,20210612
3667567,20210612
3667568,20210612
3667569,20210612
3667570,20210612
3667571,20210612
3667572,20210612
3667573,20210612
3667574,20210612
3667575,20210612
3667576,20210612
3668547,20210612
3668549,20210612
3668550,20210612
3668551,20210612
3668552,20210612
3668553,20210612
3668554,20210612
3668555,20210612
3668556,20210612
3668557,20210612
3668558,20210612
3668559,20210612
3668560,20210612
3668561,20210612
3668562,20210612
3668564,20210612
3668567,20210612
3668568,20210612
3668569,20210612
3668570,20210612
3668573,20210612
3668574,20210612
3668575,20210612
3668576,20210612
3668577,20210612
3668578,20210612
3668581,20210612
3668582,20210612
3668583,20210612
3668584,20210612
3668585,20210612
3668586,20210612
3668588,20210612
3668589,20210612
3668591,20210612
3668592,20210612
3668593,20210612
3668594,20210612
3668595,20210612
3668596,20210612
3668597,20210612
3668598,20210612
3673997,20210730
3673998,20210730
3674004,20210730
3674024,20210730
3674031,20210730
3674038,20210730
3674041,20210730
3674043,20210730
3674044,20210730
3674045,20210730
3674051,20210730
3674054,20210730
3674055,20210730
3674061,20210730
3674068,20210730
3674082,20210730
3674083,20210730
3674084,20210730
3675443,20210624
3675515,20210630
3675516,20210627
3675517,20210630
3675518,20210628
3675519,20210629
3675520,20210705
3675521,20210628
3675522,20210705
3675580,20210701
3681970,20210919
3681971,20210810
3681972,20210728
3681974,20210725
3681976,20210810
3681978,20210808
3681979,20210921
3681980,20210808
3681981,20210810
3681982,20210809
3681983,20210917
3681984,20210807
3681985,20210917
3681986,20210809
3682098,20210809
3682163,20250823
3682165,20210730
3682166,20210730
3682168,20210730
3682170,20210730
3682171,20210730
3682172,20210730
3682173,20210730
3682176,20210730
3682177,20210730
3682178,20210730
3682179,20210730
3682180,20210730
3682184,20210730
3682185,20210730
3682186,20210730
3682223,20210921
3682229,20210809
3682230,20210917
3682310,20220121
3682311,20220122
3682312,20220122
3682313,20220122
3682314,20220122
3682315,20220121
3682316,20220121
3682317,20220121
3682318,20220122
3682319,20220122
3684646,20210917
3684647,20210921
3684659,20210805
3684925,20210719
3690064,20210809
3692774,20210817
3692775,20210920
3692776,20210917
3692777,20210917
3692778,20210917
3692779,20210919
3692780,20210917
3692781,20210919
3692782,20210919
3692783,20210919
3692784,20210919
3692786,20210921
3692787,20210919
3692788,20210919
3692789,20210917
3692790,20210917
3692791,20210917
3692792,20210917
3693144,20210917
3693172,20220121
3693173,20220121
3693174,20220121
3693175,20220122
3693176,20220121
3693177,20220122
3693178,20220122
3693179,20220121
3693180,20220121
3693181,20220122
3707442,20210805
3707443,20210805
3707444,20210805
3707445,20210805
3707446,20210805
3707447,20210805
3707448,20210805
3707449,20210921
3707453,20210921
3707459,20210926
3707467,20210917
3707468,20210917
3707469,20210917
3707470,20210805
3707471,20210805
3707472,20210921
3707473,20210917
3707474,20210917
3707475,20210926
3707477,20210917
3707478,20210917
3707479,20210917
3707480,20210917
3707481,20210917
3707482,20210917
3707483,20210926
3707484,20210917
3707485,20210917
3707486,20210917
3707487,20210921
3707488,20210921
3707489,20210926
3709005,20210805
3709006,20210805
3709007,20210805
3709008,20210805
3709009,20210805
3709010,20210805
3709011,20210805
3709012,20210805
3709013,20210805
3709014,20210805
3709015,20210926
3709016,20210917
3709017,20210917
3709019,20210921
3709060,20210926
3709061,20210917
3709062,20210917
3709063,20210917
3709065,20210921
3709066,20210926
3709068,20210917
3709069,20210917
3709070,20210921
3709072,20210926
3709073,20210926
3709075,20210805
3709076,20210805
3709078,20210917
3709079,20210926
3709080,20210926
3709081,20210917
3709082,20210926
3709083,20210926
3709084,20210917
3709085,20210921
3709086,20210926
3709088,20210917
3709090,20210921
3709091,20210917
3709092,20210926
3709094,20210917
3709095,20210926
3709096,20210917
3709101,20210926
3709105,20210805
3709106,20210926
3709129,20210720
3716461,20210805
3716463,20210921
3716467,20210926
3716468,20210917
3716471,20210926
3716472,20210917
3716473,20210917
3716474,20210917
3716475,20210917
3716476,20210917
3716477,20210917
3716479,20210921
3716485,20210926
3716487,20210805
3716488,20210805
3716489,20210917
3716492,20210921
3716493,20210921
3716494,20210921
3716495,20210917
3716496,20210921
3716497,20210921
3716498,20210921
3716499,20210921
3716500,20210917
3716501,20210926
3716502,20210917
3716503,20210928
3716504,20210919
3716505,20210919
3716506,20210917
3716507,20210917
3716568,20210919
3716569,20210919
3716570,20210916
3716571,20210917
3716572,20210917
3716573,20210919
3716574,20210919
3716575,20210919
3716576,20210919
3716577,20210921
3716578,20210919
3716579,20210920
3716580,20210919
3716581,20210919
3716582,20210921
3716583,20210920
3716584,20210922
3716585,20210922
3716586,20210919
3716587,20210919
3716588,20210928
3716589,20210917
3716590,20210916
3716591,20210928
3716592,20210919
3716593,20210919
3716594,20210921
3716595,20210917
3716597,20210921
3716598,20210917
3716599,20210805
3716600,20210805
3716601,20210919
3716602,20210919
3716603,20210919
3716604,20210919
3716605,20210921
3716606,20210921
3716607,20210919
3716608,20220121
3716609,20220122
3716610,20210919
3716611,20210919
3716612,20210917
3716613,20210917
3716614,20210917
3716615,20210917
3716616,20210917
3716617,20210919
3716618,20210921
3716619,20210919
3716620,20210919
3716621,20210916
3716622,20210919
3716623,20210919
3716624,20210919
3716625,20210805
3716626,20210805
3716627,20210805
3716628,20210921
3725896,20210919
3725897,20210919
3725900,20210919
3725902,20210917
3725903,20210917
3725904,20210917
3725905,20210917
3725906,20210916
3725907,20210921
3725910,20210917
3725915,20210917
3725919,20210919
3725921,20210919
3725922,20210917
3725923,20210919
3725928,20210917
3725929,20210917
3725930,20210917
3725931,20210728
3725932,20210917
3725933,20210917
3725934,20210920
3725935,20210919
3725936,20210919
3725937,20210919
3725938,20210919
3725939,20210919
3725940,20210919
3725941,20210916
3725942,20210917
3725943,20210920
3725944,20210917
3725946,20210919
3725947,20210919
3725948,20210919
3725949,20210921
3725950,20210921
3725952,20210919
3725953,20210919
3725954,20210919
3725955,20210919
3725956,20210919
3725957,20210919
3725958,20210919
3725959,20210919
3725960,20210919
3725961,20210919
3725962,20210919
3725963,20210917
3725964,20210917
3725965,20210921
3725969,20210919
3725970,20210917
3725972,20210921
3725973,20210917
3725974,20210917
3725975,20210921
3725976,20210921
3725977,20210921
3725978,20210919
3725979,20210919
3725980,20210919
3725981,20210919
3725982,20210921
3725983,20210919
3725984,20210921
3725985,20210919
3725986,20210917
3725987,20210917
3725988,20210917
3725991,20210919
3725992,20210919
3725995,20210917
3725998,20210919
3725999,20210917
3726000,20210919
3726001,20210919
3726002,20210919
3726003,20210917
3726004,20210919
3726005,20210919
3726007,20210919
3726010,20210917
3726011,20210917
3726046,20210921
3726047,20210921
3726048,20210921
3726049,20210921
3726054,20210921
3726059,20210921
3726061,20210921
3726063,20210921
3726064,20210919
3726065,20210921
3726066,20210928
3726067,20210928
3734699,20210806
3740080,20210817
3740081,20210818
3746683,20210827
3758705,20210921
3760376,20210902
3760920,20210917
3760948,20210917
3760951,20220522
3760952,20220524
3760953,20220524
3761321,20211015
3761327,20220524
3761328,20220524
3761329,20220524
3761330,20220524
3761331,20220524
3761332,20220524
3761333,20220522
3764977,20210917
3764978,20210917
3764982,20210921
3764997,20210921
3765002,20210921
3765023,20210921
3765024,20210921
3765039,20210921
3765040,20210921
3765041,20210921
3765042,20210921
3765043,20210921
3765044,20210921
3765045,20210921
3765047,20211015
3765048,20211015
3765049,20211015
3765050,20211015
3765051,20211015
3765052,20211015
3765053,20211015
3765054,20211015
3765055,20211015
3765056,20211015
3765057,20211015
3765058,20211015
3765059,20211015
3765060,20211015
3765061,20211015
3765062,20211015
3765063,20210917
3765064,20210917
3765065,20210921
3765070,20210917
3765071,20210917
3765072,20210917
3765073,20210917
3765074,20210921
3765078,20211016
3765081,20210921
3765082,20210921
3765083,20211015
3765084,20211015
3765085,20211015
3765087,20211015
3765088,20211015
3765089,20211015
3765090,20211015
3765091,20211015
3765092,20211015
3765093,20211015
3765094,20211015
3765095,20211015
3765096,20211015
3765097,20211015
3765098,20211015
3765099,20211015
3765100,20211015
3765101,20211015
3765102,20211015
3765103,20211015
3767549,20210921
3767586,20210917
3769451,20210917
3769459,20211016
3769475,20210917
3769703,20211016
3769724,20211015
3769725,20210917
3769726,20211015
3770626,20211016
3770627,20211015
3770628,20211015
3770631,20210914
3770634,20211015
3770636,20210914
3770637,20210914
3770638,20210914
3770639,20210914
3770640,20210914
3771764,20210917
3771765,20211015
3771769,20211015
3771771,20210917
3771902,20210917
3775049,20211016
3775051,20211015
3775052,20211021
3775053,20211016
3775054,20211016
3775056,20211015
3775057,20211015
3775058,20211016
3775060,20211015
3775063,20211015
3775064,20211016
3775067,20211016
3775069,20211016
3775071,20211016
3777000,20211015
3777001,20220517
3777002,20220522
3777003,20220522
3777004,20220517
3777005,20220522
3777009,20211015
3777014,20211015
3777017,20211015
3777018,20211015
3777019,20211015
3777020,20211016
3777021,20211015
3777022,20211015
3777023,20211016
3777024,20211015
3777025,20211016
3777026,20211016
3777027,20211016
3777028,20211016
3777032,20211015
3777034,20211015
3777144,20211015
3777145,20211015
3777147,20211015
3777149,20211024
3777150,20211021
3777151,20211021
3777152,20211015
3777159,20211015
3777160,20211016
3777161,20211016
3777164,20211015
3777166,20211015
3777167,20211021
3777168,20211021
3777169,20211021
3777170,20211021
3777171,20211021
3777172,20211021
3777173,20211021
3777174,20211021
3777175,20211025
3777178,20211024
3777180,20211015
3777181,20211021
3777182,20211021
3777510,20211016
3777511,20211016
3777512,20211016
3777513,20211016
3777514,20211016
3777515,20211016
3777516,20211016
3777517,20211016
3777518,20211016
3777519,20211016
3777520,20211016
3777521,20211016
3777522,20211015
3777523,20211015
3777524,20211016
3777525,20211021
3777526,20211016
3777527,20211016
3777528,20211016
3777529,20211016
3777530,20211021
3777531,20211016
3777532,20211016
3777533,20211016
3777534,20211015
3777535,20211016
3777538,20211015
3777539,20211015
3777540,20220522
3777541,20220522
3777542,20211025
3777543,20220517
3777544,20211021
3777547,20211024
3777548,20211024
3777550,20211021
3777551,20211016
3777552,20211016
3777554,20221128
3777556,20211015
3777558,20211016
3777559,20211016
3777560,20211016
3777561,20211016
3777562,20211015
3777563,20211016
3777564,20211016
3777565,20211021
3777566,20211024
3777567,20211024
3777568,20211015
3777569,20211015
3777570,20211015
3777572,20211024
3777574,20211024
3777575,20211021
3777576,20211021
3777577,20211015
3777581,20211015
3777582,20211024
3777584,20211015
3777587,20211024
3777588,20211015
3777591,20211015
3777592,20211015
3777593,20211015
3777594,20211015
3777597,20211015
3777599,20211015
3777602,20211025
3777603,20211016
3777604,20211016
3777632,20210924
3777634,20211021
3778925,20211205
3780941,20210926
3780962,20211021
3780978,20211021
3780979,20211021
3780980,20211025
3780981,20211021
3780996,20211021
3781006,20211021
3781007,20211021
3781008,20211021
3782341,20220517
3782342,20220522
3782343,20220517
3782344,20220517
3782345,20220522
3782347,20220524
3782348,20220524
3782349,20220524
3782350,20220524
3782351,20220524
3782352,20220524
3782367,20220517
3782368,20220517
3782370,20220522
3782371,20220522
3782372,20220522
3782373,20220517
3782374,20220522
3782375,20220522
3782376,20220522
3782378,20220517
3782379,20220522
3782380,20220522
3782382,20220522
3782383,20220522
3782384,20220522
3782391,20220312
3782402,20211016
3782421,20211016
3786523,20211129
3786528,20211021
3786644,20210929
3787058,20211129
3787059,20211129
3787098,20211129
3788204,20220522
3788205,20220517
3788206,20220522
3788207,20220524
3788208,20220524
3788213,20220522
3788217,20220522
3788218,20220522
3788219,20220522
3788690,20211004
3788693,20211129
3788699,20211205
3788700,20211205
3788701,20211205
3788702,20211129
3788703,20211129
3788704,20211129
3788707,20211205
3789349,20211129
3789350,20211205
3789351,20211129
3789352,20211205
3789353,20211205
3789354,20211205
3789355,20211129
3789356,20211205
3789357,20211129
3789358,20211129
3789359,20211205
3789360,20211205
3789361,20211205
3789362,20211129
3789363,20211129
3789364,20211129
3789365,20211129
3789366,20211127
3789367,20211127
3789368,20211127
3789369,20211202
3789370,20211127
3789371,20211127
3789372,20211127
3789373,20211127
3789374,20211127
3789375,20211127
3789377,20221225
3789384,20211205
3789385,20211205
3789386,20211201
3789387,20211201
3789388,20211201
3789389,20211201
3789390,20211201
3789391,20211201
3789392,20211021
3789393,20211201
3789394,20211127
3789395,20211021
3789396,20211129
3789398,20211021
3789399,20211127
3789400,20211202
3789401,20211021
3789402,20211127
3789403,20211202
3789404,20211021
3789405,20211201
3789406,20211127
3789407,20211021
3789408,20211201
3789409,20211202
3789410,20211021
3789411,20211201
3789413,20211021
3789414,20211202
3789416,20211021
3789417,20211127
3789419,20211021
3789420,20211127
3789424,20211021
3789425,20211021
3789427,20211129
3789431,20211025
3789435,20211205
3789437,20211129
3789438,20211129
3789545,20220522
3789546,20220522
3789547,20220524
3789548,20220524
3789640,20211205
3793624,20211201
3798535,20211021
3798536,20211021
3798537,20211021
3798538,20211127
3798539,20211202
3798540,20211129
3798543,20211127
3798544,20211202
3798545,20211201
3798546,20211127
3798547,20211202
3798548,20211202
3798549,20211201
3798550,20211127
3798551,20211127
3798552,20211202
3798553,20211127
3798554,20211127
3798555,20211129
3798556,20211005
3798573,20211129
3798643,20211007
3798661,20211127
3798662,20211201
3798689,20211129
3798690,20211129
3798691,20211129
3798692,20211021
3798693,20211021
3798694,20211127
3798695,20211205
3798696,20211129
3798697,20211129
3798698,20211127
3798699,20211025
3798700,20211025
3798701,20211025
3798703,20211202
3798709,20211129
3798720,20211129
3798727,20211129
3798731,20211205
3798732,20211205
3798733,20211205
3798734,20211205
3798735,20211129
3798736,20211129
3798737,20211205
3798738,20211205
3798739,20211025
3798740,20211025
3798741,20211205
3798744,20211021
3798745,20211127
3798746,20211127
3798747,20211129
3798750,20211129
3798751,20211205
3798752,20211205
3798758,20211205
3798760,20211205
3798762,20211025
3798773,20211025
3798774,20211025
3798775,20211025
3798776,20211021
3798777,20211021
3798778,20211021
3798780,20211129
3798785,20211021
3798786,20211021
3798787,20211021
3798788,20211021
3798789,20211021
3798790,20211021
3798791,20211021
3798792,20211021
3798793,20211209
3798794,20211129
3798797,20211129
3798799,20211129
3798800,20211129
3798804,20211021
3798808,20211129
3798809,20211129
3798812,20211129
3798815,20211129
3798818,20211025
3798819,20211205
3798820,20211205
3798821,20211127
3798822,20211127
3798823,20211127
3798824,20211202
3798825,20211127
3798826,20211201
3798827,20211127
3798828,20211202
3798832,20211129
3798833,20211129
3800808,20211021
3800837,20211025
3800906,20211021
3800917,20211021
3803725,20211129
3803726,20211129
3803727,20211201
3803728,20211129
3803729,20211205
3803730,20211127
3803731,20211201
3803732,20211127
3803733,20211201
3803734,20211129
3803735,20211202
3803736,20211201
3803737,20211025
3803738,20211127
3803739,20211202
3803740,20211127
3803741,20211127
3803742,20211201
3803743,20211201
3803744,20211127
3803745,20211129
3803746,20211129
3803747,20211127
3803748,20211129
3803749,20211129
3803750,20211201
3803751,20211127
3803752,20211129
3803753,20211021
3803754,20211201
3803755,20211201
3803756,20211127
3803757,20211201
3803758,20211127
3803759,20211201
3803760,20211025
3805336,20211201
3805373,20211201
3810479,20211127
3810480,20211127
3810481,20211127
3810482,20211127
3810483,20211201
3810484,20211127
3810485,20211127
3810486,20211201
3810487,20211127
3810488,20211127
3810489,20211129
3810490,20211129
3811164,20211201
3811165,20211127
3811166,20211127
3811167,20211201
3811168,20211202
3811169,20211202
3811170,20211201
3811172,20211202
3811175,20211127
3811176,20211202
3811177,20211201
3811178,20211129
3811179,20211201
3811180,20211127
3811181,20211127
3811182,20211202
3811183,20211127
3811184,20211202
3811185,20211201
3811186,20211202
3811188,20211127
3811189,20211201
3811190,20211201
3811191,20211201
3811192,20211202
3811193,20211201
3811194,20211201
3811195,20211127
3811196,20211201
3811197,20211201
3811198,20211201
3811199,20211102
3811200,20211201
3811201,20211127
3811202,20211127
3811203,20211201
3811204,20211127
3812163,20211201
3812164,20211201
3812165,20211201
3812166,20211127
3812167,20211201
3812168,20211201
3812169,20211201
3812170,20211201
3812171,20211201
3812172,20211201
3812173,20211104
3812174,20211108
3812175,20211127
3812176,20211127
3812177,20211129
3812178,20211207
3812179,20211201
3812180,20211201
3812181,20211201
3812182,20211202
3812183,20211202
3812184,20211127
3812185,20211202
3812186,20211127
3812187,20211127
3812188,20211127
3812189,20211127
3812190,20211127
3812191,20211201
3812192,20211201
3812193,20211201
3812194,20211201
3812195,20211201
3812196,20211201
3812197,20211201
3812198,20211127
3812199,20211127
3812200,20211201
3812201,20211127
3812202,20211127
3812203,20211201
3812204,20211127
3812205,20211127
3812206,20211127
3812207,20211127
3812208,20211127
3812209,20211127
3812210,20211127
3812211,20211127
3812212,20211201
3812213,20211201
3812214,20211201
3812215,20211201
3812216,20211205
3812847,20211127
3812848,20211201
3812849,20211127
3812851,20211127
3812852,20211127
3812853,20211127
3812854,20211127
3812855,20211201
3812856,20211201
3812857,20211201
3812858,20211201
3812859,20211127
3812860,20211127
3812861,20211201
3812862,20211201
3812863,20220628
3812864,20220628
3812865,20211201
3812866,20211201
3812867,20211201
3812868,20211201
3812869,20211201
3812870,20211201
3812871,20211127
3812872,20211127
3812873,20211127
3812874,20211127
3812875,20211127
3812876,20211201
3812877,20211127
3812878,20211201
3812879,20211127
3812880,20211201
3812881,20211201
3812882,20211201
3812883,20211201
3812884,20211127
3812885,20211205
3812887,20211201
3812888,20211207
3812889,20211201
3812890,20211201
3812891,20211201
3812892,20211201
3812893,20211201
3812894,20211201
3812895,20211201
3812896,20211201
3812897,20211127
3812898,20211201
3812899,20211201
3812900,20211127
3812901,20211201
3812902,20211201
3812903,20211127
3812904,20211201
3812905,20211201
3812906,20211127
3812907,20211127
3812908,20211201
3812909,20211127
3812910,20211129
3812912,20211127
3812913,20211201
3812914,20211127
3812915,20211201
3812916,20211102
3812917,20211127
3812918,20211127
3812919,20211127
3812920,20211129
3812921,20211127
3812922,20211127
3812923,20211127
3812924,20211127
3812925,20211127
3812926,20211127
3812927,20211129
3812928,20211201
3812929,20211127
3812930,20211127
3812931,20211201
3812932,20211127
3812933,20211127
3812934,20211127
3812935,20211129
3812936,20211127
3812938,20211201
3812939,20211127
3812940,20211201
3812941,20211129
3812942,20211201
3812943,20211127
3812944,20211127
3812945,20211127
3812946,20211201
3812947,20211127
3812948,20211201
3812969,20211127
3812971,20211201
3812972,20211201
3812973,20211201
3812976,20220401
3812994,20211127
3812995,20211201
3812998,20211102
3813663,20211201
3813664,20211201
3817125,20211106
3818820,20240920
3818858,20211120
3818903,20220120
3818934,20220125
3818937,20220125
3818938,20220120
3819122,20211118
3819123,20211120
3819169,20211102
3819170,20211102
3819171,20211101
3826128,20211122
3826332,20211205
3826333,20211123
3830338,20221013
3830373,20220128
3830375,20220120
3830381,20250828
3830382,20220120
3830383,20220120
3830391,20220120
3830418,20220121
3830450,20211113
3830451,20211117
3830452,20211117
3834119,20220819
3834140,20220819
3834141,20220819
3834165,20220121
3834166,20220121
3834167,20220121
3834168,20220121
3834169,20220121
3834170,20220121
3834171,20220122
3834172,20220121
3834173,20220121
3834183,20220811
3834198,20220122
3834411,20220811
3834413,20220811
3834414,20220811
3834439,20220121
3834440,20220122
3834442,20220122
3834443,20220122
3834444,20220121
3835238,20220811
3835240,20220811
3835263,20220122
3835264,20220121
3835266,20220121
3835268,20220121
3835270,20220121
3835271,20211121
3836420,20211129
3844435,20211129
3844530,20211118
3844534,20211129
3845350,20211129
3845366,20220125
3845367,20220125
3845372,20220121
3845373,20220120
3845374,20220118
3845375,20220118
3845376,20220122
3845377,20220121
3845378,20220122
3845379,20220122
3845385,20220120
3845386,20220118
3845387,20220120
3845389,20220121
3845390,20220118
3845391,20220118
3845392,20211205
3845393,20211205
3845394,20220122
3845395,20220122
3845396,20220121
3845397,20220118
3845398,20220120
3845402,20220122
3845406,20220121
3845407,20220121
3845408,20211129
3845409,20220121
3845410,20220122
3845411,20220121
3845412,20220121
3845413,20220121
3845414,20220120
3845415,20220120
3845416,20220122
3845417,20220122
3845418,20220121
3846537,20220122
3846538,20220121
3846539,20220120
3846540,20220120
3846542,20211129
3846554,20220121
3846555,20220122
3846557,20220121
3846559,20211129
3846566,20211129
3846567,20220121
3846568,20220120
3846588,20220120
3846615,20211129
3846617,20211129
3846618,20211129
3846619,20211129
3846620,20211129
3846621,20220121
3846622,20211205
3846623,20211205
3846624,20211205
3846625,20220118
3846626,20220121
3846627,20220120
3846631,20211205
3846641,20211205
3846654,20211129
3846655,20211129
3846658,20220122
3846659,20220121
3846660,20211205
3846792,20211121
3846794,20211130
3847617,20220121
3847618,20220121
3847619,20220120
3847620,20220120
3847621,20220120
3847625,20211205
3847626,20211130
3847631,20220120
3847632,20220120
3847633,20211130
3847634,20220122
3847635,20220121
3847636,20211130
3847640,20211130
3847641,20211130
3847642,20211130
3847643,20211130
3847644,20211130
3847649,20220122
3847650,20220121
3847651,20220122
3847652,20220121
3847653,20211130
3847654,20211129
3847655,20211130
3847656,20211130
3847657,20211130
3847658,20211130
3847659,20211130
3847762,20220126
3847763,20220121
3847764,20220121
3847765,20220121
3847766,20220120
3847767,20220120
3847768,20220120
3847769,20220121
3847770,20220120
3847771,20220120
3847775,20211130
3850206,20220118
3850207,20220122
3850208,20220121
3850209,20220121
3850210,20220121
3850211,20220122
3850212,20211205
3850213,20211205
3850220,20211130
3850221,20220118
3850222,20211130
3850223,20220118
3850224,20211130
3850225,20211130
3850226,20220121
3850229,20220125
3850231,20220128
3850232,20220128
3850237,20220121
3850239,20220121
3850311,20220121
3850313,20220120
3850315,20220121
3850357,20220125
3850366,20220131
3850490,20220121
3850492,20220121
3850493,20220121
3850495,20220121
3850496,20220121
3850497,20220122
3850498,20220121
3850499,20220125
3850500,20220125
3850506,20220121
3850508,20220120
3850513,20220125
3850514,20220120
3850523,20220125
3850529,20211205
3850530,20211205
3850531,20211205
3850535,20220125
3850547,20220121
3850548,20220121
3850549,20220121
3850550,20220121
3850551,20220121
3850552,20220121
3850553,20220122
3850554,20220121
3850555,20220118
3850556,20220121
3850558,20220121
3850559,20220121
3850570,20220125
3850573,20220121
3850574,20220122
3850575,20220121
3850576,20220122
3850577,20220121
3850578,20220121
3850579,20220122
3850580,20220122
3850581,20211129
3850582,20211129
3850628,20211129
3853107,20220121
3853159,20220528
3855645,20211210
3855646,20211206
3855647,20220122
3855648,20211205
3855657,20211228
3855659,20211204
3855664,20211220
3855675,20211204
3855678,20211209
3855681,20211202
3855684,20211202
3855685,20211206
3855686,20211203
3855688,20211202
3855691,20211207
3855694,20211223
3856274,20211206
3856278,20211207
3857075,20220121
3857076,20220121
3857077,20220121
3857078,20220121
3857079,20220121
3857080,20220121
3857083,20211213
3857086,20220121
3857087,20220122
3857088,20211203
3857089,20211223
3857128,20220812
3857146,20211204
3857149,20211205
3857814,20220128
3857815,20220128
3857816,20220131
3858031,20220218
3858060,20211207
3858083,20211206
3861262,20211204
3862108,20211205
3862110,20211206
3862111,20211206
3862113,20211207
3862115,20211210
3862116,20211221
3862119,20220102
3862129,20211206
3862132,20211212
3862142,20220218
3864005,20211220
3864006,20211220
3864007,20211220
3864008,20211220
3864009,20211220
3864011,20211220
3864012,20211220
3864013,20211220
3864014,20211220
3864016,20211220
3864017,20211220
3864018,20211220
3864019,20211220
3864088,20211208
3864105,20211210
3864114,20211209
3864123,20211220
3864124,20211214
3864125,20211220
3864126,20211220
3867183,20211210
3870349,20220103
3870352,20220103
3870358,20211223
3870374,20211228
3870381,20250306
3870394,20211223
3870395,20220101
3870401,20220104
3870503,20211226
3870516,20211218
3874500,20220121
3874520,20220121
3874560,20220105
3874567,20220121
3874591,20220518
3874592,20220122
3874992,20220122
3875008,20220122
3875009,20211221
3876782,20220516
3877223,20211228
3877247,20220104
3877516,20220122
3877527,20220101
3877528,20220121
3880375,20220121
3880376,20220121
3880381,20220121
3880382,20220121
3880383,20220517
3880385,20220121
3880386,20220121
3886218,20220109
3886275,20220121
3889862,20220121
3889863,20220121
3889864,20220121
3889865,20220121
3889866,20220121
3889867,20220121
3889868,20220121
3889869,20220121
3889870,20220121
3889871,20220122
3889872,20220121
3889873,20220121
3889874,20220121
3889875,20220121
3889876,20220121
3889877,20220121
3889878,20220121
3889879,20220122
3889880,20220121
3889881,20220121
3889882,20220121
3889883,20220122
3889884,20220122
3889885,20220122
3889886,20220121
3889887,20220121
3889888,20220121
3889889,20220127
3889890,20220121
3889891,20220121
3889892,20220121
3889893,20220121
3889894,20220121
3889895,20220121
3889896,20220121
3889897,20220121
3889898,20220121
3889899,20220121
3889900,20220121
3889901,20220121
3889902,20220121
3889903,20220926
3889904,20220121
3889905,20220121
3889906,20220127
3889907,20220121
3889908,20220121
3889909,20220122
3889910,20220121
3889911,20220121
3889912,20220121
3889915,20220121
3889916,20220122
3889917,20220121
3889920,20220121
3889921,20220122
3889926,20220122
3889927,20220121
3889928,20220122
3889929,20220122
3889930,20220122
3889933,20220121
3889934,20220121
3889935,20220121
3889941,20220122
3889942,20220122
3889943,20220122
3889944,20220121
3889946,20220121
3889948,20220121
3889949,20220517
3889950,20220517
3889951,20220518
3889952,20220121
3889954,20220121
3889955,20220125
3889956,20220522
3889957,20220121
3889961,20220122
3889962,20220122
3889963,20220122
3889964,20220122
3889965,20220122
3889966,20220122
3889967,20220122
3889968,20220122
3889969,20220122
3889970,20220122
3889971,20220122
3889972,20220122
3889973,20220122
3889974,20220122
3889975,20220122
3889976,20220121
3889977,20220127
3889978,20220121
3889979,20220121
3889980,20220121
3889981,20220127
3889982,20220122
3889983,20220121
3889984,20220121
3889986,20220122
3889987,20220122
3889988,20220122
3889989,20220121
3889990,20220121
3889991,20220121
3889992,20220122
3889993,20220121
3890000,20220122
3890514,20220122
3890564,20220122
3890565,20220122
3890566,20220121
3890567,20220121
3890568,20220121
3890569,20220127
3890570,20220122
3890571,20220121
3890573,20220122
3890574,20220121
3890575,20220121
3890576,20220121
3890577,20220121
3890601,20220121
3890602,20220121
3890603,20220122
3890604,20220122
3890605,20220122
3890606,20220121
3890607,20220121
3890608,20220121
3890609,20220121
3890610,20220121
3890611,20220122
3890612,20220122
3890613,20220122
3890614,20220121
3890615,20220121
3890616,20220121
3890617,20220121
3890618,20220121
3890619,20220122
3890620,20220122
3890621,20220121
3890623,20220127
3890624,20220127
3890625,20220121
3890626,20220121
3890627,20220121
3890628,20220121
3890629,20220121
3890630,20220121
3890631,20220121
3890632,20220121
3890633,20220121
3890634,20220127
3890635,20220127
3890640,20220122
3890641,20220122
3890642,20220122
3890643,20220122
3890644,20220122
3890645,20220122
3890649,20220118
3890651,20220119
3892609,20220113
3897303,20220121
3897304,20220121
3897305,20220121
3897306,20220517
3897307,20220522
3897308,20220518
3897309,20220522
3897310,20220121
3897311,20220122
3897312,20220121
3897313,20220121
3897314,20220121
3897315,20220121
3897316,20220121
3897317,20220122
3897318,20220121
3897319,20220122
3897320,20220518
3897321,20220121
3897322,20220517
3897323,20220121
3897324,20220121
3897325,20220121
3897326,20220121
3897327,20220121
3897328,20220127
3897330,20220122
3897331,20220121
3897332,20220127
3897333,20220121
3897334,20220121
3897335,20220121
3897336,20220121
3897337,20220522
3897338,20220522
3897339,20220522
3897340,20220517
3897341,20220517
3898235,20220121
3898236,20220121
3898238,20220121
3898239,20220518
3898240,20220518
3898241,20220517
3898242,20220121
3898243,20220517
3898244,20220122
3898245,20220121
3898246,20220121
3898247,20220121
3898248,20220121
3898249,20220122
3898250,20220121
3898251,20220121
3898252,20220122
3898256,20220522
3898258,20220121
3898259,20220121
3898260,20220121
3898263,20220122
3898264,20220122
3898265,20220122
3898266,20220122
3898267,20220517
3898268,20220522
3898269,20220121
3898270,20220522
3898278,20220121
3898281,20220122
3898282,20220121
3898283,20220122
3898284,20220122
3898285,20220517
3898286,20220122
3898287,20220121
3898288,20220121
3898290,20220516
3898292,20220122
3898293,20220121
3898294,20220121
3898295,20220122
3898296,20220121
3898297,20220122
3898298,20220122
3898299,20220121
3898300,20220517
3898301,20220122
3898302,20220122
3898303,20220522
3898304,20220518
3898305,20220122
3898306,20220127
3898307,20220122
3898308,20220121
3898309,20220121
3898310,20220121
3898311,20220121
3898312,20220121
3898313,20220121
3898314,20220121
3898315,20220517
3898316,20220121
3898317,20220122
3898318,20220122
3898319,20220122
3898320,20220517
3898321,20220122
3898322,20220122
3898323,20220528
3898324,20220122
3898327,20220122
3898328,20220122
3898329,20220122
3898330,20220122
3898331,20220122
3898332,20220122
3898333,20220122
3898334,20220122
3898335,20220125
3898336,20220125
3898337,20220125
3898338,20220127
3898447,20220517
3898448,20220518
3899023,20220517
3901529,20220528
3901852,20220516
3901871,20220528
3901872,20220528
3901873,20220528
3902053,20220528
3902054,20220528
3902055,20220528
3902058,20220528
3902081,20220528
3902082,20220528
3902083,20220528
3902092,20220528
3902093,20220528
3902095,20220528
3902337,20220517
3902338,20220522
3902339,20220517
3902342,20220528
3902349,20220526
3902353,20220522
3902354,20220522
3902355,20220522
3902356,20220517
3902357,20220522
3902358,20220517
3902359,20220522
3902375,20220526
3902377,20220528
3902379,20220528
3902382,20220528
3902388,20220528
3902399,20220528
3904056,20220528
3904101,20220528
3904104,20220528
3904107,20220528
3904109,20220528
3904127,20220528
3904130,20220926
3904131,20220926
3904133,20220926
3904134,20220528
3904136,20220528
3904138,20220926
3904139,20220926
3904140,20220528
3904141,20220528
3904243,20220528
3904255,20220528
3907476,20220528
3907477,20220528
3908425,20221128
3908508,20220528
3908513,20220528
3908536,20220528
3908538,20220926
3908540,20220926
3908542,20220926
3908543,20220926
3908553,20220528
3908560,20220528
3908562,20220528
3908568,20220528
3908569,20220528
3908570,20220528
3908571,20220528
3908572,20220528
3908573,20220528
3908574,20220528
3911481,20220201
3911511,20220211
3911517,20220212
3911522,20220214
3911523,20220212
3912889,20220222
3914504,20220211
3915861,20220214
3917403,20220214
3922724,20220212
3922737,20220211
3922739,20220211
3922740,20220211
3922741,20220213
3922742,20220211
3922743,20220211
3922744,20220211
3922745,20220213
3922746,20220213
3922747,20220211
3922748,20220213
3922749,20220211
3922935,20220214
3922936,20221206
3922937,20220214
3927850,20220225
3927874,20250317
3937082,20221206
3937083,20221206
3937084,20221206
3937086,20221206
3937087,20221206
3937088,20221206
3937089,20221206
3937090,20221206
3937093,20221206
3937117,20221206
3937118,20221206
3937119,20221206
3937120,20221206
3937121,20221206
3937210,20221206
3937211,20221206
3937212,20221206
3937213,20221206
3937215,20221206
3950821,20220315
3954332,20220421
3968376,20220401
4001229,20220425
4006238,20220428
4006239,20220429
4010376,20220503
4010380,20220503
4010442,20220503
4010443,20220503
4010448,20220503
4010449,20220503
4012213,20220506
4019947,20220628
4019950,20220527
4019965,20220526
4020028,20220527
4020029,20220526
4020030,20220627
4020032,20220630
4020117,20220526
4020118,20220527
4020119,20220527
4020140,20220528
4020141,20220528
4020142,20220528
4020143,20220528
4020144,20220528
4020145,20220528
4020146,20220528
4020162,20220527
4026284,20220526
4026383,20220527
4026887,20220628
4026893,20220628
4026903,20220702
4026993,20220628
4027003,20220702
4027013,20220628
4027015,20220628
4027016,20220628
4027017,20220628
4027018,20220628
4027019,20220628
4027020,20220628
4027021,20220628
4027022,20220628
4027023,20220628
4027024,20220628
4027041,20220628
4027043,20220526
4027045,20220628
4027052,20220630
4027055,20220526
4027056,20220526
4027057,20220628
4027058,20220628
4027059,20220628
4027060,20220628
4027061,20220628
4027062,20220628
4027063,20220628
4027064,20220628
4027065,20220628
4027069,20220627
4027070,20220627
4027072,20220630
4027074,20220526
4027075,20220527
4027076,20220527
4027080,20220630
4039777,20220628
4039797,20220630
4039798,20220628
4039799,20220627
4040208,20220627
4041560,20220630
4041580,20220630
4044388,20220627
4044390,20220627
4044391,20220630
4044394,20220627
4044395,20220630
4044396,20220627
4044397,20220627
4044398,20220630
4044399,20220627
4044402,20220630
4044403,20220630
4044404,20220627
4044405,20220630
4044412,20220627
4044417,20220627
4044418,20220627
4044419,20220627
4044420,20220630
4044421,20220627
4044422,20220630
4044423,20220627
4044424,20220630
4044427,20220627
4044428,20220627
4044429,20220627
4044430,20220627
4044431,20220630
4044432,20220630
4044433,20220627
4044435,20220630
4044436,20220630
4044437,20220630
4044438,20220630
4044439,20220630
4044440,20220630
4044451,20220627
4044453,20220630
4044454,20220627
4045288,20220630
4058042,20220627
4058052,20220627
4058270,20220627
4058271,20220627
4058272,20220627
4058273,20220627
4058274,20220627
4058275,20220627
4058276,20220627
4058277,20220604
4058278,20220812
4058283,20220715
4058285,20220604
4058287,20220811
4058300,20220812
4058303,20220811
4058317,20220811
4058321,20220812
4058332,20220811
4058339,20220811
4058340,20220630
4058350,20220812
4058351,20220812
4058352,20220812
4058353,20220812
4058354,20220812
4058355,20220812
4058356,20220812
4058357,20220812
4058358,20220812
4063808,20220630
4063809,20220630
4063810,20220630
4069174,20220627
4069494,20220628
4071009,20220628
4072511,20220628
4072512,20220627
4075095,20220628
4075096,20220628
4075097,20220628
4075098,20220628
4075099,20220627
4075100,20220627
4075101,20220627
4075102,20220627
4075103,20220625
4075104,20220625
4075105,20220627
4075106,20220627
4075107,20220627
4075108,20220627
4075109,20220627
4075110,20220812
4075112,20220625
4075113,20220628
4075114,20220628
4075115,20220628
4075116,20220628
4075117,20220628
4075118,20220628
4075120,20220627
4075121,20220627
4075122,20220627
4075123,20220628
4075124,20220627
4075125,20220625
4075126,20220627
4075127,20220627
4075128,20220630
4075129,20220627
4075130,20220627
4075131,20220627
4075132,20220627
4075133,20220627
4075134,20220625
4075135,20220628
4075136,20220628
4075137,20220628
4075138,20220628
4075139,20220628
4075140,20220628
4075141,20220628
4075160,20220627
4075161,20220625
4075414,20220625
4075415,20220625
4075416,20220627
4075417,20220627
4075441,20220628
4075442,20220627
4075443,20220627
4075444,20220627
4075445,20220627
4075446,20220627
4075447,20220625
4075448,20220625
4075449,20220628
4075450,20220628
4075451,20220625
4075452,20220628
4075453,20220627
4075454,20220627
4075456,20220630
4075457,20220628
4075458,20220627
4075459,20220628
4075460,20220628
4075461,20220627
4075462,20220628
4075463,20220628
4075464,20220628
4075465,20220628
4075466,20220628
4075467,20220627
4075468,20220628
4075469,20220627
4075470,20220627
4075471,20220627
4075497,20220627
4075498,20220627
4075499,20220627
4075500,20220627
4075501,20220627
4075502,20220627
4075503,20220627
4075504,20220627
4075505,20220625
4075506,20220628
4075507,20220627
4075508,20220627
4075509,20220628
4075510,20220628
4075511,20220628
4075512,20220628
4075513,20220628
4075514,20220628
4075515,20220628
4075516,20220627
4075517,20220627
4075518,20220627
4075519,20220627
4075520,20220627
4075521,20220627
4077899,20220618
4084512,20220627
4084513,20220627
4084514,20220627
4084517,20220628
4084518,20220627
4084519,20220627
4084520,20220627
4084521,20220627
4084522,20220811
4084523,20220628
4084524,20220628
4084525,20220628
4084526,20220627
4084527,20220811
4084528,20220625
4084529,20220628
4084530,20220628
4084531,20220627
4084532,20220628
4084533,20220628
4084534,20220628
4084535,20220628
4084536,20220627
4084537,20220627
4084538,20220627
4084539,20220627
4084540,20220627
4084541,20220628
4084542,20220628
4084543,20220628
4084544,20220628
4084545,20220628
4084546,20220628
4084547,20220628
4084548,20220630
4084549,20220630
4084550,20220627
4085741,20220627
4085742,20220627
4085743,20220628
4085744,20220628
4085745,20220628
4085746,20220628
4085747,20220628
4085748,20220627
4085749,20220627
4085750,20220627
4085751,20220627
4085752,20220627
4085753,20220628
4085754,20220625
4085755,20220627
4085756,20220627
4085757,20220627
4085760,20220627
4085761,20220627
4085762,20220627
4085763,20220811
4085765,20220628
4085766,20220628
4085767,20220628
4085768,20220628
4085769,20220628
4085770,20220628
4085771,20220628
4085772,20220628
4085773,20220628
4085774,20220628
4085775,20220628
4085776,20220627
4085777,20220628
4085778,20220627
4085779,20220627
4085780,20220627
4085781,20220708
4085782,20220628
4085783,20220811
4085784,20220628
4085785,20220628
4086665,20220627
4086666,20220627
4086667,20220627
4086668,20220812
4086669,20220627
4086670,20220812
4086674,20220628
4086675,20220628
4086678,20220627
4086679,20220628
4086680,20220628
4086681,20220628
4086682,20220628
4086683,20220628
4086684,20220627
4086685,20220628
4086686,20220628
4086687,20220627
4086688,20220627
4086689,20220627
4086690,20220627
4086691,20220627
4086695,20220627
4086696,20220627
4086699,20220628
4086700,20220628
4086701,20220627
4086702,20220628
4086703,20220811
4086704,20220628
4086705,20220627
4086901,20220627
4086902,20220625
4086903,20220625
4086904,20220625
4086905,20220627
4086906,20220628
4086910,20220627
4086916,20220628
4099495,20230131
4099546,20220811
4099549,20220811
4099550,20220811
4099632,20230131
4099633,20230131
4099634,20230131
4099635,20230131
4099637,20230131
4099647,20230131
4099697,20230131
4118816,20230131
4118817,20230131
4119134,20220812
4119135,20220808
4119136,20220808
4119137,20220808
4119142,20220808
4119143,20220808
4126462,20220803
4126463,20220803
4126464,20220803
4126474,20220814
4126475,20220814
4126476,20220814
4127416,20220812
4127417,20220812
4127418,20220812
4127419,20220808
4127420,20220812
4127421,20220812
4127422,20220812
4127423,20220812
4127424,20220812
4127425,20220812
4127428,20220812
4127429,20220812
4127430,20220808
4127431,20220808
4127433,20220808
4127435,20220817
4127436,20220817
4127437,20220814
4127438,20220814
4127439,20220814
4127440,20220808
4127441,20220808
4127442,20220808
4127443,20220808
4127445,20220817
4127446,20220817
4127447,20220817
4127452,20220817
4127453,20220817
4127456,20220817
4127457,20220808
4127458,20220817
4127459,20220808
4127460,20220808
4127462,20220808
4127463,20220808
4127464,20220808
4127465,20220808
4127466,20220808
4127471,20220808
4127474,20220817
4127475,20220817
4127476,20220817
4137773,20220812
4137774,20220812
4137775,20220812
4137780,20220814
4137781,20220812
4137783,20220812
4137784,20220812
4137785,20220812
4137786,20220812
4137787,20220812
4137788,20220812
4137789,20220808
4137790,20220808
4137791,20220808
4137792,20220812
4137793,20220808
4137794,20220803
4137796,20220814
4137797,20220808
4137798,20220808
4137799,20220817
4137803,20221004
4137804,20220817
4137805,20220817
4137806,20220817
4137807,20220817
4137808,20220817
4137810,20220812
4137811,20220812
4137812,20220808
4137822,20220808
4138032,20220803
4138351,20220808
4138352,20220808
4138353,20220808
4138354,20220808
4138355,20220817
4138356,20220812
4138357,20220808
4138358,20220812
4138359,20220812
4138360,20220812
4138362,20220930
4138364,20220812
4138365,20220812
4138366,20220817
4138376,20221003
4138381,20221003
4138382,20221003
4138383,20220930
4138384,20221003
4138385,20221003
4138386,20220814
4138387,20220814
4138388,20220812
4138389,20220812
4138390,20220812
4138507,20220808
4138508,20220808
4138509,20220817
4138510,20220817
4138511,20220817
4138512,20220812
4138513,20220812
4138515,20220817
4138516,20220817
4138517,20220817
4138521,20220808
4138527,20220817
4138528,20220817
4138529,20220817
4138531,20220812
4138532,20220812
4138533,20220812
4138534,20220812
4138535,20220812
4138536,20220808
4138537,20220808
4138539,20220806
4138544,20220803
4138545,20220812
4138546,20220808
4138547,20220808
4138553,20220817
4138554,20220817
4138555,20220814
4138556,20220814
4138557,20220808
4138558,20220808
4138559,20220808
4138560,20220808
4138561,20220808
4138608,20220817
4138609,20220808
4138610,20220817
4138611,20220817
4138612,20220817
4138613,20220808
4138614,20220803
4138618,20220817
4138619,20220817
4138621,20220808
4138622,20220808
4138623,20220808
4138624,20220808
4138626,20220808
4138629,20220817
4138630,20220808
4138632,20220814
4141758,20220803
4147643,20220814
4147673,20220808
4157288,20221003
4157291,20221003
4157310,20221003
4157323,20221003
4157574,20221003
4157579,20220817
4157581,20221003
4157582,20221003
4157583,20221003
4157584,20221003
4157589,20221003
4157590,20221003
4157878,20221003
4157893,20221003
4167380,20221003
4170890,20220824
4189536,20221003
4189537,20221003
4189538,20220930
4189556,20221003
4189559,20221003
4189566,20220930
4189568,20220917
4189575,20221003
4189576,20221003
4197542,20221003
4197791,20220911
4197811,20220930
4198014,20220930
4200626,20220909
4200641,20220909
4210101,20221206
4210206,20221005
4210209,20221128
4210210,20221128
4210211,20221128
4210212,20221128
4210213,20221128
4210214,20221128
4210215,20221128
4210216,20221128
4210217,20221128
4210218,20221128
4210219,20221128
4210220,20221128
4210221,20220930
4210222,20220930
4210224,20220930
4210225,20221128
4210226,20221128
4210227,20221128
4210228,20221128
4210229,20221128
4210230,20221128
4210231,20221128
4210232,20221128
4210233,20221128
4210234,20221128
4210235,20221128
4210236,20221128
4210237,20221128
4210238,20221128
4210239,20221128
4210240,20221128
4210241,20221128
4210242,20221128
4210243,20221128
4210244,20221128
4210245,20221128
4210246,20221128
4210247,20221128
4210248,20221128
4210260,20221206
4210280,20221206
4210299,20221003
4210439,20221128
4210470,20221003
4210485,20221003
4210487,20221003
4210488,20221005
4210490,20221003
4210586,20220930
4210587,20220930
4210604,20221003
4210605,20220930
4210623,20221003
4210635,20220930
4210672,20220930
4210673,20220930
4210674,20220930
4210675,20221003
4210676,20221003
4210698,20220930
4212364,20220920
4218512,20221005
4218513,20221005
4218514,20221005
4218516,20221203
4218525,20221128
4218528,20221005
4218529,20221005
4218530,20221005
4218531,20221003
4218532,20221005
4218533,20221005
4218534,20220930
4218537,20221203
4219107,20221128
4219108,20221128
4219109,20221128
4219110,20221128
4219111,20221128
4219112,20221128
4219113,20221128
4219114,20221128
4219115,20221128
4219121,20221203
4219126,20221206
4219127,20221206
4219133,20221206
4219134,20221206
4219143,20220930
4219148,20221206
4219149,20221206
4219150,20221128
4219152,20221206
4219197,20221006
4219198,20221206
4219199,20221206
4219200,20221206
4219206,20221005
4219207,20221005
4219208,20221005
4219209,20221128
4219210,20221128
4219211,20221005
4219212,20221128
4219213,20221128
4219214,20221128
4219215,20221128
4219216,20221128
4219219,20221128
4219220,20221005
4219223,20221128
4219225,20221005
4219229,20221128
4219231,20221203
4219232,20221005
4219238,20221005
4219239,20221005
4219243,20220930
4219244,20220930
4219245,20220930
4220663,20221206
4220668,20221003
4220669,20221207
4220714,20221206
4220715,20221206
4220742,20221003
4220762,20221206
4220771,20221203
4223432,20220928
4227341,20220930
4227699,20221203
4227704,20221203
4227708,20221128
4227711,20221128
4227713,20221128
4227715,20221128
4227716,20221005
4227729,20221128
4227730,20221128
4227732,20220930
4227739,20221128
4228141,20221003
4228220,20221128
4228225,20221128
4228226,20221128
4228227,20221128
4228228,20221128
4228231,20221128
4228232,20221128
4228235,20221128
4228254,20221128
4228258,20221128
4229429,20221128
4229430,20221128
4229431,20221128
4229507,20221203
4229509,20221128
4229512,20221007
4229518,20221003
4229519,20221003
4229520,20221003
4231357,20221005
4233095,20221005
4234605,20221005
4234629,20221013
4235001,20221005
4235090,20221006
4235091,20221006
4235092,20221006
4239539,20221021
4243438,20221021
4244081,20221020
4256066,20221207
4256320,20221207
4258570,20221021
4258627,20230205
4262579,20230205
4262594,20230205
4262605,20230205
4262608,20230928
4272339,20221030
4272448,20221030
4277379,20221205
4278564,20221114
4279987,20221205
4279988,20221205
4279989,20221205
4279990,20221205
4280260,20221205
4280261,20221205
4280280,20221205
4280715,20221205
4284264,20230205
4287157,20221128
4287174,20221205
4287176,20230205
4288549,20221110
4289159,20221207
4289160,20221207
4289161,20221128
4289339,20221207
4289340,20221207
4289341,20221207
4289348,20221207
4293450,20221205
4293463,20221205
4293464,20221128
4293480,20230205
4293518,20221207
4293561,20221205
4293562,20230205
4293578,20221128
4293582,20221205
4293585,20221128
4293586,20230205
4293594,20230205
4293596,20230205
4293616,20230205
4298151,20221205
4298152,20230205
4298153,20221205
4298157,20221205
4298171,20221128
4298174,20221205
4298177,20221205
4298182,20221205
4298183,20221205
4298195,20221205
4298199,20221205
4298202,20221128
4298205,20221205
4299833,20221201
4299924,20221207
4299925,20221207
4299926,20221207
4299931,20230205
4299935,20221205
4299944,20221205
4299945,20221205
4299946,20221205
4299951,20221205
4299954,20221207
4299958,20221128
4299965,20230205
4299967,20230205
4299968,20230205
4299969,20230205
4299973,20230205
4299974,20230205
4299975,20230205
4299983,20221207
4299984,20221128
4302320,20221202
4303319,20221205
4303336,20221205
4304914,20221205
4304917,20221205
4312491,20230131
4313042,20230131
4322168,20230101
4322169,20221202
4322176,20221203
4322177,20221206
4322178,20221221
4322183,20230205
4322195,20230131
4322202,20221207
4322210,20221202
4322218,20221205
4322367,20230131
4322382,20230205
4323140,20221204
4323269,20230205
4323277,20230205
4323280,20230205
4323281,20230205
4323296,20230205
4323315,20230205
4323319,20230205
4323320,20230205
4323325,20230205
4323335,20230131
4323337,20230205
4323451,20230131
4323452,20230131
4323453,20230205
4323465,20230131
4323466,20230131
4331930,20221212
4332421,20230111
4332441,20221218
4332469,20221211
4332470,20221210
4332517,20221218
4332518,20221218
4332519,20221218
4332611,20221218
4333015,20231129
4333016,20230530
4333017,20230228
4333018,20230322
4333019,20230530
4333020,20230530
4333021,20230530
4333022,20230530
4333025,20230928
4338842,20221223
4338874,20230113
4339332,20221221
4342110,20221218
4342112,20221218
4342113,20221218
4342114,20230118
4342197,20221220
4343347,20221219
4343421,20230113
4343422,20230323
4344147,20230101
4349208,20230323
4349209,20230323
4349210,20230323
4349211,20230323
4349212,20230323
4349225,20230323
4349230,20230323
4355043,20250822
4355109,20230101
4355245,20230202
4355301,20230101
4356817,20230101
4356819,20230101
4364685,20230323
4365094,20230117
4365229,20250208
4368583,20230130
4368586,20230115
4368587,20230130
4368590,20230209
4368602,20230123
4368605,20230326
4368606,20230326
4368607,20230326
4368608,20230326
4370047,20230323
4370581,20230202
4372321,20230206
4372325,20230206
4372331,20230326
4372332,20230326
4372333,20230321
4372334,20230326
4372335,20230322
4372336,20230326
4372337,20230326
4372338,20230326
4372339,20230326
4372340,20230326
4372353,20230206
4372975,20230205
4372976,20230205
4372977,20230205
4372980,20230205
4372992,20230323
4373077,20230205
4373090,20230206
4373091,20230206
4373092,20230206
4373121,20230124
4373127,20230206
4373128,20230206
4373135,20230326
4373136,20230326
4383300,20230205
4383403,20230129
4385023,20230323
4385024,20230131
4385025,20230131
4385050,20230323
4385056,20230205
4385057,20230206
4385080,20230128
4385130,20230205
4385133,20230206
4385138,20230206
4385139,20230326
4385187,20230321
4385208,20230205
4385209,20230205
4385210,20230205
4385217,20230206
4385219,20230206
4385220,20230206
4385236,20230323
4385243,20230123
4385479,20230205
4385480,20230205
4385483,20230206
4385507,20230205
4385508,20230205
4385528,20230206
4386670,20230323
4388689,20230306
4388697,20230205
4388718,20230323
4388721,20230323
4388729,20230205
4388730,20230205
4388949,20230323
4388955,20230326
4388974,20230326
4388975,20230326
4388991,20230326
4388996,20230326
4388997,20230326
4388999,20230326
4389002,20230326
4389005,20230326
4389008,20230326
4389094,20230326
4389095,20230326
4389096,20230326
4389099,20230326
4389100,20230326
4389101,20230326
4389102,20230326
4389103,20230326
4389104,20230326
4389108,20230326
4389117,20230326
4398744,20230128
4398750,20230323
4398753,20230131
4398754,20230131
4398965,20230131
4399091,20230326
4399092,20230326
4399103,20230128
4399106,20230314
4399143,20230305
4399200,20230326
4399201,20230326
4399202,20230326
4399330,20230326
4399331,20230326
4399332,20230326
4408640,20230330
4410133,20230328
4410135,20230209
4410138,20230328
4410151,20230314
4410303,20230314
4410304,20230326
4410305,20230314
4410308,20230209
4413764,20230316
4415868,20230330
4417140,20230330
4417160,20230319
4417180,20230316
4421278,20230228
4421609,20230517
4421642,20230320
4423284,20230228
4423286,20230228
4430559,20230228
4430567,20230228
4430568,20230228
4430621,20230228
4436905,20230311
4437042,20240418
4437043,20240423
4437044,20240423
4437045,20240418
4437046,20240418
4437047,20240418
4437048,20240418
4437049,20240418
4437050,20240418
4437051,20240418
4437089,20230317
4437090,20230317
4437091,20230317
4437098,20230317
4438517,20230530
4438518,20230502
4438539,20230530
4441529,20230530
4441530,20230607
4441597,20230530
4441598,20230530
4441622,20230530
4441623,20230607
4441624,20230530
4441740,20240419
4441742,20230607
4441747,20230530
4441760,20230607
4441762,20230530
4441922,20230321
4441923,20230321
4441924,20230321
4441925,20230321
4441929,20230322
4441930,20230321
4441931,20230322
4441932,20230322
4441933,20230322
4441934,20230322
4441935,20230321
4441936,20230321
4442241,20230326
4442253,20230322
4442261,20230530
4442262,20230530
4442263,20230530
4442264,20230530
4442265,20230530
4442266,20230530
4442267,20230530
4442268,20230530
4442269,20230530
4442270,20230530
4442281,20230322
4442284,20230321
4442291,20230322
4442292,20230322
4442353,20230321
4442354,20230321
4442355,20230321
4442356,20230321
4442357,20230322
4442358,20230322
4442359,20230322
4442360,20230322
4442361,20230322
4442362,20230322
4442363,20230321
4442364,20230321
4442365,20230321
4442366,20230321
4442367,20230321
4442368,20230321
4442369,20230322
4442370,20230321
4442371,20230322
4442372,20230322
4442374,20230322
4442376,20230326
4442377,20230326
4442389,20230321
4442430,20230322
4442436,20230321
4442437,20230322
4442438,20230322
4442440,20230322
4442441,20230322
4442443,20230321
4445678,20230326
4451396,20230530
4451398,20230321
4451422,20230530
4451424,20230322
4451425,20230322
4451426,20230530
4451436,20230530
4451710,20230530
4451740,20230530
4451742,20230530
4451743,20230530
4451744,20230530
4451754,20230530
4451755,20230530
4451757,20230321
4451758,20230530
4451759,20230317
4451760,20230317
4451761,20230317
4452119,20230322
4452140,20230530
4452141,20230530
4452143,20230530
4452144,20230530
4452145,20230530
4452146,20230530
4452147,20230321
4452148,20230530
4452149,20230530
4452150,20230530
4452151,20230530
4452152,20230530
4452153,20230530
4452154,20230601
4452155,20230322
4452156,20230530
4452157,20230530
4452158,20230530
4452160,20230530
4452161,20230601
4452175,20230326
4452176,20230326
4452186,20230530
4452188,20230530
4452189,20230530
4452192,20230321
4452193,20230321
4452194,20230322
4452197,20230326
4452198,20230326
4452199,20230326
4452204,20230321
4453705,20230502
4453707,20230601
4453710,20230601
4453715,20230530
4453718,20230322
4453741,20230530
4453747,20230601
4453749,20230601
4453753,20230929
4453773,20230530
4453774,20230530
4453778,20230530
4455597,20230530
4455598,20230530
4455599,20230530
4455620,20230530
4455621,20230530
4455622,20230530
4455631,20230530
4455632,20230530
4455634,20230601
4455635,20230530
4455637,20230530
4455651,20230530
4455654,20230601
4455656,20230601
4455660,20230530
4455972,20230530
4455978,20230601
4455979,20230601
4455980,20230601
4455982,20230530
4455984,20230601
4455985,20230530
4455997,20230330
4456001,20230601
4456006,20230530
4456007,20230530
4456024,20230530
4456028,20230601
4456034,20230530
4456035,20230601
4456036,20230601
4456039,20230530
4456042,20230530
4456043,20230530
4456046,20230601
4456047,20230530
4456048,20230530
4456049,20230601
4456051,20230530
4456054,20230530
4456057,20230530
4456058,20230530
4456061,20230530
4456063,20230601
4456067,20230530
4456068,20230530
4456070,20230530
4456072,20230530
4456073,20230530
4456077,20230530
4456280,20230530
4456281,20230530
4456282,20230530
4456283,20230530
4456286,20230530
4456287,20230601
4456288,20230530
4456290,20230530
4456292,20230530
4456293,20230530
4456294,20230530
4456295,20230601
4456296,20230530
4456304,20230601
4456311,20230530
4456313,20230530
4456317,20230530
4456318,20230530
4456319,20230530
4456320,20230530
4456321,20230601
4456323,20230609
4456325,20230530
4456326,20230530
4456328,20230530
4456329,20230601
4458115,20231209
4458117,20230929
4458156,20230929
4460245,20230530
4460246,20230530
4460247,20230530
4460248,20230530
4460250,20230530
4460252,20230530
4460253,20230530
4460254,20230530
4460258,20230530
4460260,20230530
4460261,20230530
4460262,20230530
4460263,20230530
4460319,20230601
4460325,20230601
4460339,20230601
4463893,20230601
4463904,20230601
4463929,20230601
4469810,20230601
4469812,20230601
4469814,20230601
4469816,20230601
4469818,20230601
4469819,20230601
4469821,20230601
4469822,20230601
4469823,20230601
4469825,20230601
4469827,20230601
4469829,20230601
4469831,20230601
4469832,20230609
4469833,20230601
4469835,20230601
4469839,20230601
4469858,20230609
4469859,20230601
4469864,20230530
4469866,20230530
4469867,20230530
4469868,20230530
4470689,20231004
4471824,20231004
4471827,20230929
4471847,20231129
4471873,20231209
4501897,20230421
4513503,20250324
4515285,20230502
4515660,20240521
4515662,20240521
4515665,20240521
4515681,20240521
4515769,20240521
4515771,20240521
4522591,20240523
4522593,20240524
4522594,20230505
4522595,20230426
4522596,20240521
4522599,20230426
4522601,20240524
4522602,20230426
4522670,20230502
4522867,20240521
4522868,20240524
4522869,20240521
4522870,20240521
4522871,20240521
4522872,20240521
4522878,20240523
4522881,20240523
4522886,20240523
4523086,20240523
4523088,20240523
4523090,20240526
4523092,20240526
4523093,20240523
4523094,20240523
4523095,20240526
4523230,20230502
4523981,20230502
4523990,20240521
4524100,20230519
4524188,20240521
4524203,20230515
4524253,20240523
4524254,20240523
4524263,20230505
4524264,20230515
4528285,20240526
4536418,20240521
4536419,20240521
4536440,20240521
4536441,20240524
4536443,20230504
4536444,20240521
4536445,20240524
4536446,20240420
4536448,20240521
4536450,20240524
4536471,20240523
4536485,20240523
4536486,20240523
4536487,20240523
4536488,20240523
4536503,20240523
4536504,20240526
4536505,20240523
4536506,20240523
4536507,20240527
4536510,20240420
4536516,20240526
4537119,20240523
4537120,20240523
4537137,20240526
4537138,20240523
4537141,20240523
4537148,20240527
4537151,20240523
4537153,20240523
4537156,20240523
4537157,20240523
4537158,20240525
4537159,20240523
4537160,20240527
4537161,20240527
4537162,20240523
4537163,20240413
4545831,20240419
4545881,20240523
4545882,20240526
4545883,20240526
4545884,20240526
4545895,20240523
4545897,20240527
4545899,20240523
4545909,20240523
4545910,20240526
4545912,20240523
4545915,20240420
4547803,20240523
4547804,20240523
4547810,20240523
4547811,20240526
4547818,20240523
4547829,20240523
4547830,20240526
4547882,20230602
4547883,20230602
4547884,20230601
4547885,20230601
4547886,20230601
4547887,20230601
4547888,20230601
4547889,20230601
4547890,20230601
4547891,20230601
4547893,20230607
4556116,20230601
4556117,20230602
4556176,20230607
4556177,20230601
4561361,20230607
4561362,20230601
4561363,20230601
4561365,20230601
4561400,20230601
4561401,20230601
4563394,20230607
4563395,20230607
4563396,20230607
4563397,20230607
4563398,20230601
4563399,20230601
4563400,20230601
4563401,20230601
4563402,20230601
4563405,20230929
4563406,20240618
4563407,20240618
4563408,20230928
4563409,20240618
4563410,20240618
4563417,20230607
4563421,20240618
4563423,20230602
4563430,20230601
4563505,20230602
4563565,20230602
4563608,20230602
4563609,20240526
4563610,20230928
4563611,20230929
4563613,20231004
4563614,20231004
4563618,20231004
4563619,20231004
4563620,20231004
4563622,20240617
4563623,20230929
4563624,20230929
4563625,20230607
4563626,20230928
4563627,20230929
4563631,20230607
4563636,20240618
4563638,20230607
4563639,20230602
4563640,20231004
4563641,20230928
4563643,20240420
4563665,20240521
4563668,20240523
4563669,20230928
4563673,20240618
4563676,20240526
4563677,20240526
4563686,20230602
4563687,20230602
4563692,20240617
4563694,20231004
4563703,20230607
4563704,20230607
4563705,20230607
4563706,20230607
4563707,20230607
4563708,20230607
4563709,20230607
4563710,20230607
4563712,20230602
4563717,20231004
4581067,20240616
4581070,20240619
4581072,20240523
4581073,20240616
4581075,20240616
4581081,20240526
4581087,20240617
4581092,20240617
4581103,20240616
4581105,20240616
4581106,20240616
4581109,20240526
4581112,20240523
4581118,20240617
4581124,20240616
4581133,20250425
4581134,20240616
4581135,20240616
4581143,20240617
4581144,20230929
4581145,20230929
4581146,20230929
4581147,20230929
4581159,20240619
4581162,20240420
4581163,20240623
4581164,20240619
4581172,20240616
4581173,20240625
4581174,20240614
4581175,20240616
4581176,20240616
4581180,20240616
4581189,20240616
4581192,20240617
4585494,20231209
4585518,20231209
4587631,20230928
4587860,20240620
4588439,20240420
4588450,20240618
4588452,20240420
4588458,20240616
4588459,20240618
4588460,20240618
4588464,20240619
4588478,20240619
4588576,20240617
4588597,20240619
4588598,20240618
4588604,20240622
4588605,20240617
4588609,20240527
4588617,20240616
4588618,20240420
4588619,20240625
4588620,20240616
4588627,20240526
4588634,20240523
4588641,20240616
4588642,20240617
4588643,20240617
4588645,20240616
4588647,20240617
4588652,20240420
4588653,20240623
4588663,20240617
4588683,20240617
4588690,20240622
4588697,20240618
4588700,20240616
4604295,20240618
4604304,20240618
4604308,20240521
4604309,20240521
4604311,20240521
4604312,20240521
4604313,20240521
4604314,20240618
4604315,20240618
4604316,20240618
4604317,20240618
4604320,20230629
4604321,20240419
4604326,20240619
4604356,20240618
4606538,20240420
4606539,20240618
4606540,20240623
4606556,20240523
4606561,20240617
4606592,20240622
4614407,20240618
4614408,20240420
4614436,20240617
4614465,20240617
4614834,20240715
4614835,20240615
4614841,20240720
4614842,20240719
4614843,20240719
4614848,20240716
4614851,20240715
4614852,20240716
4614856,20240712
4614858,20240723
4614859,20240714
4614860,20240621
4614861,20240718
4614863,20240722
4614866,20240715
4614868,20240617
4614869,20240617
4614872,20240718
4614879,20240420
4614884,20240718
4614885,20240720
4614894,20240617
4614895,20240716
4614897,20240719
4614898,20240724
4614899,20240724
4614900,20240724
4614901,20240719
4614902,20240721
4614904,20240714
4614905,20240714
4627794,20240415
4627830,20240716
4627831,20240716
4627835,20240415
4627836,20240712
4627844,20240718
4627857,20240715
4627858,20240715
4627863,20240722
4627872,20240721
4631719,20240615
4631740,20240714
4631741,20240714
4631742,20240714
4631743,20240714
4631745,20240715
4631747,20240719
4631752,20240722
4631756,20240716
4631757,20240715
4631760,20240721
4631761,20240721
4631762,20240618
4631764,20240716
4631771,20240720
4631772,20240420
4631774,20240712
4631775,20240719
4631776,20240716
4631777,20240714
4631778,20240716
4631780,20240720
4631861,20240714
4631866,20240617
4631870,20240720
4631871,20240719
4631872,20240724
4631873,20240622
4631879,20240721
4631883,20240716
4631884,20240723
4631885,20240719
4631886,20240724
4631887,20240719
4631888,20240716
4632035,20240618
4632045,20250214
4632046,20250418
4632047,20240721
4632053,20240721
4632057,20240716
4632058,20240716
4632059,20240722
4632062,20240716
4632063,20240716
4632065,20240716
4632067,20240716
4632069,20240716
4632082,20240618
4632084,20240618
4632086,20240721
4632099,20240721
4632114,20240719
4637777,20250327
4637779,20240722
4637783,20240617
4637786,20240725
4637790,20240618
4637795,20240720
4637799,20240712
4637802,20240720
4637807,20240718
4637808,20240718
4637818,20240722
4637819,20240721
4637820,20250123
4637835,20240725
4639445,20250427
4639450,20240617
4639451,20240719
4639455,20240725
4639457,20240617
4639458,20240618
4639459,20240719
4639461,20240714
4639464,20240615
4639468,20240716
4639470,20240721
4639474,20240720
4639475,20240618
4639476,20240623
4639481,20240714
4639488,20240716
4639490,20240721
4639491,20240720
4639576,20240720
4639584,20240713
4639587,20240712
4639588,20240712
4639593,20240725
4639597,20240721
4639598,20240721
4639611,20240617
4639613,20240413
4639614,20250216
4639615,20240622
4639619,20240715
4639621,20240718
4639625,20240725
4639626,20240721
4639631,20240718
4639632,20240718
4639638,20240721
4639640,20240414
4644900,20240417
4644901,20240808
4644902,20240808
4644903,20240812
4644905,20240417
4644906,20240417
4644911,20240720
4644912,20240713
4644914,20240724
4644917,20240812
4644919,20240808
4644920,20240808
4644921,20240808
4644923,20240722
4644925,20240720
4644927,20250213
4644928,20240724
4644929,20240618
4644934,20240722
4644938,20240712
4644942,20240722
4644947,20250418
4644948,20240811
4644949,20250122
4644950,20250615
4644951,20240815
4644954,20240720
4644958,20240806
4644961,20240720
4644962,20240815
4644963,20240722
4644964,20240622
4644965,20240811
4644966,20240811
4644967,20240811
4644977,20240724
4644978,20250613
4644981,20240720
4644982,20240815
4644983,20250126
4644984,20240815
4644985,20240815
4644986,20240814
4644988,20240815
4644989,20240815
4645424,20240721
4645426,20240721
4645427,20240714
4645428,20240809
4645431,20240715
4645433,20240716
4645435,20240811
4645437,20240725
4645520,20240718
4645521,20240806
4645522,20240812
4645524,20240618
4645525,20240815
4645526,20240715
4645527,20240806
4645528,20240811
4645531,20240618
4645534,20240413
4645535,20240805
4645536,20240717
4645537,20240715
4645538,20240815
4645539,20240718
4645540,20240805
4645542,20240815
4645544,20240715
4645546,20240805
4645662,20240714
4645663,20240714
4645664,20240714
4645665,20240615
4645666,20240714
4645667,20240716
4645668,20240622
4645669,20240806
4645670,20240808
4645673,20240716
4645674,20240812
4645675,20240721
4645676,20240812
4645677,20240417
4645678,20240720
4645679,20240720
4645680,20240718
4645681,20240618
4645682,20240618
4645683,20240615
4645684,20240722
4645685,20240803
4645686,20240808
4645689,20240810
4645690,20240812
4645692,20240808
4645693,20240812
4645697,20240808
4645701,20240808
4645702,20240812
4645703,20240718
4645706,20240721
4645707,20240811
4645708,20240718
4645711,20240623
4645712,20240723
4645713,20240718
4645714,20240521
4645715,20240718
4645718,20240721
4645719,20240718
4645761,20240722
4645762,20240720
4645764,20240815
4645765,20240811
4645766,20240811
4645767,20250422
4645768,20240725
4645769,20240725
4645770,20240815
4645771,20240815
4645772,20240811
4645774,20240811
4645777,20240718
4645778,20240617
4645780,20240622
4645787,20250118
4645788,20240811
4645789,20240811
4645797,20240815
4645798,20240815
4645799,20240815
4645800,20240815
4645801,20240811
4645802,20240718
4645803,20240718
4645806,20240810
4651092,20240806
4651094,20240806
4651095,20240806
4651096,20240807
4651097,20240807
4651098,20240806
4651099,20240806
4651100,20240719
4651101,20240721
4651102,20240713
4651103,20240807
4651104,20240721
4651105,20240807
4651106,20240807
4651107,20240805
4651108,20240807
4651110,20240806
4651112,20240807
4651113,20240809
4651115,20240722
4651116,20240807
4651117,20240807
4651119,20240807
4651120,20240806
4651121,20240806
4651122,20240806
4651125,20240806
4651127,20240806
4651128,20240715
4651130,20240806
4651131,20240721
4651132,20240721
4651133,20240721
4651135,20240807
4651136,20240721
4651220,20240806
4651221,20240807
4651222,20240807
4651223,20240417
4651224,20250417
4651225,20240807
4651226,20240807
4651227,20240806
4651228,20240807
4651229,20240807
4651230,20240807
4651231,20240807
4651232,20250213
4651233,20240806
4651234,20240720
4651235,20240722
4651236,20240811
4651237,20240415
4651238,20240722
4651239,20240811
4651240,20240811
4651241,20240725
4651242,20240718
4651244,20240807
4651245,20250421
4651255,20240720
4651256,20240811
4651257,20240811
4651258,20240815
4651259,20240811
4651261,20240811
4651262,20240809
4651263,20240809
4651264,20240811
4651265,20240725
4651266,20240809
4651267,20240811
4651268,20240815
4651736,20240811
4651739,20240720
4651760,20240718
4651761,20250125
4651762,20250617
4651763,20240725
4651765,20240618
4651766,20240722
4651767,20240807
4651768,20240812
4651769,20240814
4651770,20240725
4651772,20240811
4651774,20240810
4651775,20240721
4651777,20240721
4651778,20240615
4651779,20240805
4651780,20240805
4651781,20240809
4651782,20240809
4651783,20240808
4651784,20240808
4651785,20240721
4651786,20240721
4651787,20240808
4651789,20240812
4651791,20240618
4651792,20240615
4651793,20240718
4651794,20240716
4651796,20240721
4651799,20240623
4651919,20240720
4651920,20240716
4651921,20240815
4651922,20240811
4651924,20240811
4651925,20250418
4651926,20240810
4651929,20240815
4651930,20240815
4651931,20240720
4651932,20240815
4651935,20240720
4651940,20240808
4651941,20240808
4651942,20240720
4651943,20240809
4651944,20240720
4651946,20240811
4651947,20240723
4651948,20240815
4651949,20250523
4651950,20240811
4651952,20240811
4651953,20240725
4651954,20240811
4651955,20240815
4651957,20240815
4651958,20240811
4651960,20240810
4651964,20240806
4651965,20240811
4651966,20240805
4651967,20240722
4651968,20240815
4651969,20240810
4651971,20240811
4651972,20240811
4651973,20240811
4651974,20240811
4651975,20250519
4651977,20240716
4651978,20240809
4651979,20240809
4651980,20240724
4651981,20240808
4651983,20240808
4651984,20240808
4651985,20240713
4651986,20240724
4651988,20240808
4651989,20240806
4651990,20240721
4651992,20240618
4651993,20240618
4651994,20240618
4651995,20240619
4651996,20240619
4651997,20240619
4651998,20240722
4652000,20240808
4652065,20240617
4652066,20240617
4652067,20240617
4652071,20240807
4652072,20240719
4652073,20240806
4652074,20240811
4652078,20250522
4652079,20240720
4652080,20240805
4652081,20240805
4652082,20240719
4652083,20240805
4652084,20240810
4652085,20240724
4652086,20240814
4652087,20240622
4652088,20250318
4652089,20240810
4652090,20240807
4652091,20240809
4652094,20240716
4656707,20240721
4656708,20240811
4656709,20240811
4668550,20240721
4668553,20240622
4668787,20240618
4672260,20240722
4678402,20240616
4678476,20240907
4678477,20250429
4678478,20240907
4678479,20250613
4678480,20240907
4678481,20240908
4678482,20240908
4678485,20240720
4678488,20240810
4678490,20240814
4678491,20240808
4678492,20240810
4678495,20240812
4678506,20240918
4678514,20240813
4678519,20240918
4678590,20240619
4678592,20240618
4678627,20240618
4678654,20240619
4678656,20240618
4678657,20240809
4678862,20240815
4678863,20240622
4678864,20240810
4678865,20240909
4678866,20240723
4678867,20240712
4678868,20240909
4678869,20250316
4678871,20240909
4678872,20240909
4678873,20240815
4678876,20240713
4678878,20240617
4678882,20240715
4678883,20240807
4678890,20240722
4678899,20240807
4678902,20240814
4678905,20240722
4678907,20240810
4680940,20240715
4680941,20240715
4680942,20240713
4680943,20240720
4680944,20240722
4680945,20240722
4680946,20250515
4680947,20240811
4680948,20240618
4680949,20250322
4680950,20240722
4680952,20240722
4680953,20240808
4680955,20240811
4680957,20240617
4680959,20240413
4680960,20240807
4680961,20240622
4680962,20240722
4680963,20240815
4680966,20250206
4680967,20240808
4680968,20240808
4680970,20240615
4680971,20240811
4680972,20240808
4680973,20240810
4680974,20250809
4680978,20240720
4680979,20240808
4680980,20240814
4680982,20240809
4685724,20240809
4685726,20240920
4685727,20240803
4685728,20240303
4685797,20240721
4685798,20240814
4685799,20240724
4685800,20240909
4685802,20250328
4685803,20240915
4685804,20240618
4685805,20240712
4685806,20240720
4685807,20240724
4685809,20240811
4685819,20240713
4685820,20240811
4685823,20240815
4685824,20240721
4685835,20240724
4685837,20240811
4685838,20240907
4685839,20240815
4685840,20240725
4685841,20240722
4685842,20240907
4685843,20240623
4685844,20240810
4685845,20240810
4685852,20240809
4685853,20240720
4685854,20240807
4685977,20240811
4685979,20240907
4685980,20240907
4685981,20250114
4685982,20250327
4685983,20240725
4685984,20240725
4685985,20240811
4685986,20240618
4685987,20240811
4685988,20240617
4685989,20240720
4685990,20240917
4685991,20250317
4685992,20240907
4685993,20240807
4685994,20240807
4685995,20240807
4685996,20240811
4685997,20240811
4686003,20240815
4686005,20240618
4686009,20250515
4698636,20240910
4698637,20240908
4698638,20240910
4698639,20240910
4698640,20240620
4698641,20240908
4698642,20240914
4698643,20240908
4698644,20240908
4698645,20240713
4698646,20240907
4698647,20240910
4698649,20250318
4698650,20240907
4698651,20240808
4698652,20240808
4698659,20240908
4698660,20240914
4698661,20240908
4698662,20240910
4698663,20240913
4698664,20240913
4698665,20240920
4698666,20240913
4698667,20250216
4698668,20240808
4698670,20240808
4698671,20240913
4698672,20240920
4698675,20240808
4698676,20240907
4698677,20240907
4698678,20240617
4698681,20240913
4699178,20240914
4699179,20240913
4699180,20250212
4699182,20240808
4699184,20240815
4699185,20240808
4699186,20240808
4699187,20250515
4699188,20240919
4699189,20260210
4699190,20240908
4699191,20240722
4699192,20240913
4699193,20250517
4699194,20240913
4699195,20240907
4699196,20240810
4699197,20240810
4699200,20240908
4699201,20240908
4699202,20250125
4699204,20240725
4699206,20240908
4699209,20240722
4699210,20250909
4699212,20240907
4699213,20240908
4699214,20240907
4699215,20240620
4699218,20240916
4699219,20250126
4699634,20240919
4699635,20240718
4699636,20240720
4699637,20240908
4699638,20250123
4699639,20240804
4699641,20240911
4699642,20240803
4699644,20240811
4699645,20240917
4699647,20240913
4699648,20240617
4699651,20240907
4699652,20240622
4699653,20240620
4699656,20240913
4699658,20240721
4699659,20240720
4699660,20250804
4699661,20240620
4699662,20240720
4699663,20240715
4699664,20240920
4699666,20240722
4699667,20240720
4699668,20240911
4699669,20240815
4699676,20241203
4699777,20240912
4699778,20250512
4699779,20240920
4699780,20240907
4699781,20250517
4699783,20240911
4699784,20240911
4699785,20240911
4699786,20240920
4699787,20240811
4699788,20240815
4699789,20240815
4699790,20240720
4699794,20240720
4699796,20240908
4699797,20240907
4699798,20250713
4699799,20250321
4699800,20240809
4699801,20240713
4699802,20240907
4699803,20240811
4699804,20240908
4699807,20240907
4699808,20240907
4699809,20240809
4699810,20240809
4699811,20240920
4699812,20240714
4699814,20240907
4699815,20240907
4699819,20240908
4699820,20240917
4699821,20240618
4699822,20240718
4699823,20240718
4699825,20240811
4699826,20240908
4699829,20240807
4699830,20240915
4699831,20240620
4699832,20240918
4699835,20240907
4699866,20240617
4699867,20240908
4699868,20240916
4699869,20240916
4699870,20250712
4699871,20240806
4699872,20240810
4699873,20240815
4699874,20240907
4699876,20240920
4699877,20250419
4699879,20240907
4699880,20250426
4699881,20250423
4699882,20240814
4699883,20240809
4699884,20240720
4699885,20240907
4699886,20240622
4699888,20240907
4699889,20250426
4699890,20240622
4699891,20240907
4699893,20240810
4699894,20240813
4699895,20240415
4704990,20230929
4708156,20250615
4708158,20240908
4708160,20240907
4708163,20240910
4708164,20240712
4708165,20240812
4708166,20250212
4708168,20240920
4708169,20240420
4708172,20240725
4708173,20250418
4708174,20240717
4708186,20240622
4709394,20240720
4709395,20240920
4709396,20240413
4709398,20240806
4709399,20240809
4709400,20240807
4709401,20240907
4709402,20240907
4709403,20240810
4709404,20240907
4709405,20240907
4709406,20240907
4709407,20240907
4709408,20240907
4709409,20240809
4709410,20240909
4709411,20240814
4709412,20240718
4709415,20240908
4709416,20240916
4709417,20240908
4709418,20250522
4709419,20240813
4709420,20240810
4709423,20250425
4709428,20240907
4709431,20240807
4709432,20240907
4709433,20240907
4709435,20250617
4709436,20240718
4709438,20250720
4709439,20240916
4709440,20240913
4709444,20240908
4709448,20240911
4709449,20240811
4709450,20240908
4709451,20240908
4709452,20240916
4709455,20240725
4709457,20240907
4709459,20240720
4709460,20240907
4709461,20250418
4709462,20240615
4709463,20240813
4709464,20240908
4709465,20240910
4709466,20250618
4709468,20240623
4709470,20240811
4709471,20240911
4709473,20240920
4709477,20240721
4709478,20240908
4709479,20240720
4709480,20240916
4709481,20240810
4709482,20240918
4709483,20240617
4709484,20250422
4709485,20240908
4709486,20240811
4709488,20240908
4709556,20240907
4709559,20240907
4709561,20240815
4709568,20240721
4709571,20240713
4709573,20240719
4709574,20240720
4709575,20240718
4709578,20240811
4709579,20240810
4709580,20240913
4709581,20250516
4709582,20240920
4709583,20240907
4709584,20240911
4709585,20250516
4709587,20240811
4709590,20240720
4709592,20240911
4709593,20240913
4709594,20240908
4709596,20240815
4709598,20240721
4709599,20240721
4709602,20240920
4709603,20240724
4709604,20240911
4709605,20240914
4709606,20240913
4709607,20240911
4709610,20240810
4709612,20240720
4709614,20240813
4709615,20240809
4709616,20240718
4709617,20240615
4709618,20240909
4709640,20240908
4709641,20240916
4709642,20250219
4709644,20240918
4709645,20240907
4709646,20240908
4709647,20240907
4709648,20240725
4709649,20240809
4709650,20240913
4709651,20250219
4709652,20240920
4709653,20240815
4709655,20240920
4709661,20240813
4709664,20240917
4709665,20240916
4709667,20240720
4709668,20240810
4709671,20240918
4709673,20240810
4709674,20240810
4709675,20240811
4709676,20240815
4709677,20240920
4709678,20240809
4709679,20240805
4709682,20240809
4709683,20240809
4709685,20240914
4709687,20240908
4709688,20240618
4709689,20240718
4719529,20240913
4719530,20240913
4719533,20240913
4719535,20240417
4719536,20250421
4719537,20250324
4719538,20240913
4719540,20240913
4719543,20240810
4719545,20240913
4719546,20240913
4719547,20240913
4719549,20240622
4719551,20240814
4719554,20240420
4719555,20240725
4719557,20250429
4719559,20240722
4719560,20250320
4719571,20240908
4719572,20240918
4719573,20250613
4719579,20240722
4719581,20240813
4719585,20240722
4719590,20240916
4719597,20240917
4719598,20240913
4719599,20240917
4719602,20240910
4719603,20240920
4719604,20240718
4719605,20240810
4719606,20240811
4719607,20240911
4719608,20240908
4719611,20240619
4719613,20240723
4719614,20240908
4719615,20240916
4719616,20240713
4719617,20240720
4719618,20240722
4721600,20240806
4721605,20250518
4721606,20240615
4721607,20240719
4721609,20240722
4721610,20240718
4721611,20240908
4721613,20240918
4721614,20240813
4721615,20240618
4721616,20241202
4721617,20250522
4721620,20250327
4721621,20240810
4721622,20240724
4721623,20240810
4721624,20240618
4721628,20240618
4721629,20240915
4721630,20250210
4721632,20240907
4721634,20240815
4721635,20240815
4721637,20240725
4721669,20240910
4721672,20240912
4721674,20240720
4721675,20240814
4721676,20240720
4721677,20240911
4721678,20240912
4721680,20240720
4721681,20240724
4721682,20240912
4721683,20250317
4721684,20240722
4721685,20240713
4721686,20240713
4721687,20240916
4721689,20240919
4721690,20240722
4721691,20240919
4721694,20240910
4721696,20240913
4721697,20240907
4721703,20240722
4721705,20240810
4721711,20240908
4721714,20240916
4721719,20240910
4721721,20240809
4721722,20240919
4721723,20240920
4721724,20240918
4721727,20240918
4721728,20240914
4721729,20240720
4721736,20240805
4721737,20240919
4721738,20240718
4721741,20240920
4721745,20240618
4721748,20250522
4721749,20250616
4721753,20240618
4721754,20240920
4721755,20240918
4721756,20250417
4721757,20230928
4721758,20230928
4721759,20230928
4721761,20250327
4721762,20250621
4721764,20240908
4721766,20240814
4721769,20240913
4726874,20230929
4727035,20230929
4727566,20230929
4727567,20230929
4727568,20230929
4727576,20240916
4727577,20240913
4727583,20250122
4727584,20240810
4727585,20240722
4727587,20240618
4727588,20240724
4727591,20240920
4727592,20240920
4727597,20240721
4727598,20240720
4727600,20240910
4727601,20230929
4727602,20250426
4727603,20240617
4727604,20240909
4727605,20240918
4727607,20240715
4727609,20240910
4727610,20250807
4727611,20240908
4727708,20250424
4727709,20240724
4727721,20240720
4727726,20240907
4727733,20240420
4727734,20240916
4727735,20240911
4727736,20240815
4727737,20240715
4727738,20250708
4727739,20250117
4727740,20240618
4727747,20240918
4727754,20240917
4727755,20250423
4727758,20240615
4727762,20240617
4727764,20240911
4727766,20240724
4727767,20240807
4727769,20230929
4727770,20230929
4727771,20230929
4728629,20240919
4728631,20240920
4728632,20240810
4728633,20250219
4728635,20250423
4728639,20240721
4728640,20240814
4728643,20240720
4728644,20240920
4728645,20240807
4728646,20250419
4728647,20240722
4728648,20240809
4728649,20240914
4728650,20240918
4728656,20240919
4728657,20240920
4728663,20240722
4728664,20240720
4730215,20230929
4730216,20230929
4730217,20230929
4730218,20230929
4730219,20230929
4730222,20250327
4730223,20240913
4730232,20240908
4730233,20240908
4730234,20240803
4730236,20240911
4730240,20250614
4730241,20240720
4730242,20240918
4730243,20240913
4730246,20240913
4730250,20240920
4730251,20240805
4730252,20250423
4730253,20230929
4730254,20230928
4730255,20230929
4730256,20230929
4730257,20240814
4730260,20240718
4730261,20240413
4730262,20240806
4730263,20240717
4730264,20240814
4730265,20240809
4730266,20240913
4734826,20240223
4734827,20240223
4734847,20240223
4734859,20231203
4736765,20240223
4737622,20230928
4737635,20230928
4742915,20240725
4742918,20240722
4742920,20230929
4742921,20230929
4742922,20230929
4742923,20230929
4742924,20230929
4742927,20240725
4742935,20240809
4742936,20240908
4742938,20240815
4742940,20240714
4742945,20250114
4742946,20240920
4742950,20240814
4742951,20240722
4742952,20250117
4742953,20240809
4742955,20240613
4743102,20240810
4743674,20241014
4743676,20241003
4743678,20241003
4743683,20240720
4743686,20241005
4743688,20230929
4743689,20230929
4743690,20230929
4743691,20230929
4743692,20230929
4743693,20240911
4743694,20241015
4743695,20240725
4743697,20240618
4743698,20250326
4743701,20240908
4743714,20240919
4743716,20240617
4743760,20241009
4743761,20240908
4743762,20240908
4743767,20240908
4743768,20240813
4743769,20240815
4743770,20240815
4743772,20241008
4743773,20250615
4743774,20241010
4743775,20240721
4743776,20240720
4743778,20241008
4743781,20240920
4743782,20250421
4743785,20250421
4743786,20241012
4743787,20240920
4743789,20241005
4743791,20250514
4743792,20241005
4743794,20240908
4743795,20240617
4743796,20240617
4743798,20241012
4743800,20250423
4743801,20250122
4743802,20240910
4743804,20240908
4743805,20240913
4743807,20241008
4743808,20241013
4744098,20231129
4744099,20231129
4744100,20231128
4744101,20231129
4744105,20231203
4744107,20231128
4744108,20231128
4744109,20231129
4744110,20231129
4744111,20231209
4744112,20231129
4744113,20231209
4744114,20231209
4744115,20231209
4744116,20231129
4744117,20231129
4744118,20231129
4744119,20231129
4744120,20231129
4744121,20231203
4744124,20241014
4744125,20241015
4744126,20241014
4744127,20231203
4744128,20241014
4744129,20231129
4744131,20240712
4744132,20250525
4744133,20231129
4744136,20231129
4744137,20240712
4744138,20231129
4744139,20231129
4744141,20231209
4744142,20231209
4744143,20231129
4744144,20240722
4744145,20231129
4744148,20241015
4744149,20241013
4744150,20240807
4744352,20240908
4744353,20241008
4744354,20240908
4744356,20250613
4744357,20240718
4744358,20240722
4744359,20241012
4744361,20250422
4744362,20241009
4744363,20240919
4744364,20240920
4744365,20240908
4744366,20240712
4744367,20240809
4744368,20241203
4744369,20241008
4744374,20241005
4744376,20241013
4744377,20240803
4744378,20240809
4744379,20250815
4744380,20240720
4744381,20240815
4744383,20241003
4744384,20241010
4744385,20240908
4744388,20240810
4744392,20230929
4744393,20230929
4744395,20240713
4744397,20240720
4744400,20240809
4744401,20241014
4744404,20240920
4744405,20240810
4744407,20230929
4745233,20231209
4745234,20231129
4745235,20231129
4745236,20231209
4745237,20231129
4745238,20231129
4745239,20231209
4745242,20240615
4745244,20240715
4745245,20231129
4745246,20250327
4745247,20240720
4745248,20231209
4745249,20231129
4745250,20231209
4745251,20231129
4745252,20231128
4745253,20231128
4745254,20231128
4745255,20231128
4745256,20231128
4745257,20231128
4745258,20231128
4745259,20231128
4745260,20230928
4745261,20230928
4745262,20230928
4745263,20240724
4745264,20240622
4745265,20240613
4745266,20231209
4745267,20240807
4745268,20240916
4745270,20231128
4745271,20240913
4745272,20231209
4749406,20231129
4749407,20240618
4749727,20231209
4749728,20231209
4749730,20241008
4749735,20231129
4749736,20231129
4749738,20240718
4749739,20241014
4749740,20231128
4749742,20231209
4749743,20241012
4749745,20240911
4749747,20231129
4749749,20240725
4749751,20240618
4749753,20231209
4749754,20231128
4749755,20241014
4749767,20241003
4749772,20241005
4749773,20241011
4749774,20241005
4749776,20241014
4749777,20241009
4749780,20231128
4749781,20231209
4749783,20231129
4749784,20231129
4749785,20241014
4749786,20241008
4749787,20240918
4749788,20250615
4749789,20250523
4749791,20241006
4749792,20240723
4749793,20241114
4749794,20240910
4749795,20241011
4749796,20231209
4749797,20240809
4749798,20250429
4749799,20240917
4749800,20231129
4749801,20241005
4749802,20240919
4749803,20241006
4749804,20250428
4749805,20241006
4749806,20231209
4749807,20231129
4749808,20231129
4749809,20240720
4749810,20241014
4749811,20241014
4749812,20241005
4749813,20241005
4749815,20231129
4749816,20231209
4749817,20231209
4749818,20231129
4749819,20240918
4749848,20231209
4749849,20231129
4749850,20231209
4749851,20241008
4749852,20241012
4749853,20240809
4749854,20241012
4749855,20231209
4749856,20231209
4749857,20231129
4749858,20240713
4749863,20241006
4749865,20241004
4749866,20241005
4749867,20240919
4749868,20240810
4749871,20241013
4749872,20240807
4749873,20240807
4749875,20240725
4749876,20240811
4749877,20241010
4749878,20231203
4749880,20240720
4749883,20241005
4749885,20241004
4749886,20241005
4749888,20240716
4749890,20231209
4749894,20231129
4749895,20231209
4749896,20231129
4749897,20231129
4749898,20231129
4749899,20241005
4749900,20241004
4749901,20240916
4749902,20250615
4749903,20240809
4749904,20240722
4749924,20231129
4749925,20240721
4749927,20231129
4749928,20241009
4749929,20231209
4749930,20241011
4749932,20240618
4749933,20231209
4749934,20231209
4749935,20231209
4749936,20241009
4749937,20241009
4749938,20231209
4749939,20240618
4749940,20231129
4749941,20231209
4749942,20231129
4749943,20241013
4749944,20240618
4749945,20231129
4749946,20241010
4749947,20231129
4749948,20231209
4749949,20231129
4749950,20231129
4749952,20231129
4749953,20240917
4749955,20241010
4749956,20231129
4749960,20231129
4749961,20231129
4749962,20240809
4749963,20231129
4749965,20231129
4749966,20241005
4749967,20231129
4749968,20231209
4749969,20240615
4749970,20240724
4749971,20241012
4749972,20241009
4749973,20240618
4749974,20240721
4749977,20240809
4749978,20240917
4749979,20240810
4749980,20240718
4749981,20231209
4749982,20231209
4749983,20231129
4749984,20231209
4749985,20231129
4749986,20240420
4749987,20241013
4749988,20250210
4749989,20231209
4749990,20240815
4749991,20240815
4749992,20240803
4749993,20240623
4749994,20240719
4749995,20240715
4749996,20241005
4749997,20240809
4749998,20241010
4749999,20231129
4750000,20240722
4750001,20241005
4750002,20241004
4760060,20240813
4760061,20240915
4760062,20231203
4760063,20250425
4760064,20240724
4760065,20241013
4760066,20241005
4760067,20241008
4760069,20231128
4760070,20250517
4760071,20241003
4760072,20231209
4760073,20240909
4760074,20231203
4760106,20241006
4760107,20241009
4760108,20241012
4760109,20241004
4760110,20241004
4760111,20240810
4760112,20241011
4760113,20241012
4760114,20241006
4760115,20241006
4760116,20241011
4760117,20241015
4760118,20241009
4760119,20241014
4760120,20241005
4760121,20241006
4760124,20240719
4760125,20231129
4760126,20231128
4760129,20240420
4760130,20231129
4760132,20240910
4760133,20240725
4760134,20240715
4760135,20240911
4760136,20231129
4760137,20231128
4760138,20240807
4760139,20231129
4760140,20240720
4760141,20241004
4760142,20241004
4760143,20241010
4760145,20241014
4760147,20241013
4760168,20241012
4760169,20241009
4760170,20241012
4760171,20241003
4760172,20241004
4760173,20241009
4760174,20250512
4760175,20241004
4760176,20241012
4760177,20241004
4760178,20241013
4760179,20250324
4760180,20241013
4760181,20241009
4760183,20250617
4760185,20231128
4760187,20241009
4760188,20241007
4760189,20250613
4760190,20240810
4760192,20231209
4760193,20241003
4760195,20241005
4760196,20241003
4760197,20241013
4760198,20241013
4760199,20241003
4760200,20241003
4760201,20241003
4760202,20241004
4760203,20241014
4760204,20241008
4760206,20250615
4760207,20240918
4760208,20231209
4760209,20231129
4760210,20240722
4760211,20241003
4760213,20240910
4760214,20241015
4760216,20231128
4760217,20241006
4760220,20241012
4760221,20231128
4760346,20241012
4760347,20241012
4760349,20241014
4760350,20241009
4760351,20241004
4760355,20241012
4760356,20241009
4760357,20241009
4760358,20241009
4760359,20241008
4760360,20241004
4760361,20240807
4760362,20241009
4760363,20240814
4760364,20241012
4760365,20240715
4760366,20240712
4760369,20241012
4760370,20240622
4760371,20241004
4760373,20241012
4760374,20240917
4760375,20241006
4760378,20241003
4760379,20241013
4760381,20240716
4760382,20240720
4760383,20240716
4760385,20240720
4760386,20240916
4760387,20240722
4760388,20240917
4760389,20240613
4760390,20240809
4760392,20240718
4760393,20240615
4760394,20240810
4760395,20250813
4760398,20240910
4760399,20240721
4760440,20240622
4760441,20240910
4760442,20241004
4760443,20240720
4760444,20240810
4760445,20240805
4760446,20240920
4760448,20241008
4760449,20240907
4760450,20241003
4760451,20241010
4760452,20240618
4760453,20241009
4760454,20241003
4760455,20250708
4760456,20241008
4760457,20241005
4760458,20240917
4760460,20240618
4760461,20241013
4760462,20241003
4760467,20240613
4760468,20240911
4760469,20241014
4760470,20241004
4760472,20240911
4760473,20250710
4760474,20241003
4760476,20240810
4760477,20241014
4760478,20241009
4760495,20241012
4760496,20231208
4760497,20241013
4760498,20231208
4760499,20231208
4760500,20241008
4760501,20231208
4760502,20241012
4760503,20241012
4760504,20231208
4760505,20240814
4760506,20231208
4760507,20240809
4760508,20231208
4760509,20241006
4760510,20241012
4760511,20231208
4760512,20241009
4760513,20231208
4760514,20241005
4760515,20231208
4760516,20240809
4760518,20240615
4760521,20241014
4760522,20240618
4760523,20241009
4760524,20241012
4760525,20241009
4760526,20241009
4760527,20241008
4760529,20240618
4760531,20241003
4760532,20240809
4760533,20241008
4760534,20240910
4760535,20240622
4760538,20240718
4760539,20241004
4760540,20240810
4760541,20241012
4760542,20241004
4762228,20231129
4762229,20240222
4762230,20240223
4762247,20231129
4762521,20241012
4762522,20241012
4762524,20241003
4762527,20240810
4762530,20240919
4762531,20250425
4762533,20240919
4762534,20241015
4762536,20241010
4762537,20241102
4762539,20240814
4762541,20241015
4762542,20241103
4762543,20240910
4762544,20241015
4762545,20240810
4762546,20240618
4762547,20240914
4762548,20240916
4762549,20240717
4762550,20241010
4762551,20240908
4762552,20241013
4762553,20241003
4762555,20241012
4762556,20241013
4762592,20241004
4762593,20241004
4762594,20241106
4762595,20250424
4762596,20250716
4762599,20241010
4762600,20241006
4762601,20241113
4762605,20241008
4762606,20241005
4762607,20241014
4762608,20241004
4762609,20241009
4762610,20241003
4762611,20241003
4762612,20240811
4762613,20241012
4762614,20241015
4762615,20240723
4762616,20250615
4762617,20241012
4762618,20250624
4762619,20241009
4762620,20241005
4762621,20241009
4762622,20241015
4762623,20241003
4762625,20240810
4762626,20241012
4762627,20241003
4762628,20241012
4762631,20250622
4762632,20241006
4762633,20241014
4762634,20240810
4762636,20241014
4762667,20241112
4762668,20250616
4762671,20240622
4762672,20240720
4762673,20241006
4762674,20240720
4762675,20241013
4762676,20240813
4762677,20241101
4762678,20240810
4762679,20240722
4762680,20241014
4762681,20241003
4762682,20241009
4762683,20240915
4762684,20241008
4762685,20241003
4762686,20241113
4762687,20241003
4762688,20241003
4762689,20240420
4762690,20240810
4762691,20240909
4762693,20241013
4762695,20241006
4762696,20241015
4762697,20241101
4762698,20241101
4762700,20241101
4762701,20241101
4762703,20240722
4762704,20240724
4762705,20240622
4762706,20241015
4762714,20241009
4762715,20240814
4762717,20241006
4762718,20241112
4762719,20240625
4762721,20241014
4762722,20241009
4762723,20240913
4762724,20241014
4762725,20240810
4762726,20241101
4762727,20241003
4762728,20241014
4762730,20250124
4762731,20240718
4762732,20250711
4762733,20240917
4762734,20241003
4762735,20241005
4762736,20240803
4762737,20241013
4762738,20240814
4762739,20241112
4762740,20241011
4762742,20241014
4762743,20241013
4762744,20241014
4762745,20241014
4762746,20241009
4762747,20241003
4762748,20241008
4762749,20241003
4762750,20241013
4762751,20241003
4762752,20241003
4762754,20240917
4762755,20240809
4762756,20240720
4762758,20240716
4762759,20240813
4762821,20241112
4762823,20241101
4762824,20241013
4762825,20241013
4762826,20241113
4762827,20241009
4762828,20250815
4762829,20241003
4762830,20241114
4762831,20241114
4762833,20241110
4762835,20241009
4762836,20241008
4762837,20241003
4762838,20241114
4762839,20241005
4762840,20241005
4762841,20240720
4762842,20241006
4762843,20240918
4762844,20240810
4762845,20241008
4762853,20240620
4762855,20240920
4762856,20250518
4762857,20250515
4762858,20241005
4762859,20240908
4762860,20241009
4762861,20240720
4762862,20250518
4762863,20240615
4762864,20241003
4762865,20240622
4762867,20241012
4762868,20241012
4762869,20241012
4762870,20240720
4762871,20240813
4762872,20240718
4762873,20240722
4762874,20241003
4762875,20240917
4762876,20241006
4775370,20240917
4782030,20240815
4782031,20241009
4782032,20241103
4782033,20241013
4782034,20241104
4782036,20240712
4782039,20241015
4782040,20240810
4782041,20240910
4782042,20240918
4782043,20241006
4782044,20240420
4782045,20240811
4782048,20241114
4782049,20250321
4782051,20240813
4782055,20240815
4782056,20240717
4782057,20250425
4782058,20250424
4782059,20241008
4782060,20241104
4782061,20241009
4782062,20241009
4782063,20250519
4782064,20241009
4782066,20241004
4782067,20241103
4782069,20241004
4782070,20241014
4782071,20241013
4782072,20241012
4782073,20241106
4782074,20250614
4782079,20241112
4782080,20241008
4782081,20241006
4782082,20241014
4782083,20250219
4782084,20240623
4782086,20241006
4782087,20241012
4782089,20241010
4782090,20241012
4782094,20250426
4782095,20250214
4782096,20250324
4782099,20241003
4782100,20241009
4782101,20240917
4782102,20241012
4782104,20240811
4782106,20240907
4782107,20241014
4782109,20241014
4782110,20241112
4782111,20241112
4782144,20241109
4782145,20240720
4782146,20241107
4782147,20241012
4782148,20241003
4782149,20241005
4782150,20241107
4782151,20241009
4782152,20241107
4782153,20241112
4782154,20241107
4782155,20240814
4782156,20241112
4782158,20241006
4782159,20241006
4782160,20241107
4782161,20241112
4782162,20241106
4782163,20241111
4782165,20241107
4782166,20240811
4782167,20241003
4782168,20241009
4782169,20241004
4782170,20241003
4782171,20241013
4782172,20241003
4782173,20241007
4782174,20241010
4782175,20241009
4782176,20241003
4782177,20240810
4782178,20240811
4782179,20241110
4782180,20240814
4782181,20241003
4782183,20241112
4782184,20240809
4782185,20240909
4788831,20240714
4788833,20241104
4788834,20241106
4788838,20241106
4788839,20241102
4788840,20240809
4788841,20240718
4788842,20240713
4788843,20240713
4788846,20240910
4788847,20241003
4788849,20240717
4788850,20241012
4788851,20241111
4788853,20241111
4788854,20241111
4788855,20241114
4788857,20240910
4788859,20241106
4788860,20240814
4788861,20240720
4792868,20240613
4793990,20250518
4793991,20241107
4793992,20241113
4793993,20241104
4793994,20241107
4793995,20241110
4793996,20241012
4793997,20250514
4793998,20241110
4793999,20241110
4794000,20241110
4794001,20241008
4794002,20241104
4794003,20241101
4794004,20250619
4794005,20241011
4794006,20241015
4794007,20241015
4794008,20241105
4794009,20240907
4794010,20240613
4794011,20250430
4794012,20240907
4794013,20240815
4794014,20240715
4794015,20240618
4794016,20240911
4794018,20240724
4794019,20241015
4794020,20240807
4794021,20240720
4794022,20241107
4794023,20241101
4794024,20241113
4794025,20241112
4794026,20241112
4794027,20241106
4794028,20241112
4794029,20250708
4794132,20241014
4794133,20250513
4794134,20241009
4794135,20241102
4794136,20241112
4794137,20241112
4794138,20241109
4794139,20241110
4794140,20240815
4794141,20241107
4794142,20241112
4794143,20240720
4794144,20240809
4794145,20240720
4794146,20241003
4794147,20241008
4794148,20241113
4794149,20241012
4794150,20241006
4794151,20241012
4794153,20240810
4794154,20240724
4794155,20240615
4794156,20250624
4794157,20240910
4794158,20241003
4794159,20241009
4794160,20240809
4794161,20241010
4794162,20241003
4794163,20240910
4794164,20241012
4794165,20240907
4794166,20241007
4794167,20241102
4794168,20241101
4794170,20241102
4794196,20241012
4794197,20241112
4794198,20241112
4794199,20241103
4794200,20241003
4794201,20241113
4794202,20241106
4794203,20241009
4794205,20240809
4794206,20240809
4794207,20240724
4794208,20240720
4794209,20241113
4794210,20241007
4794211,20250514
4794212,20240720
4794217,20240620
4794218,20240814
4794219,20240809
4794220,20241106
4794223,20241114
4794224,20241114
4794225,20240810
4794226,20240718
4794227,20241012
4794228,20240720
4794229,20241003
4794231,20241008
4794234,20240811
4794235,20250513
4794236,20241112
4794237,20241107
4794238,20241107
4794239,20241010
4794240,20241015
4794244,20250709
4794245,20241101
4794246,20241015
4794247,20240620
4794248,20241006
4794249,20241015
4794250,20241112
4794251,20241015
4794252,20241112
4794253,20241008
4794254,20241112
4794255,20241006
4794256,20241012
4794257,20241005
4794259,20241003
4794260,20241015
4794261,20240916
4794262,20241015
4794263,20241107
4794264,20241012
4794265,20240813
4794267,20241003
4794268,20241007
4794269,20240815
4794271,20240917
4794272,20240716
4794273,20240908
4794274,20241012
4794276,20240620
4794277,20240810
4794278,20240620
4794279,20240913
4794281,20241103
4794282,20250815
4794284,20241009
4794285,20241104
4794286,20241107
4794288,20241107
4794290,20241107
4794292,20241102
4794293,20241103
4794296,20240724
4794298,20241102
4794300,20241010
4794301,20241006
4794302,20240809
4794304,20241012
4794305,20241107
4794307,20241104
4801510,20240613
4801511,20240623
4801512,20241010
4801513,20241009
4801514,20240622
4801517,20240811
4801522,20241009
4801523,20241010
4801524,20241009
4801525,20241104
4801526,20240913
4801527,20241012
4801528,20241013
4801530,20241006
4801532,20240809
4801533,20241003
4801534,20241006
4801535,20241113
4801536,20241014
4801537,20241008
4801538,20241003
4801539,20241113
4801540,20240916
4801541,20241008
4801542,20240920
4801543,20241005
4801544,20241112
4801545,20241104
4801546,20241104
4801547,20241009
4801549,20241008
4801550,20241111
4801551,20241101
4801552,20241101
4801553,20241112
4802378,20240419
4802379,20241013
4802380,20240419
4802382,20240419
4802383,20240419
4802384,20240419
4802385,20240419
4802387,20240419
4802394,20240419
4802396,20240419
4802398,20240419
4802401,20241113
4802402,20241106
4802403,20241006
4802404,20241009
4804360,20250217
4804361,20240910
4804363,20250616
4804364,20241111
4804365,20241003
4804366,20241003
4804367,20241013
4804369,20241111
4804370,20240915
4804371,20240721
4804372,20241009
4804373,20240722
4804374,20250210
4804376,20241012
4804377,20241009
4804378,20240809
4804379,20241010
4804381,20240910
4804382,20241012
4804383,20241003
4804384,20240715
4804385,20241007
4804388,20241003
4804390,20241014
4804394,20241102
4804395,20241102
4804397,20241107
4804404,20241203
4804520,20240910
4804521,20241014
4804523,20240717
4804524,20240720
4804525,20240920
4804528,20241008
4804530,20241113
4804531,20241014
4804533,20241009
4804536,20240917
4804537,20240724
4804538,20240915
4804541,20240618
4804542,20240811
4804543,20250519
4804545,20241013
4804546,20240908
4804547,20241112
4804548,20241003
4804550,20240622
4804551,20240908
4804552,20240613
4804553,20241006
4804554,20240805
4804555,20241009
4806465,20241113
4806471,20240715
4806473,20241106
4806475,20240915
4806477,20240809
4806481,20240913
4806482,20240620
4806484,20241102
4806486,20241109
4806487,20240613
4806490,20240913
4806492,20240913
4806493,20241009
4806494,20240806
4806495,20241012
4806496,20241010
4806497,20240720
4806498,20241005
4806499,20240619
4806500,20241010
4806503,20240618
4806504,20250521
4806505,20240803
4806506,20241008
4806507,20240916
4806508,20240718
4806509,20241107
4806510,20241007
4806511,20241012
4806514,20240913
4809057,20240618
4809967,20241113
4809969,20241113
4809974,20241008
4809975,20241008
4809976,20240619
4809978,20240720
4809982,20240712
4809983,20250515
4809984,20241112
4809985,20241012
4809986,20250709
4809987,20241003
4809988,20241006
4809989,20241008
4809990,20240920
4809991,20241013
4809992,20241010
4809993,20241003
4809995,20241003
4809997,20241013
4809998,20241003
4810000,20241111
4810002,20240620
4810003,20241102
4810004,20241014
4810005,20241113
4810006,20241101
4810007,20241101
4810008,20241009
4810010,20240920
4810012,20240809
4812167,20241113
4812168,20241113
4812172,20241014
4812176,20250419
4812177,20241009
4812179,20240909
4812180,20241106
4812182,20240917
4812183,20250520
4812184,20250520
4812185,20240809
4812186,20250214
4812188,20241107
4812192,20241101
4812204,20240810
4812205,20241114
4812206,20240718
4812263,20241009
4812269,20240910
4812272,20250813
4812274,20241111
4812275,20240907
4812276,20250326
4812277,20241107
4812278,20241005
4812281,20250512
4812283,20240724
4812286,20240722
4812287,20240810
4812288,20241104
4812289,20241008
4812290,20250216
4812291,20241003
4812293,20240908
4812294,20241111
4812295,20240807
4812302,20250913
4812304,20241112
4812307,20250519
4812313,20241104
4812315,20241113
4812317,20241113
4812318,20241107
4812319,20241104
4812320,20241113
4812321,20241110
4812322,20241104
4812323,20241113
4812324,20241111
4812325,20240919
4812329,20241108
4812333,20250418
4812334,20241009
4812337,20240809
4812339,20241012
4812341,20241009
4812342,20241015
4812344,20240714
4812345,20240909
4812346,20241003
4812347,20240717
4812348,20240907
4812350,20240618
4812351,20240724
4812356,20241006
4812357,20240720
4812358,20250912
4812359,20250620
4812360,20240917
4812905,20241101
4812906,20241003
4812908,20241009
4812909,20240810
4812910,20240910
4812912,20240615
4812913,20240721
4812914,20240615
4812917,20241114
4812918,20240814
4812919,20240920
4812920,20240810
4812921,20240809
4812922,20241012
4812923,20240919
4812925,20241014
4812926,20241112
4812927,20241006
4812928,20241008
4812929,20240920
4812930,20241106
4812932,20241106
4812933,20241003
4812934,20241010
4812935,20241106
4812936,20241114
4812937,20240807
4812938,20241003
4812939,20240615
4812941,20240720
4812942,20240716
4812943,20241112
4812944,20241013
4812945,20241009
4812946,20241111
4812950,20240721
4812952,20240810
4812953,20240920
4812955,20241008
4812956,20241104
4812957,20241008
4812958,20241101
4812960,20241114
4813928,20241008
4813930,20240720
4813931,20240809
4813933,20240722
4813934,20250624
4813935,20241008
4813936,20250615
4813943,20241009
4813945,20241101
4813947,20241106
4813949,20250620
4813950,20241104
4813951,20241113
4813952,20241015
4813954,20241102
4813955,20241014
4813956,20241009
4813957,20240810
4813959,20241102
4813960,20241003
4813961,20241007
4813962,20240908
4813967,20240809
4813969,20240720
4813970,20241112
4813971,20240809
4813972,20241008
4813973,20241003
4813974,20240809
4813976,20250215
4813977,20240718
4813978,20240805
4813981,20250618
4813982,20241015
4813983,20241112
4813984,20241101
4813985,20241112
4813986,20240809
4813987,20241009
4813988,20241008
4813989,20240810
4813990,20241003
4813991,20241113
4828440,20241106
4828441,20241205
4828442,20241205
4828443,20241205
4828444,20241101
4828445,20241205
4828446,20241205
4828448,20241210
4828449,20241204
4828450,20241204
4828451,20241208
4828452,20241208
4828453,20241208
4828454,20241209
4828455,20241201
4828456,20240713
4828457,20240915
4828459,20241003
4828460,20240721
4828462,20241210
4828463,20241209
4828464,20241210
4828466,20250917
4828467,20241211
4828468,20241009
4828470,20250621
4828861,20231129
4828862,20231129
4828863,20231129
4828864,20231129
4828865,20241003
4828866,20240809
4828867,20241104
4828869,20250423
4828870,20241004
4828872,20240229
4828874,20241112
4828875,20240721
4828876,20241208
4828877,20240916
4828878,20241210
4828880,20231129
4828881,20241012
4828882,20241201
4828883,20241107
4828884,20241209
4828886,20240907
4828887,20241015
4828889,20241212
4828890,20241102
4828891,20241212
4828892,20241113
4828893,20241106
4828894,20241211
4828895,20241206
4828897,20241203
4828898,20241209
4828899,20241209
4828900,20250612
4828901,20241201
4828902,20240718
4828904,20241203
4828905,20241201
4829236,20231129
4829237,20231130
4829238,20231130
4829239,20231130
4829240,20231130
4829242,20240720
4829243,20231130
4829244,20231129
4829245,20231129
4829246,20231203
4829247,20231203
4829248,20231130
4829249,20231130
4829250,20231203
4829251,20231203
4829252,20231130
4829253,20231203
4829254,20231130
4829255,20241008
4829256,20240225
4829258,20241212
4829259,20231129
4829263,20231130
4829265,20241004
4829268,20231129
4829269,20231130
4829270,20231130
4829271,20231130
4829272,20231130
4829273,20231130
4829274,20231130
4829275,20231130
4829338,20241104
4829339,20241014
4829340,20241013
4829342,20241209
4829343,20250118
4829344,20241008
4829346,20241012
4829347,20241209
4829348,20250803
4829349,20240915
4829350,20240915
4829351,20240916
4829352,20240918
4829353,20241003
4829355,20241209
4829357,20240225
4829358,20240225
4829359,20231130
4829360,20240907
4829361,20241111
4829362,20231130
4829363,20241111
4829366,20241201
4829370,20240815
4829375,20241010
4829376,20241003
4829377,20231130
4829381,20241210
4829382,20241008
4829383,20241008
4829384,20231129
4829385,20231129
4829387,20231130
4829389,20241209
4829390,20231130
4829391,20231130
4829392,20231130
4829394,20241112
4829395,20241101
4829396,20241104
4829399,20240913
4829400,20241013
4829401,20241003
4829404,20231130
4829405,20231130
4829406,20231130
4829407,20241101
4829408,20241211
4829409,20241106
4829410,20241112
4829411,20241210
4829412,20241201
4829413,20231130
4829415,20241008
4829416,20231130
4829417,20231130
4829418,20231130
4829419,20231130
4829423,20231203
4829424,20231203
4829427,20231130
4829428,20231130
4829429,20231129
4829430,20231129
4829431,20240809
4829432,20231129
4829433,20241004
4829434,20240718
4829435,20250210
4829436,20231130
4829437,20231130
4829439,20241003
4829440,20250708
4829441,20241113
4829442,20250117
4829443,20240916
4829445,20241104
4829446,20241212
4829447,20240620
4829449,20250419
4829450,20231129
4829451,20241201
4829452,20250811
4829453,20240805
4829454,20241201
4829455,20240811
4829456,20241003
4832479,20241008
4837617,20241006
4837618,20241006
4837619,20241003
4837620,20241005
4837621,20241203
4837623,20241206
4837624,20241203
4837625,20240722
4837626,20241203
4837627,20241003
4837630,20231129
4837631,20231129
4837632,20231129
4837633,20240919
4837634,20241202
4837635,20240915
4837637,20240718
4837638,20241104
4837639,20241111
4837640,20241202
4837641,20241204
4837642,20231130
4837643,20241008
4837644,20241211
4837645,20241211
4837646,20240302
4837647,20240807
4837648,20231130
4837650,20241201
4837651,20240714
4837652,20240717
4837653,20241203
4837654,20241107
4837656,20240302
4837657,20240225
4837658,20240225
4837659,20240225
4837660,20240229
4837662,20240225
4837663,20240225
4837664,20240225
4837665,20240225
4837667,20250119
4837669,20241201
4837671,20241210
4837672,20241205
4837673,20231203
4837674,20231203
4837675,20231203
4837676,20231130
4837677,20231203
4837678,20231203
4837679,20231203
4837680,20231203
4837681,20240225
4837683,20240302
4837684,20240222
4837685,20240302
4837686,20240302
4837687,20240302
4837688,20240302
4837689,20240302
4837690,20240302
4837692,20241201
4837693,20241009
4837694,20241201
4837695,20231130
4837696,20231130
4837697,20231130
4837698,20231130
4837699,20231130
4837700,20231130
4837701,20231130
4837702,20231130
4837703,20241107
4837704,20241003
4837705,20240225
4837706,20240225
4837707,20241104
4837708,20240907
4837709,20241211
4837710,20241015
4837711,20241015
4837712,20241209
4837713,20241206
4837714,20241111
4837715,20241211
4837716,20240713
4837717,20241201
4837720,20241208
4837721,20241114
4837722,20231130
4837723,20231130
4837725,20241008
4837726,20240907
4837727,20240907
4837728,20241204
4837729,20241015
4837730,20241112
4837731,20241201
4837732,20241201
4837733,20241113
4837734,20241209
4838274,20241106
4838278,20241201
4838279,20240222
4838280,20241202
4838281,20241103
4838282,20241202
4838283,20241202
4838285,20241113
4838286,20241113
4838287,20240615
4838288,20240615
4838289,20240617
4838290,20240225
4838291,20240225
4838292,20240721
4838294,20240810
4838295,20240623
4838296,20240615
4838297,20240911
4838299,20240225
4838300,20240225
4838301,20240225
4838302,20240225
4838303,20240225
4838304,20240225
4838305,20240225
4838306,20240225
4838308,20240225
4838309,20240225
4838310,20240810
4838312,20241204
4838313,20241201
4838314,20241203
4838315,20241102
4838316,20241105
4838317,20241114
4838318,20241106
4838319,20240723
4838320,20240223
4838321,20241204
4838449,20231129
4839200,20231129
4840942,20241102
4840943,20241102
4840944,20241102
4840945,20241009
4840946,20250318
4840947,20250718
4840948,20241102
4840950,20241110
4840951,20250805
4840952,20241213
4840954,20241009
4840955,20240524
4840956,20240524
4840958,20240524
4840961,20240223
4840962,20241212
4840963,20250516
4840964,20240524
4840965,20241212
4840967,20250113
4840969,20241009
4840970,20241012
4843499,20240303
4843500,20240303
4843501,20240223
4843502,20240229
4843503,20240303
4843504,20240229
4843505,20240222
4843506,20240222
4843507,20240222
4843508,20240222
4843509,20240229
4843510,20240229
4843511,20240222
4843512,20240229
4843513,20240229
4843514,20240227
4843515,20240302
4843516,20240302
4843517,20231130
4843518,20231130
4843519,20241213
4843521,20240712
4843522,20241111
4843524,20240222
4843525,20231129
4843526,20231129
4843527,20231129
4843528,20231129
4843529,20231129
4843530,20240223
4843531,20231130
4843533,20231129
4843534,20241204
4843536,20240302
4843537,20240302
4843538,20231130
4843540,20240223
4843542,20250621
4843543,20241213
4843544,20231130
4843545,20231130
4843546,20231130
4843547,20231130
4843548,20231130
4849044,20240222
4849805,20241210
4849806,20240222
4849807,20241209
4849809,20241210
4849810,20241203
4849811,20241204
4849812,20241203
4849813,20241204
4849815,20241204
4849816,20240302
4849817,20241204
4849818,20240222
4849819,20241204
4849822,20240229
4849823,20240222
4849824,20240222
4849825,20240222
4849826,20240223
4849827,20240223
4849828,20240229
4849830,20241008
4849831,20240919
4849832,20240223
4849833,20240224
4849834,20240222
4849835,20240223
4849836,20241112
4849837,20240229
4849838,20240222
4849839,20241113
4849879,20240229
4849880,20240222
4849881,20241010
4849882,20240229
4849883,20241205
4849884,20241206
4849885,20240222
4849886,20240222
4849887,20241104
4849888,20240222
4849889,20241204
4849890,20240302
4849891,20240229
4849892,20241204
4849893,20241204
4849894,20240222
4849895,20240223
4849896,20240222
4849897,20240223
4849898,20240223
4849900,20240222
4849901,20240229
4849902,20240229
4849903,20240229
4849904,20240222
4849905,20240229
4849906,20240229
4849907,20240229
4849908,20240229
4849909,20240229
4849910,20240225
4851888,20240715
4859077,20240223
4859086,20240223
4859090,20240302
4859091,20240223
4859092,20240302
4859095,20240223
4859096,20241015
4859097,20231129
4859098,20231129
4859099,20231129
4859100,20231129
4859101,20231129
4859102,20240303
4859103,20240302
4859104,20240223
4859105,20240223
4859106,20240223
4860877,20240229
4860878,20240222
4860879,20240229
4860880,20240222
4860881,20240222
4860882,20240222
4860883,20240229
4860884,20240222
4860885,20250808
4860886,20240222
4860888,20240222
4860889,20241209
4860890,20240222
4860891,20241205
4860892,20240222
4860893,20250622
4860894,20240222
4860895,20241209
4860896,20240222
4860897,20241209
4860900,20240222
4860901,20241211
4860902,20241210
4860904,20240225
4860905,20241208
4860906,20241210
4860907,20250913
4860908,20241201
4860909,20241201
4860910,20240225
4860911,20240225
4860912,20240225
4860913,20240225
4860914,20240225
4860915,20240222
4860917,20240222
4860918,20240225
4860920,20241211
4860921,20240222
4860922,20240225
4860923,20240524
4860924,20240919
4860938,20240524
4860939,20240222
4860940,20240909
4860941,20250326
4860942,20241003
4860943,20250716
4860945,20240222
4860946,20240920
4860947,20250424
4860949,20241112
4860950,20241008
4860951,20241204
4860952,20241102
4860953,20240222
4860954,20240222
4860955,20241204
4862386,20240524
4862387,20240222
4862388,20240917
4862389,20240223
4862391,20241204
4862392,20240420
4862393,20250423
4862394,20240720
4862395,20241102
4862397,20241114
4862398,20240229
4862399,20241211
4862400,20241113
4862401,20240222
4862403,20241205
4862406,20240618
4862408,20241004
4862409,20240222
4862411,20241111
4862412,20240908
4862413,20241209
4862414,20241107
4862415,20241204
4862416,20241008
4862417,20240222
4862418,20240222
4862419,20241007
4862420,20240225
4862421,20240225
4862422,20240225
4862423,20240225
4862424,20240225
4862425,20240225
4862426,20240225
4862427,20240908
4862428,20240909
4862463,20240623
4862464,20240715
4862523,20241201
4862524,20241211
4862525,20240918
4862527,20241209
4862529,20241209
4862531,20240222
4862532,20250803
4862535,20241110
4862537,20241210
4862539,20240915
4862540,20241106
4862541,20240622
4862542,20240617
4862543,20240617
4862544,20240622
4862545,20240223
4862546,20240420
4862547,20240420
4862548,20240223
4862549,20241201
4862550,20240623
4862551,20241010
4862552,20240809
4862553,20241206
4862554,20241008
4862555,20241003
4862556,20241003
4862557,20241008
4862558,20250219
4862559,20241007
4862560,20240916
4862561,20241007
4862562,20241005
4862563,20241209
4862564,20241211
4862565,20241203
4862601,20240720
4862612,20240716
4862615,20240910
4862616,20240715
4862620,20240907
4862637,20240623
4862638,20241006
4864768,20241211
4864769,20240720
4864770,20241008
4864772,20241003
4864773,20241101
4864774,20240724
4864775,20241204
4864776,20241205
4864777,20241204
4864778,20240915
4864779,20240916
4864780,20240815
4864781,20241204
4864782,20241201
4864783,20241209
4864784,20240916
4864785,20241114
4864786,20241201
4864787,20240718
4864788,20241104
4864789,20240229
4864790,20241015
4864791,20250117
4864792,20250805
4864793,20250514
4864794,20241204
4864795,20241204
4864796,20241201
4864797,20250513
4864798,20241201
4864799,20241111
4864800,20241204
4864801,20241203
4864802,20241211
4864803,20241003
4864804,20240809
4864805,20240222
4864806,20250422
4864807,20240714
4864808,20240720
4864809,20240622
4864810,20241109
4864811,20240805
4864812,20241213
4865001,20240715
4865003,20241008
4865007,20241007
4865008,20240916
4865009,20240810
4865010,20241004
4865011,20231231
4865012,20241004
4865013,20240714
4865022,20241005
4865023,20240916
4865024,20240715
4865029,20240715
4865032,20240229
4865033,20240229
4865040,20240620
4865044,20240716
4865045,20240229
4865048,20240222
4865120,20240716
4865126,20240229
4873904,20250118
4873905,20250113
4873906,20250113
4873907,20250113
4873908,20250116
4873909,20250116
4873910,20250113
4873912,20241209
4873914,20250118
4873916,20250118
4873918,20241211
4873919,20240222
4873920,20240720
4873921,20240915
4873922,20240803
4873923,20240717
4873925,20240724
4873926,20250123
4873927,20250114
4873928,20250114
4873929,20250118
4873930,20250122
4873931,20250115
4873933,20241209
4873934,20250116
4873935,20250119
4873936,20240222
4873937,20240803
4873939,20240718
4873940,20241007
4873941,20240907
4873942,20240810
4873943,20250114
4873944,20241101
4873945,20241102
4873946,20250121
4873947,20241110
4873948,20241102
4873949,20241102
4873950,20240222
4873951,20241102
4874054,20250120
4874055,20250120
4874056,20250120
4874057,20240222
4874058,20250120
4874059,20241205
4874060,20240909
4874061,20240917
4874062,20240803
4874063,20240623
4874064,20240915
4874065,20241005
4874066,20241007
4874067,20241204
4874069,20241015
4874070,20240420
4874071,20240420
4874072,20240222
4874073,20240222
4874074,20250114
4874075,20240713
4874076,20241007
4874078,20241007
4874079,20241212
4874080,20241214
4874081,20250121
4874082,20250118
4874083,20241111
4874084,20240222
4874085,20240910
4874086,20241204
4874087,20241101
4874088,20240222
4874089,20250115
4874090,20250115
4874091,20250118
4874092,20250120
4874093,20250121
4874094,20250121
4874095,20250120
4874096,20240222
4874097,20250113
4874098,20250113
4874099,20250114
4874100,20250120
4874101,20250118
4874102,20241111
4874104,20250118
4874181,20241003
4874182,20250120
4874184,20241213
4874185,20241206
4874186,20241205
4874187,20241004
4874188,20240909
4874189,20241204
4874190,20240617
4874191,20241204
4874192,20240420
4874193,20241206
4874194,20240721
4874195,20241203
4874196,20240810
4874197,20241203
4874198,20240620
4874200,20241109
4874201,20241203
4874202,20250115
4874203,20240916
4874204,20240920
4874205,20241203
4874207,20241204
4874208,20241204
4874209,20241204
4874210,20241206
4874211,20241112
4874212,20241205
4874213,20240222
4874214,20240222
4874215,20240222
4874216,20241204
4874217,20241206
4874218,20241206
4874219,20241105
4874221,20240222
4874223,20241203
4874224,20241107
4874226,20240617
4874227,20241204
4874228,20240718
4874229,20241210
4874230,20240222
4874231,20241203
4874232,20241003
4874233,20241104
4874234,20240222
4874235,20241203
4874236,20240222
4874237,20241112
4874238,20241107
4874294,20250114
4874295,20241008
4874297,20241203
4874298,20241203
4874299,20240916
4874320,20250114
4874322,20250113
4874323,20241210
4874325,20241210
4874326,20240814
4874327,20241005
4874328,20250115
4874329,20241204
4874330,20241203
4874331,20241204
4874332,20241204
4874333,20240615
4874334,20241006
4874335,20241203
4874336,20240907
4874338,20241208
4874339,20250913
4874340,20241208
4874341,20241003
4874342,20241005
4874343,20241104
4874344,20241008
4874345,20241204
4874346,20241204
4874347,20241204
4874348,20240918
4874349,20241211
4874350,20240810
4874351,20240815
4874352,20241204
4874353,20241201
4874354,20250112
4874355,20241102
4874356,20241211
4874357,20241211
4874358,20240617
4874359,20241211
4874360,20241210
4874361,20241211
4874362,20241005
4874363,20241204
4874366,20240724
4874367,20241203
4874368,20240724
4874369,20240809
4874370,20240716
4874371,20241209
4874372,20241104
4874386,20241003
4874387,20241007
4874388,20241204
4874389,20241204
4874393,20250114
4874395,20240806
4874396,20250121
4874398,20241203
4874399,20240615
4874400,20241012
4874401,20241111
4874402,20241209
4874403,20241209
4874404,20241008
4874406,20240720
4874407,20250114
4874408,20241203
4874409,20240910
4874410,20241104
4874411,20250622
4874412,20241210
4874413,20241111
4874414,20240722
4874415,20240613
4874416,20240917
4874417,20240720
4874418,20240718
4874419,20241003
4874421,20241112
4874422,20250118
4874423,20240913
4874424,20240720
4874425,20240813
4874426,20241214
4874427,20240720
4874428,20250121
4874429,20240717
4874430,20241210
4874533,20240225
4874534,20240225
4874535,20240225
4874536,20240225
4874537,20240225
4874538,20240225
4874539,20240225
4874540,20240225
4874541,20240225
4874542,20240225
4884095,20250121
4884096,20250113
4884097,20250115
4884098,20250115
4884099,20241206
4884100,20250115
4884101,20250113
4884102,20250118
4884104,20250119
4884105,20250115
4884106,20250115
4884107,20241206
4884108,20250124
4884109,20241003
4884111,20240718
4884112,20240810
4884113,20241015
4884115,20240803
4884116,20240720
4884117,20250117
4884118,20250121
4884119,20250121
4884120,20250118
4884121,20250118
4884122,20250121
4884123,20250119
4884124,20250115
4884125,20250121
4884126,20250113
4884127,20250115
4884128,20250118
4884129,20240910
4884130,20250113
4884131,20240809
4884132,20240809
4884133,20240720
4884134,20240907
4884135,20250113
4884136,20250114
4884137,20250113
4884138,20250113
4884139,20250125
4884140,20240715
4884141,20240720
4884142,20240718
4884143,20240720
4884144,20240715
4884145,20240715
4884146,20240715
4884147,20240715
4884148,20240715
4884149,20240717
4884150,20240717
4884151,20240717
4884152,20240724
4884153,20241015
4884155,20240717
4884156,20240724
4884157,20240715
4884158,20240721
4884159,20240721
4884160,20240810
4884161,20240810
4884162,20240810
4884163,20240810
4884164,20240810
4884165,20240810
4884166,20241205
4884167,20240810
4884168,20240809
4884177,20240717
4884179,20240724
4884180,20240717
4884181,20240724
4884182,20240724
4884183,20240717
4885716,20250113
4885717,20241004
4885718,20241010
4885719,20240712
4885720,20240715
4885721,20241204
4885722,20241006
4885723,20241204
4885724,20250116
4885725,20250113
4885726,20240805
4885727,20241107
4885728,20250122
4885730,20250121
4885731,20241007
4885732,20240724
4885733,20241012
4885734,20240718
4885739,20241211
4885740,20250122
4885741,20250121
4885742,20250114
4885743,20250126
4885744,20240803
4885745,20240720
4885746,20240613
4885747,20240718
4885748,20241203
4885749,20240720
4885750,20250115
4885751,20240907
4885752,20241112
4885753,20250113
4885754,20250113
4885755,20250113
4885756,20250114
4885757,20250118
4885758,20250120
4885759,20241101
4885760,20240915
4885761,20241003
4885762,20250125
4885763,20250125
4885764,20241103
4885765,20240722
4885767,20241204
4885768,20241004
4885769,20241015
4885770,20240420
4885771,20250114
4885772,20250115
4885773,20240916
4885774,20241003
4885775,20250112
4885776,20240720
4885777,20241211
4885779,20250114
4885780,20241007
4885782,20241204
4885783,20241203
4885784,20250116
4885785,20241007
4885786,20250114
4885787,20241205
4885789,20241205
4885790,20250115
4885791,20241205
4885793,20241205
4885794,20241205
4885795,20241210
4885797,20241205
4885798,20241205
4885799,20241210
4885821,20241210
4885826,20241204
4885827,20250125
4885828,20250119
4885829,20241210
4885830,20250113
4885831,20250115
4885832,20241204
4885833,20240420
4885834,20240420
4885835,20240420
4885836,20241203
4885838,20241203
4885839,20241012
4885840,20241207
4885842,20241204
4885843,20240622
4885844,20240909
4885845,20241003
4885847,20241006
4885848,20250115
4885850,20241204
4885851,20241203
4885852,20241204
4885855,20250116
4885856,20240916
4885857,20241203
4885858,20250114
4885860,20241203
4885861,20241204
4885862,20241103
4885863,20250114
4885864,20250116
4885865,20250114
4885866,20241204
4885867,20241211
4885868,20241209
4885869,20240622
4885870,20241203
4885871,20241008
4885872,20250115
4885873,20241003
4885875,20250114
4885876,20250113
4885877,20241206
4885878,20250121
4885879,20250113
4885880,20241003
4885881,20241111
4885882,20241005
4885885,20241214
4885886,20241015
4885887,20241204
4885888,20241214
4885889,20241206
4885890,20241204
4885891,20241203
4885892,20240918
4885893,20250117
4885894,20250112
4885895,20241107
4885896,20250113
4885897,20241204
4885898,20250113
4885899,20250114
4885900,20241003
4885901,20241014
4885903,20250113
4885904,20250114
4885905,20241204
4885906,20241211
4885907,20250114
4885908,20240720
4885909,20241114
4885910,20241204
4885911,20241206
4885912,20241204
4885914,20241204
4885915,20250113
4885916,20250114
4885917,20241214
4885918,20241210
4885919,20250114
4885920,20250121
4885921,20250114
4885922,20241111
4887519,20240716
4887520,20240716
4887521,20240716
4887522,20240716
4887523,20240716
4887524,20241203
4887525,20240910
4887526,20250119
4887527,20240721
4887528,20240721
4887529,20240720
4887530,20240721
4887532,20240720
4887533,20240721
4887534,20240721
4887535,20240720
4887539,20240721
4893450,20240526
4893451,20241011
4893452,20241007
4893453,20250619
4893454,20241008
4893456,20240721
4893457,20241004
4893458,20241011
4893459,20240225
4893460,20240225
4893461,20240121
4893462,20241003
4893463,20241006
4893464,20241012
4893465,20241012
4893466,20240528
4893467,20241006
4893468,20241012
4893469,20240717
4893470,20240724
4893471,20241003
4893472,20241003
4893473,20241007
4893474,20241011
4893475,20241012
4893476,20241006
4893477,20241006
4893478,20241006
4893479,20241006
4893480,20241012
4893481,20241005
4893482,20241012
4895399,20250115
4895400,20250121
4895401,20250121
4895404,20250113
4895405,20250113
4895409,20250118
4895410,20250113
4895411,20250115
4895412,20250115
4895413,20250114
4895414,20240910
4895415,20250114
4895416,20240809
4895417,20240809
4895418,20240720
4895419,20240613
4895421,20240720
4895422,20240907
4895425,20241015
4895426,20250122
4895427,20241010
4895428,20250114
4895429,20250113
4895430,20250113
4895431,20241212
4895432,20250113
4895434,20250115
4895435,20250115
4895439,20250115
4895440,20250115
4895441,20240917
4895442,20241202
4895443,20240724
4895444,20240803
4895447,20250113
4895448,20250115
4895449,20240618
4895450,20240618
4895451,20240618
4895452,20240624
4895453,20240618
4895454,20250121
4895455,20240618
4895457,20240618
4895459,20241003
4895460,20241111
4895461,20241204
4895462,20241204
4895463,20241015
4895464,20240420
4895467,20240803
4895468,20240713
4895469,20240718
4895470,20241007
4895471,20241214
4895472,20241113
4895474,20241211
4895475,20241111
4895476,20241009
4895477,20241204
4895478,20241006
4895479,20241008
4895480,20250115
4895482,20250114
4895483,20250118
4895485,20250118
4895486,20250115
4895489,20250113
4895490,20250113
4895491,20250113
4895492,20250121
4895494,20250121
4895497,20250113
4895498,20240913
4895499,20241106
4895500,20240715
4895501,20240810
4895502,20241210
4895503,20240718
4895504,20250114
4895505,20250115
4895506,20250118
4895507,20240713
4895509,20241203
4895510,20240724
4895511,20250114
4895512,20250113
4895513,20250115
4895514,20250113
4895515,20250114
4895517,20250120
4895521,20250120
4895522,20250115
4895523,20241005
4895524,20240717
4895525,20240917
4895526,20250115
4895527,20250120
4895528,20241101
4895529,20250118
4895530,20250118
4895531,20250125
4895532,20250124
4895533,20250125
4895534,20250118
4895537,20250113
4895538,20241214
4895539,20241204
4895540,20240721
4895541,20241204
4895542,20241104
4895543,20241204
4895544,20241203
4895546,20241012
4895547,20241204
4895548,20241010
4895549,20241204
4895550,20240919
4895551,20250116
4895552,20241206
4895553,20241204
4895556,20241015
4895557,20241003
4895558,20241007
4895559,20250114
4895560,20241211
4895561,20250113
4895563,20250116
4895565,20250114
4895566,20241211
4895568,20241204
4895569,20250113
4895570,20241203
4895571,20241111
4895572,20241111
4895573,20241214
4895574,20250116
4895575,20250122
4895576,20250122
4895577,20241103
4895578,20241003
4895579,20250114
4895581,20240721
4895586,20250121
4895587,20241112
4895588,20241213
4895589,20240813
4895590,20241204
4895591,20241213
4895593,20241202
4895594,20241203
4895595,20241010
4895597,20250113
4895598,20250113
4895600,20250113
4895603,20240810
4895604,20240809
4895606,20250116
4895607,20240714
4895608,20241204
4895609,20241204
4895610,20241203
4895611,20241015
4895612,20241204
4895614,20240920
4895615,20241003
4895616,20241007
4895617,20250115
4895618,20241003
4895619,20241210
4895620,20241204
4895621,20250113
4895622,20250113
4895623,20241005
4895624,20250113
4895625,20250113
4895626,20250114
4895627,20250116
4895628,20241212
4895629,20241204
4895632,20241204
4895633,20241204
4895634,20250112
4895635,20240613
4895636,20240805
4895637,20241111
4895638,20240807
4895639,20241006
4895640,20250113
4895642,20241203
4895643,20240717
4895644,20240809
4895645,20241203
4895646,20250116
4895647,20250117
4895648,20240908
4900121,20240717
4900122,20240714
4900123,20240714
4900135,20240714
4900137,20241006
4900138,20241006
4900139,20241012
4900140,20241003
4900141,20241006
4900145,20241006
4900147,20241003
4900148,20241003
4900149,20241005
4900152,20241006
4900154,20240915
4900155,20240907
4900156,20240907
4900159,20240809
4900161,20240721
4900163,20241009
4900164,20241003
4900166,20250115
4900169,20250512
4900171,20250119
4900172,20250118
4900173,20241008
4909764,20240908
4909785,20250115
4909786,20240720
4909790,20240721
4909791,20240717
4909792,20240625
4909804,20241107
4909805,20250117
4909840,20241004
4909841,20241010
4909842,20240716
4909843,20240809
4909844,20250116
4909845,20240715
4909846,20241204
4909847,20250115
4909848,20240809
4909849,20240714
4909852,20250115
4909855,20250113
4909856,20250121
4909857,20241114
4909858,20240803
4909859,20250114
4909860,20240918
4909861,20240718
4909865,20250121
4909866,20241206
4909870,20250121
4909871,20250113
4909872,20240720
4909873,20240721
4909874,20241204
4909875,20241204
4910071,20241209
4910074,20241203
4910075,20240720
4910076,20240911
4910078,20240913
4910079,20241007
4910080,20241009
4910081,20250119
4910083,20241008
4910084,20250114
4910085,20241203
4910086,20241104
4910087,20241209
4910088,20241213
4910089,20241203
4910090,20240810
4910091,20241211
4910092,20241107
4910093,20250113
4910094,20241203
4910095,20241204
4910096,20241203
4910098,20241102
4910099,20250113
4910100,20241006
4910101,20250114
4910102,20241103
4910103,20241203
4910104,20241107
4910105,20241008
4910106,20240712
4910107,20241214
4910108,20240713
4910109,20240615
4910110,20241111
4910112,20240803
4910113,20240907
4910115,20240915
4910117,20240615
4910119,20240615
4910120,20240720
4910121,20240620
4910122,20241103
4910123,20241209
4910124,20250113
4910125,20241211
4910126,20241112
4910127,20241204
4910128,20250113
4910131,20241006
4910132,20241211
4910133,20241211
4910134,20240809
4910135,20250118
4910171,20250118
4910172,20241104
4910173,20241204
4910174,20250125
4910175,20240918
4910176,20241204
4910177,20241213
4910178,20250114
4910179,20240918
4910180,20250116
4910182,20250113
4910183,20241204
4910184,20241102
4910185,20241201
4913333,20250114
4913335,20250118
4913338,20250113
4913339,20240809
4913340,20240717
4913343,20240918
4913346,20240717
4913347,20250121
4913349,20240721
4913350,20250114
4913351,20250118
4913356,20250115
4913525,20241102
4913526,20250113
4913527,20250115
4913530,20240813
4913531,20240910
4913532,20241005
4913533,20241110
4913535,20240809
4913536,20240720
4913537,20241103
4913539,20250113
4913580,20240420
4913583,20250113
4913584,20240918
4913585,20240809
4913586,20240720
4913587,20250122
4913589,20241109
4913590,20250121
4913591,20250806
4913592,20241007
4913593,20241009
4913594,20241208
4913595,20251107
4913596,20250114
4913597,20241213
4913598,20241007
4913603,20241101
4913605,20241110
4915611,20240717
4915612,20240810
4915613,20240810
4915614,20250113
4915615,20250419
4915616,20240715
4915617,20240715
4915619,20240715
4915640,20241005
4915641,20241006
4915642,20240720
4915643,20240721
4915644,20240618
4915645,20240618
4915646,20240618
4915647,20240618
4915648,20240618
4917579,20250115
4920136,20241102
4920150,20240813
4920154,20240803
4920155,20240803
4920156,20241005
4920157,20241104
4920158,20241204
4920159,20241203
4920160,20241203
4920161,20241211
4920164,20240720
4920165,20241005
4920166,20241005
4920168,20240718
4920169,20241003
4920171,20241104
4920172,20250115
4920174,20241209
4920175,20241111
4920176,20250118
4920177,20240809
4920178,20241112
4920179,20241211
4920180,20240910
4920181,20250118
4920183,20250118
4920186,20250118
4920187,20240420
4920188,20251007
4920190,20240718
4920254,20240919
4920255,20250124
4920257,20240918
4920258,20250122
4920278,20250113
4920726,20250118
4920727,20250118
4920729,20250113
4920732,20250430
4920734,20241204
4920737,20240718
4920738,20241003
4920741,20240915
4920743,20240720
4920746,20241006
4920748,20240910
4920750,20250117
4920875,20250113
4920876,20250123
4920877,20250118
4920879,20250115
4920882,20250118
4920885,20241102
4920892,20250114
4920894,20241207
4920896,20250116
4920897,20250121
4920898,20250116
4920899,20240809
4920900,20250118
4920901,20250115
4920905,20250118
4920907,20240803
4920908,20240720
4920909,20250115
4920910,20241103
4920911,20240910
4920912,20250115
4920914,20250519
4920916,20250118
4920918,20250118
4920921,20250115
4920946,20250115
4921201,20240813
4921204,20240809
4921208,20241003
4921209,20240810
4921210,20241206
4921212,20250115
4921280,20240718
4921827,20240920
4921828,20240910
4921829,20250114
4921831,20241203
4921832,20240622
4921833,20241114
4921834,20250123
4921837,20241008
4921838,20241213
4921839,20240721
4921840,20241204
4921841,20240417
4921842,20240415
4921843,20240415
4921845,20241010
4921846,20241204
4921847,20241003
4921848,20241207
4921849,20240814
4921850,20241214
4921851,20241206
4921852,20241003
4921854,20241204
4921856,20241003
4921857,20250113
4921858,20241102
4921859,20240813
4921860,20250122
4921861,20250122
4921864,20241211
4921866,20250113
4921867,20241204
4921869,20241204
4921871,20250113
4921873,20250114
4921874,20250118
4921875,20241203
4921877,20250125
4921878,20241007
4921879,20240417
4921880,20241204
4921882,20241003
4921883,20250113
4921884,20250113
4921885,20250117
4922029,20240620
4922030,20241210
4922031,20240718
4922032,20240615
4922033,20240803
4922035,20241204
4922037,20241003
4922038,20240615
4922039,20241113
4922041,20250213
4922042,20241204
4922043,20241008
4922046,20241204
4922047,20241204
4922049,20241203
4922050,20241203
4922051,20241114
4922052,20240915
4922053,20241214
4922054,20241203
4922055,20240915
4922056,20241203
4922057,20240907
4922059,20240916
4922060,20250114
4922061,20241003
4922062,20240718
4922063,20241204
4922064,20241003
4922065,20240806
4922066,20250113
4922067,20240910
4922068,20250112
4922069,20240805
4922070,20250916
4922071,20240803
4922072,20241214
4922073,20241204
4922074,20241211
4922075,20241104
4922076,20240721
4922077,20250114
4922078,20240721
4922079,20250117
4922080,20240805
4922081,20240720
4922082,20240713
4922083,20240918
4924953,20240719
4925011,20240618
4929766,20250211
4929767,20250216
4929768,20250211
4929769,20250210
4929770,20250209
4929771,20250216
4929772,20250216
4929773,20250113
4929774,20250215
4929775,20250215
4929776,20250114
4929777,20250114
4929778,20250213
4929779,20250211
4929780,20250114
4929781,20240803
4929782,20240809
4929783,20240718
4929785,20240907
4929786,20241211
4929787,20240917
4929788,20250114
4929791,20240907
4929792,20250124
4929793,20240724
4929794,20250124
4929797,20250114
4930050,20250211
4930051,20250210
4930052,20250206
4930053,20250210
4930054,20250214
4930055,20250214
4930056,20250214
4930059,20250216
4930080,20250210
4930081,20250114
4930082,20250124
4930083,20250124
4930084,20250211
4930086,20241105
4930087,20240918
4930088,20241005
4930089,20250209
4930090,20250209
4930092,20240718
4930093,20241003
4930095,20241111
4930096,20250217
4930099,20240420
4930100,20250211
4930101,20250115
4930102,20240809
4930103,20240720
4930104,20241209
4930105,20240718
4930106,20250209
4930107,20240622
4930109,20250116
4930110,20240917
4930111,20241003
4930112,20250114
4930462,20250207
4930464,20250121
4930482,20250207
4930486,20250217
4930503,20241203
4930512,20240715
4930541,20250218
4930542,20240807
4930543,20240716
4930544,20240613
4930545,20240718
4930546,20240225
4930547,20241201
4930548,20240225
4930549,20240716
4930550,20241111
4930552,20240225
4930553,20240920
4930555,20240622
4930558,20250113
4930560,20240225
4930561,20240225
4930562,20240225
4930563,20240225
4930564,20240225
4930566,20250113
4930567,20250115
4930568,20241203
4930569,20240720
4930570,20240420
4930571,20240417
4930572,20240415
4930573,20240417
4930574,20241210
4930576,20241204
4930577,20241203
4930578,20241204
4930580,20241009
4930583,20241204
4930584,20241204
4930585,20240225
4930586,20241007
4930587,20241008
4930588,20240225
4930589,20250116
4930590,20241211
4930591,20241204
4930592,20250113
4930593,20241111
4930594,20240225
4930595,20240225
4930596,20241204
4930597,20250122
4930598,20241204
4930653,20250121
4930654,20250114
4930655,20250210
4930657,20250207
4930658,20250208
4930659,20250208
4930660,20250113
4930661,20250217
4930663,20250118
4930664,20250118
4930666,20250217
4930667,20250113
4930668,20250217
4930673,20241003
4930674,20240615
4930675,20240911
4930677,20240810
4930679,20250114
4930680,20250114
4930682,20241203
4930684,20250206
4930685,20250114
4930688,20241210
4930689,20240915
4930690,20240724
4930691,20240917
4930693,20250208
4930694,20250208
4930710,20241204
4930712,20250114
4930714,20241009
4930715,20241204
4930716,20241204
4930717,20241107
4930718,20241104
4930719,20241203
4930723,20241109
4930724,20241007
4930726,20250208
4930727,20240225
4930728,20240225
4930729,20240225
4930730,20241006
4930732,20241008
4930733,20241204
4930734,20240225
4930735,20240911
4930737,20240910
4930738,20240717
4930739,20240303
4930740,20240717
4930741,20240809
4930742,20241003
4930743,20241203
4930744,20241203
4930745,20240908
4930746,20241206
4930747,20240907
4930748,20241203
4930749,20250121
4930750,20240915
4930751,20241204
4930752,20241204
4930753,20240915
4930754,20240908
4930755,20241013
4930756,20240908
4930757,20241007
4930758,20250114
4930759,20241008
4930760,20250427
4930761,20241204
4930762,20250210
4930763,20241204
4930764,20240915
4930765,20240907
4930766,20240813
4930767,20240912
4930768,20240813
4930780,20250207
4930782,20240303
4930783,20240414
4930807,20241211
4930808,20241003
4930809,20240803
4930810,20240718
4930813,20240909
4930814,20240806
4930815,20241009
4930816,20240806
4930817,20250206
4930818,20240917
4930819,20240303
4930820,20241010
4930821,20250117
4930822,20240809
4930823,20240803
4930824,20240815
4930825,20240908
4930826,20250115
4930827,20240911
4930828,20240917
4930831,20240805
4930832,20240910
4930834,20240416
4930835,20240416
4930836,20240809
4930837,20240416
4930838,20240809
4930839,20240416
4930840,20240715
4930841,20240416
4930842,20240715
4930843,20240416
4930844,20240415
4930845,20240416
4930846,20240715
4930848,20240619
4930849,20240615
4930850,20250213
4930851,20241003
4930852,20250121
4930853,20240718
4930856,20250113
4930857,20250115
4930858,20250115
4934260,20240715
4934295,20241201
4934296,20241003
4934297,20250113
4934298,20240225
4934299,20241003
4934300,20241006
4934301,20250118
4934302,20240917
4934303,20241003
4934304,20241010
4934305,20241204
4934306,20240225
4935671,20240720
4936198,20240303
4936199,20240303
4936200,20240303
4936201,20240303
4936202,20250211
4936203,20250217
4936204,20250211
4936205,20250211
4936207,20250207
4936208,20250211
4936209,20250211
4936210,20250114
4936212,20250219
4936213,20250219
4936214,20240810
4936215,20250207
4936216,20250113
4936218,20240303
4936219,20240910
4936220,20241007
4936223,20240908
4936225,20240907
4936228,20250207
4936229,20250113
4936231,20240803
4936232,20250210
4936233,20250211
4936234,20250210
4936235,20250210
4936236,20250211
4936238,20250210
4936239,20250210
4936240,20250217
4936241,20250219
4936243,20250116
4936244,20250121
4936245,20240907
4936246,20250418
4936247,20240613
4936248,20250114
4936250,20250211
4936832,20240716
4938729,20250207
4938730,20241203
4938733,20250208
4938734,20250211
4938735,20250211
4938736,20250211
4938737,20250211
4938738,20241105
4938739,20250208
4938740,20250211
4938741,20241111
4938742,20240810
4938743,20240907
4938744,20250211
4938745,20250211
4938746,20240809
4938747,20240718
4938748,20241010
4938749,20241006
4938752,20241107
4938754,20241003
4938755,20241203
4938756,20241003
4938757,20240420
4938760,20240724
4938761,20250113
4938762,20250117
4938763,20240920
4938764,20250213
4938767,20241003
4938768,20250211
4938769,20240720
4938771,20250125
4938772,20250115
4938773,20250219
4938774,20241107
4938775,20241104
4938776,20241006
4938777,20241204
4938778,20250113
4938779,20250208
4938781,20250207
4938782,20250210
4938783,20240420
4938784,20240413
4938785,20240420
4938786,20240413
4938787,20240416
4938788,20240415
4938789,20240413
4938790,20240413
4938801,20241204
4938803,20250115
4938804,20241204
4938805,20241203
4938806,20241204
4938807,20241211
4938808,20241204
4938809,20250216
4938810,20241007
4938812,20241010
4938814,20250122
4938815,20241201
4938816,20250122
4938821,20241204
4938822,20241201
4938823,20250114
4938824,20241204
4938825,20241104
4938827,20241201
4938829,20241003
4938832,20241204
4938833,20241204
4938834,20240716
4938836,20241203
4938837,20241008
4938839,20241003
4938841,20241204
4938842,20241003
4938843,20241003
4938844,20241003
4938845,20240910
4938846,20240910
4940964,20250206
4940965,20240620
4940966,20250206
4940967,20250207
4940969,20250206
4940970,20250206
4940971,20250207
4940972,20250206
4940973,20240420
4940974,20240303
4940975,20250208
4940977,20250207
4940979,20250211
4940980,20250211
4940985,20250113
4940986,20250113
4940988,20250117
4940989,20241004
4940990,20241003
4940991,20241013
4940992,20241013
4940993,20241014
4940996,20241003
4940997,20241012
4940998,20241211
4940999,20250113
4941000,20250116
4941001,20240720
4941002,20240721
4941003,20240417
4941004,20240415
4941005,20241203
4941006,20250120
4941007,20250113
4941008,20250117
4941009,20240615
4941010,20240809
4941011,20240803
4941012,20240303
4941013,20241103
4941014,20240620
4941015,20250207
4941016,20241012
4941019,20241011
4941028,20240721
4941036,20240716
4941041,20241005
4941042,20241211
4941043,20250211
4941045,20240714
4941046,20240809
4941047,20241111
4941048,20240303
4941049,20240303
4941050,20240303
4941051,20240303
4941052,20240303
4941053,20240617
4941054,20250114
4941055,20241203
4941056,20241015
4941057,20241206
4941059,20240809
4941060,20240809
4941061,20250115
4941063,20250115
4941064,20250124
4941065,20250115
4941066,20250113
4941067,20250207
4941068,20250208
4941069,20250114
4941071,20241003
4941072,20241008
4941073,20241005
4941074,20240917
4941075,20250119
4941076,20250207
4941077,20240910
4941078,20250214
4941079,20241007
4941081,20241102
4941082,20240416
4941083,20240416
4941084,20240416
4941085,20240416
4941086,20240416
4941087,20240416
4941088,20240416
4941089,20240416
4941090,20240416
4941091,20241007
4941093,20250207
4941094,20240416
4941095,20240813
4941096,20240813
4941098,20240813
4941099,20240813
4941100,20241205
4941102,20241202
4941103,20240721
4941104,20250113
4941105,20241206
4941106,20250113
4941107,20241206
4941108,20241010
4941109,20250211
4941110,20250206
4941111,20250211
4941112,20250211
4941113,20250211
4941115,20250211
4941118,20250125
4941119,20250115
4941120,20240807
4941121,20250121
4941122,20241007
4941123,20240809
4941124,20250117
4941126,20240810
4941130,20250206
4941131,20250113
4941132,20240809
4941133,20241003
4941134,20240717
4941135,20241009
4941136,20250208
4941137,20250210
4941140,20240803
4941141,20240717
4941142,20240720
4941143,20240613
4941145,20250121
4945804,20240617
4945822,20240803
4950452,20241004
4950464,20240715
4950576,20240303
4950586,20240910
4950587,20240714
4950588,20241003
4950589,20241010
4950590,20250117
4950591,20241006
4950592,20250207
4950593,20240917
4950594,20240907
4950595,20240908
4950596,20250117
4950597,20241014
4950599,20241007
4950600,20241009
4950601,20241010
4950602,20240910
4950603,20241006
4950604,20250208
4950605,20241007
4950606,20240716
4950607,20240812
4950608,20241204
4950609,20241007
4950610,20250206
4952524,20241007
4952525,20240910
4952526,20241007
4952527,20241211
4952528,20240915
4952529,20250117
4952530,20240714
4952531,20240714
4952532,20240715
4952533,20240907
4952534,20240909
4952535,20241007
4952536,20240907
4952537,20240617
4952538,20240615
4952667,20240909
4952668,20240919
4952669,20240716
4952670,20241007
4952671,20240716
4952672,20241010
4952673,20240807
4952674,20240303
4952675,20240413
4955097,20240418
4955116,20240718
4962000,20240414
4962024,20240416
4962025,20240225
4962026,20240303
4962027,20240303
4962040,20240303
4962057,20240416
4962060,20240414
4962061,20240416
4962062,20240803
4962063,20240414
4962064,20240415
4962065,20240414
4962066,20240413
4962067,20240414
4962068,20240413
4962069,20250115
4962070,20240414
4962071,20240807
4962072,20240416
4962089,20240303
4962090,20240303
4965645,20240422
4969182,20240416
4969201,20240422
4969223,20240416
4970346,20240416
4970347,20240416
4970348,20240414
4970349,20240414
4970350,20240414
4970351,20240414
4970352,20240414
4970353,20240414
4970354,20240413
4970355,20240414
4970356,20240414
4970357,20240414
4970358,20240414
4970359,20240419
4970360,20240414
4970361,20240414
4970362,20240414
4970363,20240414
4970364,20240414
4970365,20240414
4970366,20240418
4970367,20240413
4970368,20240415
4970369,20240420
4970370,20240415
4970371,20240419
4970372,20240421
4970373,20240414
4970374,20240414
4970375,20240414
4970376,20240414
4970377,20240414
4970378,20240414
4970379,20240414
4970380,20240414
4970381,20240412
4970382,20240413
4970383,20240414
4970384,20240414
4970385,20240414
4970386,20240416
4970387,20240420
4970388,20240414
4970389,20240414
4970390,20240414
4970391,20240419
4970392,20240414
4970393,20240413
4970394,20240414
4970395,20240418
4970396,20240420
4970398,20240415
4970399,20240423
4970400,20240415
4970401,20240414
4970402,20240414
4970403,20240414
4970404,20240414
4970405,20240413
4970406,20240412
4970407,20240413
4970408,20240415
4970409,20240413
4970410,20240414
4970411,20240414
4970412,20240414
4970413,20240415
4970414,20240415
4970415,20240414
4970416,20240414
4970417,20240414
4970418,20240417
4970419,20240420
4970420,20240415
4970421,20240414
4970422,20240417
4970423,20241015
4970424,20240415
4970425,20240415
4970426,20241013
4970427,20240414
4970428,20241007
4970429,20250208
4970430,20240413
4970431,20240419
4970432,20240615
4970433,20240413
4970434,20240413
4970435,20240420
4970436,20240413
4970437,20240413
4972338,20240422
4972339,20240418
4972360,20240412
4972361,20250207
4972362,20240416
4972363,20250206
4972364,20250209
4972365,20250209
4972366,20250217
4972367,20241201
4972368,20250115
4972369,20240414
4972370,20240414
4972371,20240414
4972372,20240414
4972373,20240414
4972374,20240413
4972375,20240413
4972376,20240415
4972377,20240413
4972378,20240413
4972379,20250208
4972380,20250207
4972381,20240419
4972382,20240421
4972383,20240417
4972384,20240415
4972385,20240414
4972386,20240421
4972387,20240419
4972388,20240420
4972389,20240415
4972390,20240413
4972391,20240413
4972392,20240413
4972393,20240413
4972394,20240413
4972395,20250916
4972396,20240907
4972397,20240907
4972398,20240415
4972399,20240421
4972400,20240415
4972401,20240413
4972402,20240419
4972403,20240414
4972404,20240418
4972405,20240419
4972406,20240416
4972407,20240415
4972408,20240418
4972409,20240415
4972410,20240418
4972411,20240414
4972412,20240415
4972413,20240412
4972414,20240418
4972415,20240414
4972416,20240413
4972417,20240413
4972418,20240413
4972419,20240414
4972420,20240415
4972421,20240413
4972422,20240415
4972423,20240414
4972424,20240414
4972425,20240415
4972426,20240415
4972427,20240415
4972428,20240415
4972430,20240422
4972431,20240415
4972432,20240417
4972433,20240415
4972435,20240422
4972436,20240413
4972437,20240413
4972438,20240416
4972439,20240413
4972440,20240413
4972441,20240422
4972442,20240419
4972443,20240413
4972444,20240414
4972445,20240907
4972446,20241206
4972448,20240415
4972449,20240420
4972450,20240420
4972451,20240415
4972452,20240420
4972453,20240415
4972454,20240422
4972455,20240415
4972456,20240415
4972457,20240415
4972458,20240416
4972460,20240413
4972461,20240413
4972462,20240419
4972463,20240415
4972464,20240413
4972465,20240414
4972466,20240419
4972467,20240419
4972468,20240421
4972469,20240421
4972470,20240415
4972471,20240415
4972472,20240420
4972473,20240413
4972474,20240415
4972475,20240416
4972476,20240415
4972477,20240414
4972480,20240419
4972481,20240413
4972482,20240414
4972483,20240419
4972484,20240419
4972485,20240413
4972486,20240414
4972487,20240414
4972488,20240414
4972489,20240413
4972490,20240413
4972491,20240419
4972492,20240413
4972493,20240414
4972494,20240414
4972495,20240419
4972496,20240413
4972497,20240415
4972498,20240419
4972499,20240415
4979675,20240414
4981990,20240423
4981991,20240414
4981992,20240420
4982004,20240413
4982011,20240416
4982012,20240413
4982036,20240413
4982037,20240420
4982038,20240417
4982039,20240416
4982048,20240414
4982049,20240419
4982311,20240419
4982312,20240414
4982313,20240415
4982314,20240414
4982315,20240413
4982316,20240416
4982317,20240417
4982318,20240415
4982319,20240415
4982320,20240417
4982321,20240416
4982322,20240414
4982323,20240909
4982324,20240415
4982325,20240413
4982326,20240413
4982327,20240414
4982328,20240415
4982346,20240414
4982347,20240414
4982348,20240415
4982349,20240415
4982350,20240415
4982351,20240415
4982352,20240413
4982353,20240413
4982354,20240413
4982355,20240413
4982356,20240415
4982357,20240414
4982358,20240416
4982359,20240414
4982360,20240414
4982361,20240414
4982362,20240414
4982363,20240414
4982364,20240414
4982365,20240414
4982366,20240414
4982367,20240414
4982368,20240416
4982369,20240413
4982370,20240414
4982371,20240414
4982372,20240414
4982373,20240415
4982374,20240415
4982375,20240414
4982376,20240413
4982377,20240415
4982378,20240413
4982379,20240413
4982380,20240413
4982381,20240413
4982382,20240414
4982383,20240413
4982384,20240414
4982385,20240415
4982386,20240413
4983824,20240413
4983825,20240413
4983826,20240414
4983827,20240414
4983828,20240414
4983829,20240414
4983830,20240415
4983831,20240416
4983832,20240416
4983833,20240416
4983834,20240413
4983835,20240415
4983836,20240416
4983837,20240416
4983838,20240414
4983839,20240414
4983840,20240414
4983841,20240414
4983842,20240414
4983843,20240414
4983844,20240413
4983845,20240414
4983846,20240414
4983847,20240414
4983848,20240414
4983849,20240423
4983850,20240423
4983854,20240420
4983855,20240413
4983858,20240415
4983859,20240412
4983861,20240413
4983864,20250211
4983865,20250211
4983870,20250211
4983871,20250217
4983873,20250211
4985605,20240414
4985606,20240423
4985607,20240414
4985608,20240423
4985609,20240419
4985610,20240415
4985611,20250214
4985612,20250210
4985613,20240413
4985614,20240413
4985615,20240423
4985617,20240414
4985618,20240413
4985619,20240414
4985620,20240413
4985621,20240419
4985622,20240414
4985623,20240413
4985624,20240420
4985625,20240419
4985626,20240417
4985627,20240419
4985628,20240419
4985629,20240415
4985630,20240413
4985631,20240419
4985632,20240413
4985633,20240419
4985634,20240419
4985635,20240414
4985636,20240413
4985637,20240415
4985638,20240414
4985639,20240415
4985640,20240415
4985641,20240415
4985642,20240423
4985643,20240416
4985644,20240419
4985645,20240419
4985646,20240421
4985647,20240413
4985648,20240415
4985649,20240416
4985650,20240414
4985651,20240414
4985652,20240419
4985653,20240413
4985654,20240413
4985655,20240420
4985656,20240419
4985657,20240413
4985658,20240414
4985659,20240414
4985660,20240414
4985661,20240415
4985662,20240414
4985663,20240414
4985664,20240416
4985665,20240414
4985666,20240414
4985667,20240414
4985668,20240416
4985669,20240420
4985670,20240413
4985671,20240416
4985672,20240416
4985673,20240417
4985674,20240416
4985675,20240415
4985676,20240415
4985677,20240416
4985680,20240413
4990516,20250211
4990517,20250216
4990518,20250315
4990519,20250315
4990521,20250326
4990522,20250325
4990523,20240417
4990524,20250209
4990525,20250317
4990527,20250319
4990529,20240416
4990530,20240416
4990536,20250315
4990540,20250315
4990542,20240415
4990543,20250207
4990544,20240421
4990545,20240421
4990547,20250211
4990548,20250216
4990549,20240414
4990550,20250211
4990551,20241104
4990552,20250212
4990553,20250212
4990554,20240416
4990555,20240416
4990556,20240416
4990557,20250319
4990559,20250315
4990601,20240423
4990602,20240415
4990603,20240415
4990604,20240414
4990605,20240414
4990606,20240414
4990607,20240414
4990608,20240414
4990609,20240414
4990610,20240414
4990611,20240421
4990612,20240414
4990613,20240414
4990614,20240414
4990615,20240414
4990616,20240414
4990617,20240423
4990618,20240423
4990619,20240416
4990620,20240419
4990621,20240417
4990622,20240419
4990623,20240420
4990624,20240414
4990625,20240416
4990626,20240423
4990627,20240420
4990628,20240420
4990629,20240417
4990630,20240414
4990631,20240419
4990632,20240419
4990633,20240416
4990634,20240414
4990635,20240415
4990636,20240414
4990641,20250210
4990643,20250210
4990644,20240423
4990682,20240420
4990683,20250124
4990684,20240420
4990685,20240414
4990686,20241101
4990687,20241204
4990690,20250118
4990691,20240414
4990692,20240415
4990693,20240423
4990694,20241204
4990695,20240420
4990696,20240414
4990697,20240423
4990698,20240419
4990699,20240415
4990700,20241003
4990701,20241003
4990702,20240415
4990703,20240414
4990704,20240415
4990705,20241114
4990707,20240423
4990708,20240423
4990709,20240414
4990710,20250113
4990711,20240416
4990712,20240414
4990713,20250115
4990714,20241203
4990715,20240420
4990716,20240419
4990717,20240910
4990718,20240415
4990719,20240413
4990720,20240419
4990721,20241204
4990722,20240420
4990723,20250210
4990724,20241203
4990725,20240419
4990726,20240414
4990727,20240423
4990728,20240419
4990729,20240417
4990730,20241211
4990731,20241003
4990732,20241204
4990733,20240423
4990734,20240423
4990735,20240416
4990736,20241008
4990737,20240419
4990738,20241206
4992440,20240809
4992507,20240414
4992508,20240414
4992509,20240416
4992510,20240420
4992511,20240414
4992512,20240414
4992513,20240423
4992514,20240423
4992515,20241201
4992517,20240420
4992518,20240420
4992519,20240417
4992520,20240417
4992521,20240415
4992523,20240414
4992524,20240413
4992525,20240413
4992528,20250212
4992529,20240413
4992530,20240413
4992531,20250208
4992532,20240420
4992533,20240416
4992534,20240423
4992535,20240419
4992536,20240419
4992537,20240810
4992540,20240414
4992541,20240421
4992542,20240415
4992543,20250214
4992544,20250209
4992546,20240416
4992547,20240415
4992548,20240416
4992549,20241003
4992550,20241015
4992551,20240414
4992552,20250113
4992553,20240415
4992554,20240415
4992555,20250211
4992556,20250207
4992557,20240416
4992558,20240418
4992559,20240414
4992560,20240417
4992561,20240418
4992562,20240414
4992563,20240414
4992564,20240414
4992565,20240418
4997872,20250315
4997874,20250211
4997875,20250315
4997876,20250211
4997878,20250206
4997879,20250206
4997880,20250207
4997881,20250208
4997885,20250316
4997887,20250211
4997889,20241003
4997890,20240915
4997891,20240613
4997894,20250207
4997895,20250321
4997898,20250209
4997900,20250208
4997902,20250216
4997903,20240718
4997904,20250206
4997905,20250211
4997906,20250211
4997908,20250211
4997909,20250122
4997910,20250206
4997911,20241210
4997912,20250316
4997913,20250316
4998448,20250211
4998449,20240803
4998450,20240527
4998451,20241111
4998452,20241107
4998453,20240908
4998454,20241003
4998455,20241009
4998456,20250208
4998457,20250207
4998458,20250113
4998459,20240918
4998460,20241209
4998461,20240718
4998463,20240718
4998464,20250207
4998465,20250206
4998466,20241104
4998467,20240813
4998468,20240813
4998469,20250213
4998470,20250207
4998471,20250315
4998472,20250315
4998473,20250212
4998474,20250315
4998475,20250322
4998476,20250207
4998480,20250322
4998481,20250115
4998483,20240722
4998484,20240722
4998487,20250208
4998488,20241210
4998489,20241203
4998490,20250315
4998491,20250315
4998492,20240526
4998493,20250214
5000255,20240809
5000258,20241204
5000259,20240526
5000260,20241204
5000261,20250115
5000263,20240529
5000264,20250208
5000266,20240919
5000271,20250113
5000272,20240724
5000274,20250114
5000275,20240526
5000279,20250210
5000280,20241203
5000281,20250118
5000282,20250207
5000283,20240618
5000284,20240617
5000285,20241104
5000286,20241204
5000288,20240527
5000290,20241111
5000291,20250114
5000292,20241204
5000293,20241204
5000294,20240520
5000295,20240520
5000296,20240520
5000297,20240519
5000298,20240519
5000299,20250212
5000300,20250212
5000301,20240529
5000302,20240523
5000303,20250118
5000304,20241204
5000305,20241203
5001246,20241209
5001247,20241004
5001249,20250119
5001252,20250209
5001253,20250216
5001256,20240916
5001257,20250315
5001259,20250116
5001260,20240527
5001261,20241006
5001263,20241007
5001264,20240523
5001268,20250208
5001269,20250316
5001270,20250316
5001271,20250208
5001272,20240714
5001274,20250212
5001275,20250315
5001277,20241203
5001278,20241204
5001279,20250208
5001281,20241203
5001282,20240526
5001283,20240527
5001285,20240713
5001286,20250118
5001289,20250212
5001290,20241107
5001295,20241211
5001296,20240919
5001297,20240722
5001298,20241204
5001299,20241104
5001300,20240911
5001301,20241203
5001302,20241203
5001303,20241204
5001304,20240526
5001306,20250115
5001307,20240908
5001308,20241105
5007867,20250113
5007868,20250315
5007869,20250322
5007870,20250319
5007871,20250208
5007872,20240720
5007876,20240526
5007877,20240918
5007878,20241204
5007879,20240526
5007881,20240803
5007882,20250321
5007883,20250321
5007884,20250316
5007885,20250206
5007886,20250316
5007888,20240527
5007889,20240527
5007891,20250317
5007892,20250315
5007893,20250207
5007894,20250212
5007895,20250315
5007896,20250315
5007897,20250315
5007898,20250315
5007899,20240523
5007904,20250315
5012670,20240523
5012672,20240526
5012673,20241003
5012674,20241107
5012676,20250207
5012677,20250114
5012678,20250116
5012679,20240718
5012680,20241010
5012682,20240718
5012685,20240810
5012686,20250207
5012689,20250209
5012692,20240523
5012693,20240527
5012696,20240525
5012697,20240523
5012698,20240523
5012705,20241204
5012706,20250118
5012707,20240523
5012708,20241111
5012709,20240526
5012710,20240814
5012712,20241006
5012713,20240813
5012714,20240526
5012715,20241203
5012716,20240815
5012717,20241204
5012718,20240523
5012719,20250115
5012720,20250215
5012721,20240527
5012722,20240529
5012723,20241204
5012724,20241008
5012745,20241209
5012746,20241211
5012749,20250208
5012750,20241204
5012751,20241203
5012753,20241104
5012755,20250315
5012756,20250321
5012757,20240919
5012759,20240527
5012760,20241206
5012761,20250316
5012762,20240523
5012763,20241003
5012764,20240805
5012765,20250319
5012767,20250322
5012768,20241211
5012769,20241203
5012770,20241204
5012771,20250212
5012772,20250212
5012773,20250315
5012774,20250122
5012775,20250315
5012778,20240526
5012780,20241209
5012781,20250115
5012783,20240809
5012784,20250211
5012785,20250214
5012786,20241203
5012787,20241214
5012789,20250211
5012790,20240907
5012791,20250208
5012795,20241204
5012796,20241204
5012799,20250118
5012800,20241204
5012825,20240523
5012827,20241203
5012829,20250118
5012832,20240523
5012834,20250118
5012836,20241003
5012837,20241203
5012838,20240718
5012840,20240909
5012841,20241204
5012843,20240814
5012865,20240622
5012870,20240714
5012876,20240527
5012886,20240724
5012887,20240526
5012889,20241204
5012890,20241204
5012891,20250124
5012893,20240526
5012895,20241102
5012897,20250316
5012898,20250315
5012899,20250319
5012901,20250321
5012903,20250320
5012904,20240615
5012905,20240722
5012907,20250207
5012908,20250212
5012909,20241203
5012910,20250322
5012914,20241203
5012915,20240718
5012917,20250212
5012918,20250322
5012919,20250207
5012920,20240529
5012921,20240529
5012922,20250124
5012924,20250320
5012926,20250117
5012927,20250315
5015427,20240423
5022430,20240423
5022431,20240520
5022432,20240423
5022433,20240423
5022434,20240423
5022437,20240529
5022438,20240524
5022441,20240423
5022445,20240519
5022446,20250216
5022447,20240423
5022448,20240423
5022449,20240423
5022450,20240423
5022451,20240423
5022452,20240423
5022453,20240423
5022455,20241015
5022457,20250113
5022458,20241010
5022460,20250208
5022462,20250321
5022463,20250418
5022464,20240525
5022466,20240918
5022467,20250213
5022468,20240423
5022469,20241107
5022470,20240519
5022471,20240519
5022475,20240618
5022476,20240618
5022477,20240615
5022478,20240615
5022480,20240523
5022482,20250211
5022484,20240722
5022485,20240722
5022486,20250211
5022487,20250315
5022488,20250315
5022490,20240814
5022492,20241013
5022494,20250207
5022497,20241204
5022498,20250206
5022499,20250206
5022500,20250218
5022501,20240723
5022504,20250115
5022505,20250207
5022507,20241012
5022508,20240423
5022510,20250422
5022511,20240813
5022512,20240809
5022513,20240724
5022514,20240722
5022515,20240815
5022516,20250211
5022517,20250211
5022518,20240716
5022520,20241203
5022521,20250315
5022522,20240523
5022523,20250315
5022524,20240524
5022526,20240520
5022527,20241204
5022528,20240523
5022529,20250418
5022530,20250424
5022531,20250423
5022532,20250423
5022533,20250212
5022534,20240524
5022535,20250207
5022536,20240524
5022537,20240618
5022538,20250215
5022539,20250207
5022540,20241003
5022541,20250211
5022542,20240524
5022543,20240618
5022544,20240618
5022545,20240615
5022546,20240617
5022547,20250122
5022548,20250214
5022549,20250326
5022550,20250324
5022551,20250324
5022552,20250427
5022553,20240524
5022555,20250423
5022557,20240617
5022559,20240718
5022560,20240715
5022562,20250219
5022565,20241005
5022567,20241005
5022570,20240527
5022571,20250212
5022572,20241203
5022573,20250420
5022574,20240423
5022575,20240917
5022577,20240528
5022578,20240520
5022579,20240524
5022580,20240521
5022581,20240527
5022583,20250212
5022584,20240814
5022585,20241102
5022588,20240617
5022589,20240616
5022590,20240618
5022591,20240616
5028281,20240423
5032724,20240423
5032725,20240529
5032726,20240529
5032727,20240520
5032728,20240519
5032729,20240523
5032730,20240523
5032731,20241015
5032732,20240523
5032733,20240520
5032734,20240523
5032735,20240523
5032736,20240519
5032737,20240519
5032738,20240529
5032740,20240523
5032741,20240520
5032742,20240520
5032743,20240423
5032744,20240520
5032745,20241204
5032746,20240523
5032747,20241214
5032748,20240423
5032749,20240809
5032751,20240523
5032752,20240527
5032758,20240524
5032760,20240524
5032762,20241004
5032763,20240720
5032764,20240523
5032765,20240909
5032766,20240423
5032767,20240423
5032768,20250207
5032769,20240519
5032770,20240423
5032773,20240519
5032775,20250207
5032776,20240520
5032777,20240522
5032778,20240524
5032779,20240423
5032780,20240520
5032781,20240520
5032782,20240520
5032783,20240520
5032784,20240527
5032786,20240523
5032788,20240523
5032789,20240523
5032790,20240423
5032791,20240519
5032792,20240519
5032793,20240519
5032794,20240522
5032795,20240525
5032796,20240423
5032797,20240519
5032798,20240519
5032799,20240520
5032800,20240520
5032801,20240519
5032802,20240519
5032803,20240519
5032804,20240519
5032805,20240519
5032806,20240519
5032807,20240519
5032808,20240520
5032809,20240519
5032810,20240520
5032811,20240519
5032812,20240523
5032813,20240519
5032814,20240519
5032815,20240519
5032816,20240523
5032817,20240519
5032818,20240520
5032819,20240520
5032820,20240423
5032821,20240423
5032822,20240423
5032823,20240423
5032824,20240423
5032825,20240519
5032826,20240529
5032827,20240522
5032828,20240520
5032829,20240523
5032830,20240423
5032831,20240520
5032832,20240520
5041683,20240524
5041684,20240528
5041685,20240524
5041686,20240529
5041687,20240528
5041688,20240528
5041689,20240524
5041690,20240529
5041691,20240529
5041692,20240529
5041693,20250114
5041694,20250422
5041695,20240529
5041696,20240529
5041697,20240529
5041698,20240524
5041700,20240524
5041701,20240529
5041702,20240524
5041703,20240524
5041704,20240527
5041705,20240524
5041706,20240524
5041707,20240524
5041708,20240524
5041710,20240530
5041711,20240530
5041712,20240524
5041713,20240530
5041714,20240529
5041715,20240523
5041720,20240529
5041752,20240527
5041753,20240523
5041754,20240527
5041755,20240518
5041756,20240519
5041757,20240520
5041758,20240524
5041759,20240519
5041760,20240523
5041761,20240523
5041762,20240523
5041763,20240524
5041764,20240520
5041765,20240524
5041766,20240524
5041767,20240523
5041768,20240523
5041769,20240529
5041770,20240529
5041772,20240524
5041773,20240524
5041774,20240529
5041775,20240524
5041776,20240520
5041777,20240519
5041778,20240524
5041780,20240519
5041781,20240529
5041782,20240529
5041783,20240523
5041785,20240524
5041786,20240527
5041787,20240519
5041788,20240520
5041790,20250316
5041791,20250425
5041792,20250419
5041793,20240520
5041794,20250319
5041795,20240519
5041796,20240521
5041797,20240529
5041799,20240521
5041801,20240521
5041802,20240521
5041803,20240521
5041804,20240524
5041805,20240521
5041806,20240521
5041808,20240522
5041809,20240528
5041810,20240522
5042222,20250216
5042223,20241203
5042225,20241107
5042226,20241111
5042229,20240526
5042230,20240526
5042232,20250209
5042234,20250422
5042236,20250113
5042237,20240524
5042240,20250315
5042241,20250122
5042242,20250315
5042243,20241204
5042245,20240526
5042246,20240526
5042247,20240524
5042248,20241209
5042249,20250207
5042250,20240908
5042251,20250425
5042253,20240724
5042256,20240524
5042258,20240809
5042259,20241211
5042260,20241107
5042261,20240521
5042262,20240524
5042263,20240523
5042264,20240524
5042265,20240524
5042266,20240521
5042267,20240521
5042269,20240528
5042270,20240521
5042271,20240521
5042272,20240521
5051255,20240522
5051256,20240519
5051257,20240523
5051258,20240519
5051259,20240520
5051260,20240519
5051261,20240529
5051262,20240810
5051263,20240519
5051264,20240523
5051265,20240523
5051266,20240520
5051267,20240522
5051268,20240520
5051269,20240519
5051270,20240522
5051271,20240519
5051272,20240519
5051273,20240519
5051275,20240523
5051276,20240520
5051277,20240520
5051278,20240523
5051279,20240519
5051280,20240526
5051281,20240525
5051282,20240522
5051283,20240519
5051284,20240519
5051285,20240519
5051286,20240524
5051287,20240523
5051288,20240520
5051289,20240519
5051290,20240529
5051291,20240529
5051292,20240529
5051293,20240529
5051294,20240529
5051295,20240529
5051296,20240722
5051297,20240720
5053070,20240523
5053071,20250325
5053072,20250210
5053074,20240523
5053075,20250218
5053076,20240815
5053077,20240810
5053078,20240523
5053079,20240520
5053080,20240520
5053081,20240519
5053082,20240523
5053083,20240523
5053084,20250207
5053085,20240813
5053086,20250207
5053087,20240526
5053088,20240523
5053091,20250423
5053092,20240523
5053093,20240523
5053094,20240523
5053095,20240523
5053096,20240523
5053097,20240527
5053098,20250429
5053099,20250429
5053100,20250429
5053101,20250429
5053102,20250429
5053103,20250429
5053104,20250429
5053105,20250320
5053107,20240520
5053109,20240519
5053110,20240520
5053111,20240529
5053112,20240520
5053113,20240519
5057082,20240520
5057087,20240527
5057089,20240527
5057090,20240519
5057091,20240523
5057113,20240525
5057115,20240520
5057118,20240529
5057148,20240520
5057149,20240519
5057150,20240519
5057151,20240519
5057152,20240519
5057153,20240519
5057154,20240520
5057155,20240519
5057156,20240521
5057157,20240522
5057158,20240518
5057159,20240520
5057160,20240524
5057161,20240525
5057162,20240519
5057163,20240519
5057164,20240519
5057165,20240523
5057166,20240519
5057167,20240520
5057168,20240519
5057169,20240521
5057170,20240519
5057171,20240523
5057172,20240519
5057173,20240519
5057174,20240519
5057175,20240520
5057176,20240520
5057177,20240524
5057178,20240518
5057179,20240520
5057180,20240520
5057181,20240520
5057182,20240525
5057183,20240519
5057184,20240525
5057185,20240525
5057186,20240519
5057187,20240519
5057188,20240522
5057189,20240519
5057836,20240520
5057837,20240520
5057843,20240520
5057844,20240522
5060468,20240520
5060469,20240520
5060470,20240521
5060471,20240519
5060472,20240519
5060473,20240519
5060474,20240520
5060475,20240520
5060476,20240519
5060477,20240520
5060478,20240519
5060479,20240522
5060480,20240523
5060481,20240519
5060482,20240520
5060483,20240519
5060484,20240519
5060485,20240520
5060486,20240519
5060487,20240519
5060488,20240520
5060489,20240519
5060490,20240520
5060491,20240520
5060492,20240520
5060493,20240520
5060494,20240519
5060495,20240520
5060496,20240520
5060497,20240520
5060498,20240520
5060499,20240520
5060500,20240520
5060501,20240519
5060502,20240519
5060503,20240519
5060504,20240519
5060505,20240519
5060506,20240523
5060507,20240519
5060508,20240519
5060509,20240519
5060510,20240519
5060511,20240519
5060512,20240519
5060513,20240520
5060514,20240519
5060515,20240520
5063998,20240812
5063999,20240520
5064060,20240519
5064061,20240520
5064062,20240520
5064063,20240527
5064064,20241006
5064065,20240520
5064066,20240520
5064067,20240520
5064068,20240523
5064069,20240519
5064070,20240526
5064071,20240907
5064072,20240519
5064073,20240522
5064074,20241015
5064075,20240920
5064076,20240520
5064077,20240525
5064078,20240525
5064079,20240525
5064080,20241006
5064081,20240520
5064082,20240527
5064083,20240519
5064084,20240522
5064085,20241204
5064086,20240519
5064087,20240519
5064088,20240519
5064089,20240525
5064090,20240914
5064091,20240911
5064092,20241007
5064093,20240920
5064094,20240529
5064095,20240523
5064097,20240520
5064098,20240523
5064099,20240907
5064100,20240714
5064101,20240716
5064102,20240523
5064103,20240520
5064104,20240525
5064105,20240525
5064106,20240527
5064107,20240525
5064108,20240520
5064109,20240519
5064110,20240522
5064111,20240522
5064112,20240522
5064113,20240526
5064114,20240520
5064115,20241007
5064116,20240525
5064117,20240918
5064118,20240529
5064119,20240530
5064120,20240529
5064121,20240529
5064122,20240519
5064123,20240529
5064124,20240520
5064125,20240529
5064126,20240527
5064127,20240520
5064128,20241111
5064129,20240527
5064130,20240519
5064131,20240519
5064132,20240520
5064133,20240519
5064134,20240519
5064135,20240520
5064136,20240520
5064137,20240527
5064138,20240529
5064139,20240519
5064160,20240519
5064161,20240519
5064162,20240519
5064163,20240519
5064164,20240524
5064165,20240527
5064166,20240527
5064167,20240519
5064168,20240519
5064169,20240520
5064170,20240519
5064171,20240519
5064172,20240519
5064173,20240519
5064174,20240519
5064175,20240520
5064176,20240520
5064177,20240520
5064178,20240524
5064179,20240519
5064180,20240519
5064181,20240524
5064182,20240523
5064183,20240523
5064184,20240524
5064185,20240523
5064186,20240523
5064187,20240520
5064188,20240522
5064189,20240523
5064190,20240526
5064191,20240521
5064192,20240519
5064193,20240521
5064194,20240524
5064195,20240521
5064196,20240521
5064197,20240522
5064198,20240521
5064199,20240521
5064200,20240520
5064201,20240520
5064202,20240520
5064203,20240520
5064204,20240519
5064205,20240519
5064206,20240520
5064207,20240522
5064208,20240524
5064209,20240519
5064210,20240529
5064211,20240529
5064212,20240529
5064213,20240918
5064214,20240911
5064215,20240523
5064216,20240523
5064217,20240525
5064218,20240520
5064219,20240520
5064220,20240520
5064221,20240520
5064222,20240527
5064223,20240519
5064224,20240519
5064225,20240520
5064226,20240520
5067988,20240520
5067989,20240519
5067990,20240523
5067991,20240527
5067992,20240523
5067994,20250118
5067995,20240617
5067996,20240527
5067997,20240527
5067998,20240527
5067999,20240625
5068000,20240525
5068001,20240522
5068002,20240529
5068003,20240519
5068005,20240618
5068006,20240615
5068007,20240618
5068008,20240613
5068009,20240618
5068010,20250210
5068011,20240618
5068012,20241203
5068013,20241204
5068014,20240526
5068016,20240523
5068017,20250207
5068020,20240722
5068021,20240529
5068022,20240714
5068023,20240714
5068025,20250215
5068026,20240519
5068028,20240527
5068029,20240618
5068030,20250219
5068031,20240720
5068032,20240521
5068055,20250420
5068057,20250420
5068059,20250420
5068060,20250207
5068061,20250113
5068063,20250321
5068064,20240617
5068065,20240617
5068070,20240519
5068072,20240519
5068074,20240520
5068075,20240526
5068076,20240519
5068077,20240908
5068078,20240518
5068079,20250421
5068080,20240519
5068081,20240520
5068083,20241003
5068084,20240717
5068085,20250316
5068086,20250423
5068088,20240521
5068089,20240521
5068090,20240521
5068091,20240521
5068092,20240521
5068093,20240519
5068094,20240519
5068095,20240521
5068096,20240519
5068097,20240521
5068098,20240526
5068099,20240525
5068100,20240525
5068101,20240529
5070248,20240919
5072725,20241007
5076734,20250207
5076735,20250209
5076736,20250125
5076737,20250315
5076739,20240615
5076760,20241104
5076762,20240917
5076763,20241016
5076764,20250207
5076765,20250112
5076767,20241013
5076768,20241012
5076769,20240617
5076770,20241009
5076771,20250113
5076772,20241111
5076773,20241007
5076774,20240718
5076775,20241012
5076776,20241012
5076777,20241009
5076779,20240810
5076780,20250316
5076781,20240910
5076786,20241114
5076794,20250319
5076799,20250216
5076801,20241204
5076802,20241005
5076803,20241007
5076804,20250125
5076805,20250212
5076808,20240625
5076809,20240617
5076810,20241204
5076811,20241204
5076812,20241204
5076813,20250422
5076814,20250422
5076815,20250114
5076816,20241007
5076817,20240724
5076818,20250207
5076819,20241204
5076820,20241011
5076821,20240617
5076822,20250210
5076823,20250422
5076824,20250422
5076825,20250121
5076826,20240722
5076828,20240722
5076829,20250316
5076830,20250428
5076831,20241006
5076832,20240720
5076833,20240712
5076835,20250322
5076836,20240625
5076837,20240617
5076838,20241007
5076839,20250212
5076840,20250208
5076841,20250425
5076842,20250212
5076843,20240907
5076844,20240722
5076845,20250215
5076846,20240720
5076847,20240722
5076849,20240618
5077079,20240617
5077080,20241006
5077081,20241008
5077082,20241105
5077083,20241102
5077084,20241015
5077085,20241111
5077086,20240617
5077087,20240625
5077088,20240625
5077089,20240917
5077090,20241105
5077091,20241004
5077092,20240616
5077093,20240617
5077094,20240805
5077095,20241101
5077266,20240910
5077267,20241010
5077268,20241205
5077269,20241105
5077270,20241008
5077271,20241111
5077272,20241004
5077273,20241102
5077274,20240910
5077275,20241015
5077276,20241110
5077720,20241204
5080467,20240617
5080468,20250115
5080469,20240617
5080470,20241011
5080471,20250114
5080472,20241015
5080473,20250115
5080474,20240917
5080475,20240917
5080476,20241007
5080478,20240618
5080479,20241203
5080480,20241202
5080481,20240622
5080482,20240909
5080483,20241202
5080484,20241006
5080485,20240713
5080487,20241007
5080488,20241004
5080489,20241006
5080490,20240813
5080491,20240807
5080492,20250114
5080493,20241012
5080494,20241204
5080495,20241201
5080496,20241006
5080497,20240617
5080498,20241010
5080499,20240617
5080500,20241204
5080501,20241204
5080502,20250115
5080503,20240617
5080504,20241004
5080505,20241202
5080506,20240617
5088963,20240530
5088964,20240530
5088965,20240530
5088966,20250419
5088967,20250426
5088969,20240530
5088970,20240714
5088971,20241013
5088972,20241014
5088973,20240625
5088974,20250212
5088975,20241010
5088976,20241210
5088977,20241006
5088980,20240530
5088981,20241012
5088982,20240617
5088983,20240813
5088984,20250318
5088985,20250316
5088986,20250427
5088987,20240618
5088988,20240617
5088991,20240617
5088992,20250420
5088993,20240618
5088994,20240618
5088995,20240618
5088999,20240617
5089001,20240617
5089002,20240530
5089003,20240617
5089004,20250211
5089005,20240617
5089006,20240530
5089164,20240618
5089166,20240617
5089171,20240809
5089172,20241103
5089174,20250430
5089175,20250207
5089176,20241214
5089180,20241211
5089181,20240617
5089182,20240719
5089184,20241204
5089185,20250215
5089186,20240618
5089187,20240722
5089188,20240722
5089189,20240625
5089190,20240625
5089191,20240919
5089192,20250215
5089193,20241211
5089195,20240530
5089196,20250211
5089197,20241204
5089198,20240615
5089199,20240614
5089200,20240616
5089201,20240615
5089202,20240615
5089203,20240615
5089204,20240613
5089205,20240615
5089206,20240615
5089207,20240615
5089208,20240615
5089209,20240615
5089210,20240617
5089212,20241204
5089213,20250315
5089214,20241211
5089215,20241213
5089216,20240617
5089218,20241114
5089219,20241007
5089220,20240617
5089222,20241005
5089223,20240618
5089224,20240617
5089225,20240625
5089226,20240530
5089227,20240530
5089228,20250118
5089229,20240618
5089230,20241203
5089231,20241003
5089232,20241102
5089234,20241107
5089235,20241103
5089236,20240719
5089237,20240722
5089238,20241213
5089240,20240617
5089241,20240618
5089242,20240615
5089243,20240617
5089244,20241207
5089245,20250213
5089246,20240618
5089247,20240618
5089248,20240530
5089249,20240617
5089250,20240614
5089251,20240614
5089252,20240616
5089253,20240614
5089254,20240616
5089255,20240616
5092309,20250207
5092310,20250211
5092311,20250420
5092312,20250211
5092315,20240618
5092316,20250513
5092321,20250418
5092327,20240907
5092335,20250422
5092338,20250419
5092340,20250422
5092342,20250422
5101088,20240530
5103582,20240618
5103583,20240615
5103584,20240616
5103585,20240619
5103586,20240625
5103587,20240625
5103588,20240625
5103589,20240619
5103590,20240619
5103591,20240618
5103592,20240613
5103593,20240618
5103594,20240613
5103595,20240623
5103596,20240623
5103597,20240623
5103598,20240623
5103599,20241110
5103600,20240623
5103601,20240618
5103602,20240618
5103603,20240615
5103604,20240619
5103605,20240613
5103606,20240615
5103607,20240615
5103608,20240615
5103609,20240615
5103610,20240623
5103611,20240618
5103612,20240618
5103613,20240612
5103614,20240615
5103615,20240618
5103617,20240618
5103618,20240613
5103619,20240530
5103620,20240613
5103621,20240613
5103641,20240615
5103642,20240616
5103643,20240616
5103644,20240615
5103645,20240615
5103646,20240616
5103647,20240618
5103648,20240618
5103649,20240618
5103650,20240615
5103651,20240617
5103652,20241005
5103653,20240617
5103654,20240618
5103655,20240618
5103656,20240615
5103657,20240615
5103658,20240618
5103659,20240617
5103660,20240616
5103661,20240616
5103662,20240613
5103663,20240619
5103664,20240615
5103665,20240618
5103666,20240617
5103667,20240618
5103668,20240615
5103669,20240616
5103670,20240616
5103671,20240617
5103672,20240530
5103673,20240530
5103674,20240616
5103675,20240618
5103676,20240618
5103677,20240618
5103678,20240618
5103679,20240618
5103680,20240612
5103681,20240619
5103682,20240615
5103978,20240615
5103979,20240615
5103980,20240615
5103981,20240615
5103982,20240615
5103983,20240615
5103984,20240615
5103985,20240615
5103986,20240615
5103987,20240614
5103988,20240613
5103989,20240530
5103990,20240530
5103991,20240615
5103992,20240618
5103993,20240618
5103994,20240618
5103995,20240618
5103996,20240622
5103997,20240613
5103998,20240622
5103999,20240615
5104000,20240615
5104001,20240615
5104002,20240613
5104003,20240613
5104004,20240615
5104005,20240617
5104009,20240615
5104010,20240615
5104011,20240615
5104012,20240615
5104134,20240615
5104135,20240614
5104136,20240615
5104137,20240616
5104138,20240618
5104139,20240616
5104140,20240530
5104141,20240615
5104142,20240613
5104143,20240613
5104144,20240613
5104145,20240619
5104146,20240617
5104147,20240617
5104148,20240615
5104149,20240615
5104150,20240618
5104151,20240615
5104152,20240615
5104153,20240614
5104154,20240619
5104155,20240615
5104156,20240615
5104157,20240615
5104158,20240618
5104159,20240618
5104160,20240613
5104161,20240614
5104162,20240613
5104163,20240617
5104164,20240615
5104165,20240615
5104166,20240615
5104167,20240617
5104168,20240617
5104169,20240615
5104170,20240615
5104171,20240615
5104172,20240615
5104173,20240615
5104174,20240615
5104175,20240615
5104176,20240615
5104177,20240617
5104178,20240615
5104179,20240613
5104180,20240614
5104181,20240614
5104182,20240613
5104183,20240615
5104184,20240615
5104185,20240613
5104186,20240617
5104187,20240614
5104188,20240615
5109662,20240530
5109663,20240530
5109664,20240530
5109665,20240530
5109666,20240530
5109667,20240617
5109669,20240613
5109670,20240615
5109671,20240617
5109672,20240617
5109673,20240617
5109674,20240618
5109675,20240615
5109676,20240615
5109677,20240615
5109678,20240615
5109679,20240616
5109680,20240614
5109681,20240615
5109682,20240613
5109683,20240615
5109684,20240613
5109685,20240619
5109686,20240616
5109687,20240613
5109688,20240615
5109689,20240615
5109690,20240615
5109691,20240615
5109692,20240617
5115345,20240614
5115346,20240614
5115347,20240614
5115348,20240614
5115349,20240614
5115350,20240613
5115351,20240615
5115352,20240614
5115353,20240618
5115354,20240613
5115355,20240613
5115356,20240615
5115357,20240613
5115358,20240615
5115359,20240615
5115360,20240619
5127203,20240619
5127207,20250217
5127210,20240618
5127211,20240614
5127212,20240613
5127213,20240613
5127214,20240621
5127215,20240617
5127216,20240618
5127217,20240613
5127218,20240613
5127219,20240621
5127220,20240613
5127221,20240613
5127222,20240613
5127223,20240613
5127224,20240613
5127225,20240613
5127226,20240613
5127227,20240620
5127228,20240618
5127239,20240721
5127240,20240613
5127241,20240721
5127242,20240620
5129654,20240815
5129655,20240613
5129656,20240615
5129657,20240615
5129658,20240613
5129659,20240613
5129661,20240613
5129662,20240613
5129663,20240613
5129664,20240615
5129665,20240613
5129666,20240615
5129667,20240613
5129668,20240615
5129669,20240614
5129670,20240617
5129671,20240618
5129672,20240615
5129673,20240617
5129674,20240917
5129675,20240615
5129676,20240618
5129677,20240616
5129678,20240616
5129679,20240615
5129680,20240618
5129681,20240618
5129682,20240618
5129683,20240616
5129684,20240616
5129685,20240623
5129686,20240618
5129687,20250208
5129688,20240615
5129689,20240615
5129692,20240920
5129693,20240623
5129694,20240623
5133158,20240613
5133160,20250430
5133161,20240615
5133162,20240618
5133164,20240719
5133165,20240615
5133166,20240615
5133167,20240615
5133168,20240617
5133169,20240613
5133170,20240622
5133171,20240619
5133173,20240712
5133174,20240618
5133175,20240622
5133176,20240615
5133177,20240621
5133178,20240618
5133179,20240618
5133181,20240719
5133182,20240618
5133183,20240615
5133184,20240619
5133186,20240619
5133187,20240619
5133188,20240615
5133189,20240719
5133190,20240618
5133191,20241204
5133192,20240811
5133193,20240811
5133194,20240618
5133195,20240613
5133196,20240625
5133197,20240618
5133200,20241204
5133203,20240918
5133205,20240623
5133206,20240620
5133207,20240615
5133208,20240625
5133209,20240613
5133210,20240625
5133211,20240917
5134605,20240805
5134606,20250422
5134607,20240615
5134608,20241204
5134609,20240724
5134610,20240810
5134611,20240618
5134612,20240615
5134613,20240619
5134615,20240620
5134616,20240620
5134617,20240613
5134618,20240615
5134619,20240613
5134620,20240615
5134621,20240615
5134622,20240619
5134623,20240619
5134625,20240616
5134626,20240616
5134627,20240616
5134628,20240614
5134629,20240614
5134630,20240616
5134631,20240616
5134632,20240619
5134633,20240619
5134634,20240615
5134635,20240717
5134636,20240717
5141427,20240625
5141428,20240625
5141429,20240625
5141430,20240625
5141431,20240714
5141432,20240625
5141433,20240714
5141434,20240714
5141435,20240714
5141436,20240714
5141439,20240625
5152702,20240714
5152703,20240719
5152704,20240716
5152705,20240716
5152706,20240716
5152707,20240716
5152708,20240717
5152709,20240719
5152710,20240715
5152711,20240715
5152712,20240714
5152713,20240714
5152714,20240718
5152715,20240714
5152716,20240714
5152717,20240717
5152718,20240716
5152719,20240719
5152720,20240724
5152721,20240813
5152722,20240625
5152724,20241007
5152725,20240715
5152726,20240714
5152728,20240715
5152730,20240716
5152732,20240716
5152734,20240716
5152736,20240716
5152738,20240719
5152739,20240716
5152741,20240716
5152742,20240716
5152743,20240719
5152744,20240625
5152745,20240714
5152746,20240712
5152747,20240712
5152748,20240721
5152749,20240721
5152750,20240625
5152751,20240712
5152752,20240715
5152753,20240721
5152754,20240715
5152755,20240715
5152756,20240716
5152757,20240719
5152758,20240721
5152759,20240724
5152760,20250118
5152762,20240716
5152763,20240716
5152764,20240714
5152765,20250125
5152799,20240714
5152800,20240715
5152801,20240714
5152802,20240714
5152803,20240714
5152804,20240714
5152805,20240714
5152807,20240714
5152808,20240715
5152810,20240715
5152811,20240714
5152812,20240714
5152814,20240719
5152815,20241101
5152816,20240719
5152817,20240714
5152819,20250125
5152820,20240714
5152821,20240714
5152822,20240712
5152823,20240717
5152824,20240717
5152825,20240712
5152826,20240712
5152827,20240714
5152828,20240713
5152829,20240712
5152830,20240712
5152831,20240714
5152833,20240719
5152834,20240717
5152835,20240718
5152837,20240625
5152838,20240625
5152839,20240718
5152840,20240625
5152841,20240715
5152842,20240715
5152843,20240714
5152844,20240714
5152845,20240717
5152846,20240718
5152847,20240715
5152848,20240715
5152849,20240715
5152850,20240716
5152851,20240714
5152852,20240714
5152853,20240714
5152854,20240714
5152855,20241114
5152856,20241206
5152857,20240806
5152858,20240806
5152859,20240806
5152860,20240717
5152861,20240806
5152862,20250429
5152863,20240625
5152867,20240716
5152868,20240719
5152869,20240719
5152870,20240712
5152871,20240717
5152872,20240718
5152873,20240717
5152874,20240717
5152875,20240717
5152876,20240718
5152877,20240717
5152878,20240714
5152879,20240813
5152880,20240712
5152881,20240716
5152882,20240718
5152883,20240715
5152884,20240712
5152885,20240714
5152886,20240718
5152887,20240715
5152888,20240717
5152889,20240716
5152890,20240715
5152891,20240714
5152892,20240717
5152893,20240717
5152894,20240719
5152895,20240719
5152896,20240719
5152897,20240722
5152898,20240719
5152899,20240717
5152900,20240718
5152901,20240625
5152902,20240625
5152903,20240625
5152904,20240625
5152905,20240625
5152906,20240714
5152907,20240716
5152908,20240714
5152909,20240712
5152910,20240717
5152911,20240717
5152912,20240716
5152913,20241203
5152914,20240719
5152915,20240719
5152916,20240718
5152917,20240714
5152918,20240716
5152919,20240714
5152920,20240716
5152921,20240714
5152922,20240714
5152924,20240712
5152925,20240718
5152926,20240717
5152927,20240712
5152928,20240715
5152929,20240715
5152930,20240717
5152931,20240719
5152932,20240714
5152933,20240721
5152934,20240721
5152935,20240712
5152936,20240714
5152937,20240721
5152938,20240716
5152940,20240721
5163249,20240716
5163250,20240718
5163251,20240719
5163252,20240716
5163253,20240716
5163254,20240712
5163255,20240712
5163256,20240716
5163257,20240716
5163258,20240712
5163259,20240719
5163260,20240714
5163261,20240805
5163262,20240717
5163263,20240714
5163264,20240717
5163265,20240715
5163266,20240717
5163267,20240717
5163268,20240717
5163269,20250126
5163270,20240716
5163271,20240716
5163272,20240721
5163273,20250124
5163274,20240716
5163275,20240712
5163276,20240717
5163277,20240714
5163278,20240805
5163279,20240714
5163280,20240714
5163281,20240714
5163282,20240714
5163283,20240714
5163284,20240714
5163285,20240714
5163286,20240722
5163288,20240810
5163289,20240717
5163290,20240810
5163291,20240805
5163292,20240712
5163293,20240717
5163294,20240712
5163295,20240718
5163296,20240716
5163297,20240716
5163298,20240716
5163391,20240716
5163392,20240714
5163394,20240809
5163395,20240809
5163398,20240809
5163403,20240809
5163406,20250207
5163408,20241010
5163409,20241010
5163410,20240723
5163414,20240915
5163415,20240721
5163416,20240717
5163417,20240717
5163418,20240712
5163419,20241003
5163420,20240718
5163421,20240714
5163422,20240717
5163423,20240720
5163424,20240716
5163425,20240716
5163426,20240717
5163427,20240712
5163428,20240714
5163429,20240718
5163430,20240718
5163431,20240716
5163432,20240721
5163433,20240712
5163434,20240717
5163435,20240712
5163436,20240718
5163437,20240716
5163438,20240715
5176275,20240806
5176276,20240712
5176278,20240712
5176279,20240712
5176280,20240712
5176281,20240712
5176282,20240805
5176283,20240718
5176284,20240805
5176285,20240714
5176286,20240807
5176287,20240805
5176288,20240805
5176289,20240805
5176290,20240714
5176291,20240720
5176292,20240713
5176293,20240810
5176294,20240712
5176295,20240717
5176296,20240717
5176297,20240717
5176298,20240718
5176299,20240724
5176300,20240718
5176301,20240723
5176302,20240721
5176303,20240815
5176304,20240811
5176305,20240717
5176306,20240813
5176307,20240718
5176309,20240724
5176310,20250420
5176311,20240716
5176312,20240714
5176313,20240718
5176314,20240720
5176315,20240718
5176317,20240721
5176318,20240805
5176319,20240717
5176320,20240717
5176321,20240721
5176322,20240721
5176323,20241211
5176324,20240721
5176325,20240718
5176326,20240721
5176327,20240715
5176328,20240720
5176329,20240720
5176330,20240716
5177932,20240716
5177933,20240716
5177934,20240712
5177935,20240716
5177936,20240719
5177937,20240724
5177938,20250423
5177939,20250322
5177940,20240721
5177950,20250322
5177955,20250322
5177959,20250322
5177960,20250322
5177962,20250322
5177976,20240721
5177977,20240717
5177978,20240716
5177979,20240721
5177980,20240717
5177981,20240721
5177982,20240721
5177983,20240721
5177984,20240721
5177985,20240721
5177987,20240815
5177988,20240811
5177990,20240811
5177992,20240717
5177993,20240717
5177994,20240717
5177995,20240717
5177996,20240716
5177997,20240716
5178000,20250322
5178001,20240716
5178007,20250217
5178010,20250124
5178016,20250212
5178017,20250212
5178020,20240712
5178021,20240807
5178022,20240716
5178023,20240716
5178024,20240712
5178025,20240712
5178026,20240716
5178027,20240716
5178028,20240716
5178029,20240807
5178030,20240812
5178031,20240811
5178032,20240717
5178033,20240812
5178034,20240812
5178035,20240812
5178036,20240803
5178037,20240724
5178038,20240724
5178039,20240724
5178040,20240717
5178041,20240714
5178042,20240805
5178043,20240717
5178044,20240719
5178045,20240719
5178046,20240719
5178047,20240719
5178048,20240719
5178049,20240714
5178050,20240712
5178051,20240712
5178052,20240712
5178053,20240712
5178054,20240808
5178055,20240805
5178056,20240812
5178057,20240807
5178058,20240717
5178059,20240717
5178060,20240806
5178061,20240712
5184154,20240808
5184155,20240803
5184156,20240805
5184157,20240714
5184158,20240717
5184159,20240808
5184160,20240807
5184161,20240803
5184162,20240804
5184163,20240803
5184164,20240803
5184165,20240804
5184166,20240712
5184167,20240803
5184168,20240805
5184169,20240807
5184170,20240811
5184171,20240812
5184172,20250209
5184173,20240712
5184174,20240712
5184175,20240808
5184176,20240805
5184177,20240805
5184178,20240808
5184179,20240712
5184180,20240806
5184181,20240807
5184182,20240805
5184183,20240807
5184184,20240805
5184185,20240805
5184186,20240805
5184187,20240813
5184188,20240805
5184189,20240805
5184190,20240812
5184191,20240805
5184192,20240806
5184193,20240807
5184194,20240806
5184195,20240808
5184196,20240815
5184197,20240805
5184198,20240806
5184199,20240806
5184200,20240808
5184201,20240714
5184202,20240805
5184203,20240805
5184204,20240803
5184205,20240803
5184226,20240721
5184227,20240716
5184228,20240721
5184229,20240716
5184230,20240716
5184231,20240721
5184232,20240712
5184233,20240805
5184234,20240716
5184235,20240805
5184236,20240807
5184237,20240805
5184238,20240805
5184239,20240712
5184240,20240803
5184241,20240805
5184242,20240805
5184243,20240805
5184244,20240805
5184245,20240805
5184246,20240805
5184247,20240807
5184248,20240803
5184249,20240805
5184250,20240807
5184251,20240807
5184252,20240808
5184253,20240712
5184254,20240712
5184255,20240712
5184256,20240712
5184257,20240712
5184258,20240807
5184259,20241203
5184260,20250113
5184261,20240805
5184262,20240805
5184263,20240805
5184264,20240805
5184265,20240812
5184266,20240804
5184267,20240712
5184268,20240808
5184269,20240805
5184270,20240808
5184271,20240808
5184272,20240805
5184273,20240812
5184274,20250113
5211376,20240915
5211377,20240805
5211378,20240808
5211379,20240911
5211396,20240918
5211397,20240909
5211398,20250614
5211399,20240813
5211413,20241009
5211414,20240805
5211415,20240812
5211417,20240812
5211418,20240803
5211419,20240806
5211436,20241102
5211437,20240813
5211439,20240815
5216849,20240806
5216850,20240811
5216851,20240807
5216852,20240815
5216853,20240813
5216854,20240805
5216855,20240811
5216856,20240807
5216857,20240812
5216858,20240811
5216859,20240916
5216860,20240807
5216861,20240806
5216862,20240805
5216863,20240811
5216864,20240805
5216865,20240908
5216866,20240805
5216867,20240813
5216868,20240805
5216869,20240806
5216870,20240911
5216871,20240813
5216872,20241106
5216873,20240917
5216874,20240917
5216875,20240812
5216876,20240812
5216877,20240812
5216878,20240812
5216879,20241203
5216880,20240810
5216881,20240807
5216882,20240907
5216883,20241113
5216884,20241204
5216885,20240815
5216886,20240807
5216887,20241012
5216888,20240811
5216889,20240910
5216890,20240807
5216891,20240807
5216892,20240807
5216893,20240807
5216894,20240807
5216895,20240805
5216896,20240806
5216897,20240806
5216898,20240806
5216899,20240805
5216900,20240811
5216901,20240815
5216902,20240907
5216903,20240907
5216904,20240915
5216905,20240907
5216906,20240907
5216907,20240907
5216908,20240915
5216909,20240812
5216910,20240803
5216911,20240805
5216912,20240805
5216913,20240813
5216914,20240807
5216915,20240805
5216916,20240809
5216917,20240809
5216918,20240907
5216919,20241105
5216920,20240920
5216921,20241210
5216922,20240815
5216923,20241102
5216924,20250116
5216925,20240805
5216926,20240807
5216973,20240805
5216974,20240803
5216975,20240803
5216976,20240803
5216977,20240803
5216978,20240809
5216979,20240813
5216980,20240813
5216981,20240813
5216982,20240803
5216983,20240808
5216984,20240812
5216985,20240803
5216986,20240807
5216987,20240807
5216988,20241101
5216989,20240907
5216990,20240807
5216991,20240908
5216993,20240805
5216994,20240813
5216995,20240813
5216996,20240813
5216997,20240812
5216998,20240807
5216999,20240918
5217000,20240806
5217001,20240805
5217003,20240807
5217004,20240812
5217005,20240807
5217006,20240804
5217007,20240805
5217008,20241106
5217009,20240809
5217010,20240812
5217011,20240807
5217012,20240813
5217013,20240807
5217014,20240805
5217015,20241106
5217016,20250212
5217017,20240805
5217018,20240812
5217019,20250215
5217020,20240807
5217021,20241102
5217022,20240808
5217023,20240808
5217024,20241204
5217026,20241106
5217027,20241209
5217028,20240814
5217029,20240815
5217030,20240812
5217031,20240813
5217032,20240810
5217033,20240805
5217034,20240803
5217035,20240812
5217036,20240813
5217037,20241209
5217038,20240812
5217039,20240805
5217040,20240803
5217041,20240809
5217042,20240809
5217043,20241206
5217044,20240806
5217045,20240806
5217046,20241012
5217047,20240810
5217048,20241003
5217049,20240920
5217050,20240911
5217051,20240920
5217052,20240814
5217053,20240813
5217054,20250117
5217055,20240805
5217056,20250316
5217057,20240803
5217058,20240809
5217059,20241205
5217060,20240805
5217061,20240809
5218162,20240907
5218480,20240807
5218481,20240803
5218500,20240803
5218570,20240814
5218571,20240908
5218572,20240813
5218575,20240919
5218576,20240810
5218577,20240908
5218578,20240813
5218579,20240917
5218586,20241103
5218587,20240808
5218588,20240908
5218593,20240811
5218595,20240908
5218596,20240805
5218597,20240914
5218606,20240806
5218607,20240913
5218608,20240811
5218609,20240811
5218612,20240917
5218613,20240808
5218614,20240908
5218615,20250423
5218616,20240918
5218617,20241112
5218618,20240908
5218624,20240809
5218625,20240918
5218630,20240811
5218632,20240811
5218633,20240813
5218634,20240913
5218635,20240807
5218637,20240915
5219361,20240805
5222655,20240805
5222790,20240726
5222837,20240813
5222838,20240813
5222839,20240809
5222840,20240812
5222841,20240807
5222842,20240812
5222843,20240803
5222844,20240809
5222845,20240916
5222846,20240810
5222847,20240808
5222848,20240809
5222849,20240807
5222850,20240809
5222851,20240809
5222852,20240809
5222853,20240812
5222854,20240812
5222855,20240809
5222856,20240812
5222857,20240812
5222858,20240812
5222859,20240812
5222861,20250219
5222864,20240814
5222866,20240805
5222869,20240812
5222870,20250319
5222871,20240810
5222872,20240807
5222873,20240811
5222874,20240807
5222875,20240807
5222876,20240810
5222877,20240813
5222878,20240806
5222879,20240807
5222880,20240814
5222881,20240810
5222882,20240809
5222883,20240809
5222884,20250319
5222885,20240803
5222886,20240810
5222887,20240807
5222888,20240813
5222889,20240807
5222890,20240806
5222891,20250219
5222894,20240813
5222895,20240808
5222896,20240810
5222897,20240813
5222898,20240805
5222899,20240805
5222900,20240812
5222901,20240806
5222902,20240812
5222903,20241210
5222904,20241210
5222905,20241209
5222906,20250206
5222907,20240910
5222908,20240815
5222909,20240920
5222910,20240806
5222911,20240811
5222912,20240809
5222913,20250121
5222914,20240805
5222915,20240811
5222916,20240809
5222917,20240811
5222918,20240811
5222919,20240811
5222920,20240803
5222921,20240910
5222922,20240805
5222923,20241102
5222924,20240805
5222925,20240814
5222926,20240805
5222927,20240809
5222928,20240809
5222930,20240910
5222931,20240910
5222932,20240803
5222933,20240809
5222934,20240811
5222935,20240805
5222936,20240808
5222937,20240812
5222938,20250426
5222941,20240919
5222942,20250117
5222946,20240807
5222947,20250210
5222948,20250126
5222952,20240808
5222953,20240812
5222954,20240813
5222955,20240813
5222956,20240813
5222957,20240813
5222959,20240803
5222960,20240803
5222961,20240803
5222962,20240803
5222963,20240809
5222964,20240907
5222965,20240809
5222966,20240809
5222967,20240803
5222968,20240805
5222969,20240803
5222971,20240910
5222972,20240907
5223148,20240810
5223149,20240815
5223150,20250615
5223151,20240814
5223152,20240815
5223153,20240814
5223154,20240812
5223156,20240815
5223157,20250815
5223160,20240814
5223161,20240815
5223164,20240815
5223165,20240811
5223167,20240811
5223169,20240811
5223170,20240811
5223173,20240815
5223176,20240811
5223179,20240811
5223180,20240811
5223182,20240810
5223183,20240810
5223184,20250424
5223185,20240805
5223186,20240812
5223187,20240812
5223188,20240812
5223189,20240812
5223190,20240812
5223191,20240812
5223193,20240812
5223198,20240805
5223199,20240811
5223200,20240909
5223201,20240815
5223202,20240814
5223203,20240811
5223204,20240815
5223205,20240914
5223206,20250424
5223207,20240811
5223208,20240910
5223210,20240815
5223211,20240815
5223212,20240908
5231533,20240907
5231534,20240918
5231535,20240811
5231536,20240811
5231537,20240918
5231538,20240907
5231539,20240812
5231546,20240908
5231560,20240918
5231561,20240908
5231562,20241005
5231563,20240913
5231564,20240912
5231565,20240908
5231566,20240811
5231567,20240912
5231568,20240805
5231569,20240805
5231570,20240810
5231571,20241007
5231572,20240920
5231573,20240910
5231574,20240810
5231576,20241003
5231577,20241003
5231578,20241006
5231579,20240908
5231581,20240915
5231582,20240915
5231583,20240915
5231584,20240806
5231585,20240810
5231586,20240813
5231587,20240908
5231588,20240815
5231589,20240810
5231590,20240810
5231591,20250715
5231592,20240810
5231593,20240810
5231594,20241003
5231595,20250210
5231596,20250215
5231597,20241010
5231598,20240907
5231599,20240916
5231601,20240813
5231602,20240813
5231603,20240813
5231605,20240806
5231606,20240913
5231608,20240921
5231609,20240814
5231610,20241008
5231611,20241007
5231630,20240805
5231632,20240908
5231633,20241211
5231634,20240908
5231635,20240913
5231636,20240915
5231637,20241012
5231638,20241014
5231640,20240807
5231641,20240810
5231642,20240806
5231643,20240811
5231644,20240810
5231645,20240908
5231646,20240908
5231647,20240907
5231648,20240907
5231649,20250325
5231650,20240909
5231651,20240907
5231652,20240813
5231653,20240909
5231654,20240907
5231655,20240907
5231656,20240908
5231657,20240908
5231658,20240908
5231659,20240908
5231660,20240908
5231661,20250323
5231662,20240803
5231663,20240809
5231664,20240809
5231665,20240805
5231666,20241016
5231667,20240809
5231668,20240917
5231669,20250214
5231670,20240806
5231671,20240806
5231672,20240806
5231673,20240806
5231674,20240803
5231675,20240805
5231676,20240805
5231677,20240806
5231678,20240805
5231679,20240807
5231680,20240814
5232101,20240911
5232102,20241006
5232103,20240805
5232104,20241107
5232105,20241102
5232106,20240914
5232107,20240920
5232108,20240919
5232109,20240917
5232112,20240916
5232113,20241013
5232115,20250519
5232116,20240920
5232117,20250212
5232118,20240908
5232119,20240913
5232120,20240915
5232121,20240913
5232122,20241005
5232123,20240916
5232125,20240911
5232126,20240907
5232129,20241005
5232130,20241003
5232131,20241013
5232132,20241012
5232133,20241003
5232135,20241012
5232136,20240908
5232137,20240908
5232138,20240908
5232139,20240913
5232141,20241008
5232142,20241012
5232143,20241013
5232997,20240908
5232998,20240909
5232999,20240909
5233000,20240907
5233001,20240912
5233002,20250216
5233003,20240912
5233004,20240912
5233005,20240910
5233006,20240916
5233008,20240912
5233009,20240912
5233010,20240909
5233011,20250322
5233012,20241111
5233013,20241111
5233014,20240908
5233015,20240909
5233016,20240910
5233017,20250316
5233018,20240916
5233019,20240908
5233020,20240916
5233021,20250328
5233022,20240908
5233023,20240908
5233024,20240909
5233025,20240908
5233026,20240908
5233027,20250213
5233029,20240909
5233030,20240907
5233031,20240912
5233032,20240910
5233033,20240909
5233034,20240908
5233035,20240916
5233036,20240917
5233037,20240908
5233039,20240909
5233040,20241111
5233041,20240907
5233042,20240907
5233043,20240909
5233044,20240915
5233045,20240916
5233046,20240909
5233047,20240907
5233048,20240914
5233049,20241204
5233050,20240805
5233051,20240907
5233052,20240907
5233053,20250113
5233142,20240909
5233143,20240911
5233144,20240912
5233145,20240909
5233146,20240909
5233148,20240915
5233149,20240910
5233150,20240908
5233151,20240909
5233152,20240909
5233153,20240908
5233154,20240909
5233155,20240908
5233156,20240805
5233157,20240805
5233158,20240805
5233159,20240909
5233160,20250323
5233161,20240907
5233162,20250425
5233163,20250212
5233164,20250211
5233165,20250325
5233166,20250118
5233167,20240908
5233168,20240907
5233169,20240910
5233170,20240907
5233171,20240910
5233172,20240915
5233175,20250427
5233176,20240907
5233177,20250215
5233178,20241102
5233179,20240920
5233180,20240916
5233181,20250211
5233182,20250211
5233185,20240915
5233186,20240915
5233187,20250423
5233188,20240920
5233189,20241204
5233190,20240908
5233191,20250119
5233192,20240805
5233193,20241204
5233195,20240805
5240393,20240805
5243767,20240909
5252694,20241003
5252695,20241014
5252696,20241013
5252698,20240908
5252700,20250426
5252706,20250713
5252708,20240907
5252711,20250422
5252719,20240913
5252720,20240913
5252721,20240907
5252722,20250324
5252723,20240920
5252724,20240908
5252725,20240916
5252726,20240907
5252727,20240920
5252728,20240911
5252729,20240913
5252730,20240915
5252731,20250624
5252732,20240917
5252733,20240908
5252734,20240913
5252735,20250215
5252736,20240907
5252737,20241214
5252738,20240907
5252742,20240907
5252743,20240907
5252744,20240908
5252745,20240910
5252746,20250425
5252747,20250425
5252748,20240910
5252749,20240921
5252750,20240908
5252751,20250808
5252752,20250211
5252753,20250421
5252754,20240908
5252755,20250206
5252756,20240908
5252757,20241206
5252758,20250318
5252760,20250712
5252761,20250424
5252762,20240913
5252763,20250213
5252764,20240908
5252765,20250429
5252766,20240918
5252777,20241101
5252778,20240913
5252779,20240913
5252780,20240913
5252781,20240920
5252782,20240913
5252783,20240920
5252784,20241112
5252785,20240913
5252786,20240913
5252787,20241211
5252788,20240913
5252789,20240913
5252790,20240913
5252791,20240913
5252792,20240913
5252793,20240913
5252794,20240913
5252795,20240913
5252796,20241204
5252797,20240913
5252798,20241204
5252799,20241211
5252800,20240920
5252801,20250117
5252804,20240908
5252809,20240913
5252812,20240919
5252815,20240917
5252819,20250712
5252823,20240908
5252824,20240913
5252825,20240908
5252826,20250122
5252827,20240907
5252828,20240920
5252829,20240920
5252830,20250216
5252831,20240919
5252832,20240916
5252833,20240920
5252834,20250122
5252835,20241213
5252836,20240910
5252837,20240910
5252838,20240920
5252839,20240920
5252840,20241113
5252841,20240919
5252842,20240911
5252843,20240918
5252844,20241112
5252845,20240911
5252846,20241102
5252847,20240910
5252848,20240910
5252849,20241106
5253057,20240912
5253058,20250123
5253059,20241004
5253060,20241003
5253061,20240907
5253062,20240914
5253064,20241003
5253065,20241006
5253066,20240907
5253067,20240907
5253068,20240916
5253069,20240909
5253070,20240911
5253071,20250513
5253072,20240911
5253073,20240908
5253074,20240907
5253075,20240908
5253076,20240908
5253077,20240908
5253078,20240914
5253079,20240907
5253080,20240910
5253081,20240908
5253082,20240909
5253083,20241008
5253084,20240918
5253085,20240918
5253086,20240907
5253087,20240918
5253088,20240917
5253089,20240908
5253090,20240908
5253091,20240908
5253092,20240912
5253093,20250421
5253094,20250119
5253095,20240908
5253096,20240907
5253097,20240915
5253098,20240907
5253099,20240907
5253100,20240915
5253101,20240917
5253102,20240918
5253103,20240911
5253104,20240908
5253105,20240917
5253106,20250814
5253107,20240917
5253108,20240908
5253109,20240917
5253110,20240917
5253111,20240917
5253112,20240917
5253115,20240907
5253116,20240917
5253117,20240917
5253118,20240917
5253119,20240917
5253123,20240917
5253127,20240917
5253130,20240909
5253131,20240907
5253132,20240907
5253133,20241005
5253134,20240915
5253135,20240907
5253136,20240909
5253137,20241005
5253191,20240919
5253192,20241003
5253193,20241014
5253194,20241013
5253196,20240920
5253197,20250315
5253198,20240908
5253199,20240908
5253200,20240908
5253201,20240908
5253202,20240907
5253203,20240908
5253204,20241102
5253205,20241105
5253206,20241105
5253208,20240919
5253212,20240911
5253213,20240908
5253214,20240916
5253215,20241114
5253216,20240919
5253217,20240913
5253218,20240908
5253219,20240912
5253220,20240916
5253221,20240914
5253222,20240920
5253223,20240908
5253225,20241009
5253226,20241005
5253227,20240913
5253228,20241010
5253229,20240908
5253230,20240913
5253231,20241112
5253232,20240915
5253233,20240910
5253234,20240908
5253235,20240919
5253237,20241207
5253238,20250209
5253239,20240914
5253240,20240908
5253241,20240912
5253242,20241003
5253243,20241102
5253244,20241008
5253245,20240916
5253246,20250211
5253247,20240910
5253248,20240908
5253249,20241009
5253251,20240920
5253252,20240910
5253253,20250115
5253254,20240909
5253255,20240913
5253256,20240909
5253257,20240909
5253258,20240913
5253259,20240908
5253260,20240907
5253261,20250208
5253262,20240915
5253263,20240913
5253264,20240916
5253265,20250212
5253266,20250211
5253267,20250215
5253268,20250206
5253269,20241102
5253270,20240916
5253271,20241007
5253272,20241111
5253273,20240913
5253274,20240909
5253275,20240909
5253276,20240919
5253277,20241010
5253278,20241008
5253279,20240908
5253477,20240908
5253478,20240908
5253479,20240908
5253480,20240909
5253481,20240908
5253482,20240908
5253483,20240908
5253484,20240909
5253485,20240920
5253486,20250121
5253487,20241111
5253488,20240919
5253489,20240913
5253490,20240920
5253491,20240908
5253492,20240913
5253493,20241007
5253494,20240919
5253495,20240918
5253496,20240908
5253497,20240913
5253498,20241111
5253499,20240908
5253500,20240911
5253501,20240911
5253502,20240910
5253503,20240913
5253504,20240909
5253505,20241004
5253506,20240915
5253507,20250325
5253508,20240913
5253509,20240913
5253510,20240913
5253511,20250315
5253512,20241101
5253513,20240909
5253514,20241204
5253515,20250518
5253516,20250213
5253517,20240920
5253518,20240917
5253519,20240916
5253520,20241203
5253521,20240908
5253522,20240910
5253523,20240908
5253524,20241211
5253525,20250719
5253526,20250424
5253528,20250429
5253529,20250520
5253531,20240908
5253532,20240915
5253533,20240908
5253535,20240909
5253536,20240916
5253537,20240908
5253538,20240909
5253539,20240909
5253540,20240912
5253541,20240917
5253542,20241013
5253543,20240913
5253544,20240917
5253545,20240908
5253546,20240907
5253547,20240908
5253548,20241114
5253549,20240908
5253550,20241211
5253551,20241105
5253552,20241111
5253553,20241204
5253554,20240921
5253555,20241204
5253556,20240917
5253557,20250113
5253558,20240917
5253560,20240914
5253561,20240913
5253562,20240909
5253565,20240908
5253566,20240908
5253567,20241007
5253568,20241204
5259777,20240907
5259778,20240913
5259779,20240909
5261412,20241011
5261413,20240908
5262629,20240909
5262630,20240909
5262651,20240908
5262652,20240907
5262653,20240907
5262685,20241113
5262686,20240908
5262687,20241012
5262688,20241011
5262689,20241011
5262690,20240916
5262691,20240912
5262692,20241211
5262693,20240911
5262694,20240907
5262695,20241112
5262696,20250708
5262697,20240911
5262698,20240913
5262699,20240909
5262700,20240915
5262701,20240908
5262702,20240909
5262703,20250210
5262704,20240913
5262706,20241204
5262707,20240916
5262708,20240913
5262709,20240913
5262710,20240913
5262711,20240912
5262712,20241008
5262713,20250119
5262715,20240907
5262716,20250321
5262718,20250206
5262719,20250427
5262720,20241010
5262724,20240909
5262725,20240916
5262726,20240916
5262727,20250117
5262728,20250907
5262729,20240907
5262730,20240908
5262732,20240915
5262733,20241015
5262734,20241015
5262736,20241005
5262738,20241003
5262740,20250317
5262741,20240907
5262742,20241015
5262743,20241102
5262744,20240916
5262745,20240915
5262746,20241204
5262747,20240917
5262749,20240908
5262751,20240908
5262752,20250211
5262754,20240908
5262755,20240909
5262756,20250208
5262757,20240911
5262758,20241005
5262759,20240915
5262760,20240915
5262761,20240917
5262762,20240908
5262763,20240916
5262764,20240909
5262765,20240909
5262900,20240915
5262901,20240910
5266094,20240909
5271704,20240909
5275854,20250418
5275856,20250418
5275858,20250206
5275859,20250418
5275861,20250206
5275862,20250211
5275863,20250319
5275864,20250418
5275865,20250315
5275866,20250211
5275868,20250211
5275869,20250211
5275870,20241005
5275871,20241005
5275872,20250211
5275873,20250418
5275874,20250211
5275877,20250211
5275881,20250315
5275882,20250315
5275884,20250315
5275885,20250315
5275902,20241013
5275903,20241013
5275904,20241013
5275905,20241013
5275909,20241013
5275910,20241010
5275911,20241010
5275912,20250326
5275913,20241004
5275914,20241004
5275915,20241008
5275916,20241008
5275917,20241016
5275918,20241013
5275919,20241004
5275921,20241004
5275924,20241012
5275925,20241013
5275927,20241011
5275929,20241004
5275930,20240908
5275931,20250209
5275932,20240908
5275933,20250115
5275934,20241013
5275935,20241014
5275936,20241007
5275937,20241011
5275938,20241005
5275939,20241005
5275940,20241009
5275941,20241010
5275942,20241005
5275943,20241005
5275944,20241004
5275945,20241010
5275946,20241008
5275948,20241013
5275950,20241013
5275951,20240908
5275954,20241006
5275955,20241013
5275956,20241010
5275958,20241005
5275959,20241006
5275960,20240908
5275961,20241012
5275962,20241014
5275963,20241110
5275964,20250316
5275965,20241012
5275967,20241003
5275968,20241013
5275969,20241013
5275970,20241013
5275971,20241013
5275972,20241013
5275973,20240908
5275974,20241003
5275975,20241003
5275976,20241005
5275977,20241003
5275978,20241004
5275980,20250418
5275981,20241009
5275982,20250417
5275983,20241107
5275984,20241007
5275985,20241014
5275986,20241102
5275987,20241102
5275988,20241104
5275989,20241012
5275990,20241008
5275991,20241008
5275992,20241008
5275993,20241012
5275994,20241012
5275995,20241013
5275996,20241008
5275997,20241005
5275998,20250424
5275999,20241013
5276000,20250122
5276003,20241005
5276004,20241008
5276007,20241013
5276011,20241104
5276013,20241013
5276014,20250712
5276015,20241004
5276016,20241003
5276017,20241009
5276018,20241005
5276019,20241013
5276020,20241013
5276021,20241005
5276022,20241003
5276023,20241203
5276024,20241010
5276025,20241010
5276026,20241009
5276027,20241204
5276028,20250318
5276029,20241013
5276031,20241014
5276032,20241014
5276033,20241203
5276035,20241014
5276036,20241005
5276038,20241008
5276041,20250518
5276042,20241012
5276043,20241104
5276044,20241015
5276045,20241004
5276047,20241011
5276048,20240908
5276049,20250417
5276050,20241014
5276051,20241010
5276052,20241004
5276053,20241013
5276054,20241102
5276055,20241102
5276056,20241110
5276058,20241203
5276061,20241013
5276062,20241013
5276063,20250318
5276064,20241114
5276065,20241102
5276066,20241104
5276109,20241204
5276110,20241005
5276113,20241004
5276115,20241014
5276116,20241012
5276118,20241014
5276119,20241005
5276120,20241014
5276121,20241015
5276122,20241009
5276124,20241003
5276126,20241003
5276127,20241003
5276128,20241003
5276130,20250420
5276131,20250318
5276133,20241111
5276134,20250211
5276135,20241003
5276136,20240908
5276137,20241211
5276138,20241013
5276140,20241003
5276141,20241003
5276142,20250212
5276143,20241005
5276144,20241102
5276145,20241003
5276146,20241009
5276147,20241005
5276148,20241005
5276149,20241014
5276150,20241008
5276151,20241011
5276153,20241011
5276157,20241008
5276160,20241006
5287700,20241013
5289770,20240908
5293087,20241003
5293088,20250614
5293089,20241007
5293090,20241005
5293091,20241009
5293092,20241003
5293093,20241010
5293094,20241009
5293095,20241007
5293096,20241009
5293097,20241005
5293099,20241003
5293100,20241008
5293101,20241004
5293102,20241003
5293103,20251006
5293104,20241013
5293105,20241010
5293106,20241003
5293107,20241005
5293108,20241005
5293109,20250417
5293110,20241012
5293111,20241005
5293112,20241004
5293113,20241013
5293114,20241007
5293115,20241006
5293116,20241010
5293117,20241003
5293119,20241004
5293120,20241003
5293121,20241005
5293123,20241003
5293124,20241004
5293126,20250514
5293129,20241009
5293130,20241007
5293132,20241007
5293133,20241014
5293135,20241003
5293136,20241003
5293138,20241013
5293139,20241008
5293140,20241008
5293141,20241005
5293142,20241005
5293146,20250909
5293147,20241203
5293148,20241005
5293151,20241003
5293153,20241003
5293155,20250420
5293156,20241008
5293157,20241005
5293158,20250126
5293159,20241005
5293160,20241009
5293191,20241010
5293192,20241005
5293193,20241009
5293194,20241004
5293195,20241008
5293196,20241004
5293197,20241010
5293198,20241009
5293199,20241003
5293200,20241006
5293201,20241005
5293202,20241003
5293203,20241003
5293204,20241004
5293205,20241014
5293206,20241004
5293207,20241011
5293208,20241003
5293209,20241004
5293210,20241003
5293211,20241009
5293212,20241003
5293213,20241003
5293214,20241003
5293215,20241005
5293216,20241005
5293217,20241004
5293218,20241003
5293219,20241005
5293220,20241010
5293221,20241004
5293222,20241003
5293223,20241003
5293224,20241004
5293225,20241005
5293226,20241004
5293227,20241008
5293228,20241003
5293229,20241004
5293230,20241104
5293231,20241004
5293232,20241009
5293233,20241003
5293234,20241011
5293235,20241003
5293236,20241005
5293237,20241013
5293238,20241204
5293239,20250326
5293240,20241012
5293241,20250318
5293242,20241010
5293243,20250519
5293244,20241004
5293245,20250815
5293246,20241105
5293247,20241114
5293248,20241004
5293249,20241004
5293250,20241004
5293251,20241010
5293252,20241008
5293253,20241010
5293254,20241008
5293255,20241005
5293256,20241007
5293258,20241008
5293259,20241003
5293260,20241008
5293261,20241008
5293262,20241008
5293264,20241008
5293266,20241008
5293267,20241004
5293268,20241004
5293269,20241004
5293270,20241004
5293271,20241005
5293272,20241004
5293273,20241008
5293274,20241006
5293275,20241005
5293276,20241005
5293277,20241012
5293278,20241004
5293279,20241004
5293280,20241008
5293281,20241004
5293282,20241003
5293283,20241003
5293284,20241003
5293285,20241003
5293286,20241003
5293287,20241005
5293288,20241003
5293289,20241007
5293290,20241006
5293291,20241005
5293292,20241012
5293294,20241006
5293295,20241006
5293296,20241012
5293297,20241003
5293298,20241003
5293299,20241004
5293300,20241003
5293301,20241009
5293302,20241004
5293303,20241004
5293304,20241009
5293305,20241012
5293306,20241007
5293307,20241012
5293308,20241004
5293309,20241004
5293310,20241004
5293311,20241004
5293312,20241008
5293313,20241008
5293314,20241007
5293315,20250118
5293316,20241003
5293317,20241004
5293318,20241007
5293319,20241003
5293320,20241003
5293321,20241004
5293322,20241004
5293323,20241008
5293324,20241013
5293325,20241007
5293326,20250915
5293327,20241008
5293328,20241008
5293329,20241008
5293330,20241011
5293331,20241107
5293332,20241007
5293333,20241211
5293334,20241009
5293335,20241007
5293336,20241008
5293337,20241007
5293338,20241106
5293339,20241005
5293340,20241011
5293341,20241008
5293342,20250120
5293343,20241003
5293344,20241006
5293345,20241003
5293346,20241004
5293347,20250327
5293348,20240908
5293349,20240908
5300896,20241010
5302374,20241003
5302411,20241010
5302478,20241003
5302479,20241005
5302480,20241005
5302481,20241009
5302482,20241006
5302483,20241008
5302484,20241003
5302485,20241012
5302486,20241003
5302487,20241012
5302490,20241012
5302491,20241012
5302492,20241009
5302493,20241008
5302494,20241013
5302495,20241004
5302496,20241013
5302498,20241003
5302499,20241008
5302500,20241004
5302501,20241003
5302502,20241008
5302503,20241003
5302504,20241007
5302506,20241003
5302507,20241003
5302508,20241004
5302509,20241003
5302510,20241014
5302511,20241003
5302512,20241013
5302513,20241003
5302514,20241005
5302515,20241005
5302516,20241005
5302517,20241008
5302518,20241010
5302519,20241003
5302520,20241008
5302521,20241004
5302522,20241008
5302523,20241007
5302524,20241005
5302525,20241003
5302526,20241006
5302527,20241009
5302528,20241009
5302529,20241004
5302530,20241012
5302531,20241010
5302532,20241007
5302533,20241004
5302534,20241005
5302535,20241003
5302536,20241003
5302537,20241006
5302538,20241003
5302539,20241005
5302540,20241003
5302541,20241005
5302542,20241008
5302544,20241006
5302545,20241010
5302547,20250417
5302549,20241003
5302550,20241008
5302551,20241005
5302552,20241008
5302553,20241003
5302554,20241010
5302555,20241005
5302556,20241012
5302557,20241014
5302558,20241014
5302559,20241012
5302560,20241008
5302561,20241007
5302562,20241012
5302563,20241003
5302564,20241005
5302565,20241003
5302566,20241004
5302567,20241003
5302568,20251013
5302569,20241003
5302570,20241007
5302571,20241003
5302575,20241004
5302576,20241013
5302577,20241006
5302578,20241004
5302579,20241004
5302580,20241004
5302581,20241004
5302582,20241005
5302583,20241003
5302584,20241009
5302585,20241004
5302586,20241005
5302587,20241008
5302588,20241008
5302589,20241008
5302590,20241004
5302591,20241008
5302592,20241009
5302593,20241008
5302594,20241007
5302595,20241010
5302596,20241007
5302597,20241009
5302598,20250211
5302599,20250211
5302600,20241004
5302601,20241111
5302602,20241012
5302603,20241005
5302604,20241013
5302605,20241004
5302606,20241006
5302607,20241004
5302608,20241012
5302609,20241009
5302610,20241004
5302611,20241004
5302612,20241005
5302613,20241003
5302614,20241003
5302615,20241213
5302617,20241004
5302618,20241003
5302619,20241003
5302620,20241003
5302621,20241003
5302622,20241004
5302623,20241010
5302624,20241003
5303400,20241010
5303418,20241006
5305135,20241006
5305152,20250524
5308000,20250118
5308001,20241010
5308002,20241003
5308003,20241006
5308004,20241011
5308005,20241008
5308006,20241003
5308007,20241008
5308008,20241005
5308009,20241003
5308010,20241003
5308011,20250212
5308012,20250211
5308013,20241007
5308016,20241003
5308017,20241012
5308018,20241012
5308019,20241107
5308020,20241007
5308021,20241012
5308022,20241009
5308023,20241004
5308024,20241009
5308025,20241009
5308026,20241008
5308027,20241003
5308028,20241004
5308029,20241013
5308030,20241007
5308031,20241013
5308032,20241005
5308033,20241013
5308034,20241005
5308035,20241013
5308036,20241007
5308037,20241003
5308038,20241010
5308039,20241004
5308040,20241011
5308041,20241004
5308042,20241003
5308043,20241003
5308044,20241003
5308045,20241004
5308046,20241003
5308047,20241010
5308048,20241012
5308049,20241102
5308050,20241111
5308051,20241006
5308052,20241014
5308053,20241004
5308054,20241003
5308055,20241007
5308056,20241013
5308057,20241003
5308058,20241008
5308059,20241003
5308060,20241005
5308061,20241003
5308062,20241007
5308063,20241009
5308064,20241006
5308065,20241003
5308066,20241003
5308067,20241007
5308068,20241003
5308069,20241003
5308070,20241008
5308071,20241005
5308072,20241004
5308073,20241006
5308074,20241004
5308075,20241007
5308076,20241105
5308077,20241003
5308078,20241008
5308079,20241010
5308080,20241007
5308082,20241003
5320138,20241011
5320153,20250115
5320154,20241005
5320156,20250619
5320162,20241010
5320163,20241102
5320164,20241103
5320165,20250512
5320166,20241004
5320169,20241010
5320170,20241012
5320171,20241004
5320172,20241004
5320173,20241004
5320176,20241104
5320177,20250518
5320178,20250614
5320179,20250714
5320180,20241107
5320181,20241107
5320182,20241008
5320183,20241009
5320184,20241009
5320185,20241104
5320186,20241009
5320187,20250710
5320188,20241011
5320189,20241014
5320190,20241009
5320196,20241009
5320197,20241015
5320198,20241014
5320199,20241012
5320200,20241015
5320201,20250524
5320205,20241106
5320206,20241003
5320207,20241101
5320208,20241104
5320209,20241007
5320210,20241113
5320211,20241008
5320212,20241004
5320213,20241107
5320214,20241209
5320215,20241008
5320216,20241003
5320217,20241003
5320218,20241209
5320219,20241209
5320220,20241114
5320221,20241015
5320222,20241207
5320223,20241115
5320224,20241014
5320225,20241007
5320226,20241114
5320227,20241007
5320228,20241102
5320229,20241006
5320230,20241003
5320231,20241005
5320232,20241013
5320233,20241006
5320234,20241012
5320235,20250708
5320236,20241009
5320237,20241102
5320238,20241103
5320239,20241009
5320240,20241007
5320241,20241008
5322228,20241111
5322230,20241012
5322231,20241012
5322232,20241004
5322233,20241114
5322234,20241111
5322235,20241102
5322236,20241111
5322237,20241003
5322238,20241007
5322239,20241006
5322240,20241006
5322242,20241009
5322243,20241008
5322244,20241010
5322245,20241113
5322246,20241008
5322247,20241102
5322248,20241007
5322249,20241009
5322250,20241110
5322251,20241008
5322253,20241111
5322254,20241111
5322255,20241104
5322256,20241111
5322257,20241104
5322258,20241014
5322259,20241004
5322260,20241003
5322261,20241014
5322262,20241004
5322263,20241006
5322264,20241005
5322265,20241010
5322266,20241103
5322267,20241009
5322268,20241010
5322269,20241007
5322270,20241104
5322271,20241003
5322272,20241111
5322273,20241111
5322275,20241012
5322276,20241013
5322277,20241012
5322278,20241012
5322279,20241105
5322280,20241008
5322281,20241005
5322282,20241008
5322283,20241008
5323238,20241011
5323239,20241011
5323240,20241011
5323241,20241011
5323242,20241011
5323243,20241113
5323244,20241104
5323245,20241205
5323246,20241104
5323247,20241204
5323248,20241104
5323249,20241204
5323250,20241111
5323251,20241206
5323252,20241102
5323253,20241102
5323254,20241104
5323255,20241102
5323256,20241104
5323258,20241103
5323259,20241213
5323260,20241213
5323261,20241111
5323262,20241114
5323263,20241211
5323264,20241114
5323265,20241104
5323267,20241104
5323268,20250425
5323269,20241204
5323270,20241211
5323271,20241202
5323272,20241111
5323273,20250115
5323275,20241211
5323276,20241111
5323277,20241204
5323278,20241102
5323279,20241204
5323280,20241107
5323281,20250123
5323283,20241107
5323284,20241202
5323285,20250208
5323286,20241104
5323287,20241205
5323288,20241104
5323289,20241102
5323290,20241205
5323291,20241209
5323292,20241111
5323293,20241104
5323296,20241204
5323297,20250418
5323341,20241009
5323342,20241102
5323343,20241009
5323344,20241112
5323345,20241009
5323346,20241102
5323347,20241009
5323348,20241102
5323349,20241107
5323350,20241009
5323351,20241102
5323352,20241113
5323353,20241113
5323354,20241009
5323355,20241106
5323356,20241009
5323357,20241009
5323358,20241009
5323359,20241009
5323360,20241101
5323361,20250209
5323362,20241111
5323363,20241201
5323364,20241106
5323365,20241102
5323366,20241106
5323367,20241111
5323368,20241104
5323369,20241104
5323370,20241103
5323371,20241103
5323372,20241101
5323373,20241103
5323375,20250208
5323376,20241102
5323377,20241106
5323378,20250423
5323379,20241009
5323381,20241104
5323382,20241009
5323383,20241109
5323384,20241111
5323385,20250121
5323386,20241101
5331224,20241101
5331225,20241103
5331226,20241106
5331227,20241101
5331228,20241004
5331229,20241104
5331230,20241104
5331231,20241103
5331232,20241103
5331233,20241004
5331234,20241102
5331235,20241105
5331236,20241104
5331237,20241110
5331238,20241103
5331239,20241107
5331240,20241104
5331241,20241004
5331242,20241104
5331243,20241103
5331244,20241103
5331245,20241103
5331246,20241104
5331247,20241104
5331248,20250211
5331249,20241102
5331250,20241102
5331251,20241113
5331252,20250524
5331253,20241102
5331254,20241102
5331255,20241102
5331256,20241110
5331257,20241213
5331258,20241102
5331259,20241213
5331260,20241112
5331261,20250118
5331262,20241112
5331263,20241203
5331264,20241111
5331265,20241102
5331266,20241101
5331267,20241109
5331268,20241104
5331269,20241103
5331270,20241112
5331271,20241009
5331272,20241213
5331273,20241205
5331274,20241205
5331275,20241102
5331276,20241104
5331277,20241103
5331278,20241104
5331279,20241101
5331280,20241104
5331281,20241102
5331282,20241107
5331283,20241111
5331284,20241104
5331285,20241101
5331286,20241112
5331287,20241102
5331288,20241104
5331289,20241112
5331290,20250217
5331291,20241106
5331292,20241110
5331293,20241110
5331294,20241110
5331295,20241106
5331296,20241103
5331297,20241104
5331298,20241110
5331299,20241111
5331300,20241103
5331301,20241103
5331302,20241103
5331303,20241103
5331304,20241104
5331305,20241105
5331306,20241011
5331307,20241009
5331308,20241103
5331309,20241011
5331310,20241103
5331311,20241106
5331312,20241103
5331313,20241103
5331314,20241103
5331321,20241105
5331322,20241103
5331323,20241106
5331324,20241102
5331325,20241102
5331326,20241009
5331327,20241102
5331328,20241103
5331329,20241106
5331330,20241102
5331331,20241104
5331332,20241102
5331333,20241102
5331334,20241103
5331335,20241112
5331336,20241104
5331337,20241112
5331338,20241109
5331339,20241109
5331340,20241113
5331341,20241103
5331342,20250321
5331343,20241102
5331344,20241106
5331345,20250116
5331346,20241102
5331347,20241103
5331348,20241106
5331349,20241106
5331350,20241102
5331351,20241106
5331352,20241204
5331353,20241107
5331354,20241102
5331355,20241106
5331356,20241009
5331357,20241102
5331358,20241102
5331359,20241102
5331360,20241107
5331361,20241101
5331362,20241106
5331363,20241107
5331364,20241106
5331365,20250215
5331366,20250211
5331367,20241103
5331368,20241109
5331369,20241101
5331370,20241107
5331371,20241101
5331372,20241101
5331373,20241111
5331374,20241104
5331375,20241104
5331376,20241113
5331377,20241101
5331378,20241102
5331379,20241103
5331380,20241106
5331381,20241106
5331382,20241102
5331383,20241102
5331384,20241112
5331385,20241102
5331386,20241102
5331387,20241107
5331388,20241009
5331389,20241111
5331390,20241103
5331391,20241111
5331392,20241105
5331393,20241111
5331868,20241206
5334384,20241011
5334385,20241009
5334386,20241009
5334387,20241009
5334388,20241102
5334389,20241009
5334390,20241009
5334391,20241009
5334392,20241009
5334393,20241009
5334394,20241103
5334395,20241103
5334396,20241011
5335954,20241011
5338211,20241106
5338289,20241101
5339822,20241102
5339863,20241111
5340178,20241111
5340179,20241111
5340180,20241111
5340181,20241104
5340182,20241104
5340185,20241104
5340186,20241102
5340188,20241104
5340189,20241111
5340190,20241106
5340191,20241111
5340192,20241107
5340193,20241105
5340194,20241103
5340195,20241101
5340196,20241103
5340197,20241102
5340198,20241101
5340199,20241106
5340200,20241106
5340201,20250421
5340202,20241104
5340203,20241106
5340204,20241107
5340205,20241106
5340206,20241103
5340207,20241104
5340208,20241109
5340209,20241103
5340210,20241102
5340217,20241106
5340218,20241106
5340219,20241103
5340220,20241106
5340221,20241104
5340222,20241102
5340224,20241102
5340227,20251111
5340229,20241112
5340231,20241106
5340233,20241101
5340235,20241110
5340236,20241102
5340237,20250617
5340238,20250426
5340239,20241110
5340240,20241102
5340241,20241102
5340242,20250616
5340243,20250805
5340244,20241107
5340247,20241107
5340248,20241107
5340249,20241112
5340250,20251013
5340251,20251107
5340252,20251111
5340254,20250516
5340255,20241210
5340256,20241211
5340258,20241112
5340259,20241102
5340327,20241004
5340328,20241204
5340329,20241204
5340330,20241109
5340331,20241102
5340332,20241102
5340333,20241102
5340334,20241102
5340335,20241103
5340337,20250814
5340338,20241105
5340339,20241106
5340340,20241103
5340341,20241203
5340342,20241102
5340346,20241104
5340347,20241110
5340348,20241108
5340349,20241103
5340350,20241101
5340351,20241102
5340352,20241113
5340353,20241101
5340354,20241103
5340355,20241102
5340356,20241106
5340357,20241106
5340358,20241110
5340359,20241102
5340360,20241101
5340361,20241106
5340362,20241101
5340363,20241103
5340364,20241102
5340365,20241101
5340366,20241105
5340367,20241105
5340368,20241101
5340369,20241111
5340370,20241102
5340371,20241101
5340372,20241112
5340373,20241102
5340374,20241101
5340375,20241101
5340376,20241102
5340377,20241102
5340378,20241101
5340379,20241112
5340380,20241112
5340381,20250616
5340382,20241107
5340384,20241101
5340385,20241113
5340386,20241102
5340387,20241106
5340388,20241107
5340390,20250213
5340393,20241102
5340394,20241107
5340395,20241101
5340396,20241107
5340397,20241113
5340398,20241106
5340399,20241106
5340400,20241106
5340401,20241101
5340402,20241113
5340403,20241101
5340404,20241106
5340405,20241101
5340406,20241111
5340407,20241106
5340714,20241101
5340715,20241102
5340716,20241102
5340717,20241101
5340718,20241106
5340719,20241106
5340720,20241102
5340721,20241106
5340722,20241106
5340723,20241101
5340724,20241106
5340725,20241102
5340726,20241106
5340727,20241113
5340728,20241106
5340729,20241103
5340730,20241110
5340731,20241106
5340732,20241104
5340733,20241101
5340734,20241113
5340735,20241112
5340736,20241105
5340737,20241111
5340738,20241104
5340739,20241103
5340740,20241102
5340741,20241103
5340742,20241106
5340743,20241106
5340744,20241107
5340745,20241102
5340746,20241110
5340747,20241111
5340748,20241102
5340749,20241102
5340750,20241112
5340751,20241102
5340752,20241109
5340753,20241104
5340754,20241102
5340755,20241113
5340756,20241102
5340757,20241102
5340758,20241102
5340759,20241102
5340760,20241114
5340761,20241102
5340762,20241102
5340763,20241102
5340764,20241112
5340765,20241102
5340766,20241105
5340767,20241105
5340768,20241106
5340769,20241105
5340770,20241112
5340771,20241105
5340772,20241115
5340773,20241105
5340774,20250210
5340775,20241102
5340776,20241105
5340777,20241110
5340780,20241105
5340781,20241104
5340782,20241105
5340783,20241107
5340784,20241102
5340868,20241111
5340869,20241104
5340870,20241102
5340871,20241106
5340872,20241104
5340873,20241102
5340874,20241104
5340875,20241107
5340876,20241107
5340877,20241109
5340878,20241107
5340879,20241109
5340898,20241102
5340900,20241106
5340901,20241107
5340902,20241102
5340903,20241102
5340904,20241209
5340905,20241102
5340906,20241211
5340907,20241103
5340908,20241102
5340909,20241106
5340910,20241105
5340912,20241107
5340913,20241111
5340914,20241111
5340915,20241109
5340916,20241107
5340917,20241104
5340918,20241102
5340919,20241102
5340920,20241103
5340921,20241102
5340922,20241104
5340923,20241102
5340924,20241107
5340925,20241103
5340928,20241103
5340929,20241103
5340930,20241109
5340931,20250613
5340932,20250417
5340933,20250215
5340934,20241109
5340935,20241102
5340936,20241107
5340937,20241111
5340938,20241102
5340939,20241102
5340940,20241104
5340942,20251011
5340943,20241102
5340945,20241105
5340946,20241110
5340947,20241107
5340948,20241111
5340949,20241102
5340950,20241102
5340951,20241111
5340952,20241102
5340953,20241101
5340954,20241102
5340955,20250809
5340956,20241106
5340957,20241103
5340958,20241102
5340959,20250113
5340960,20241102
5340961,20241102
5340962,20241204
5343983,20241105
5343984,20241113
5343985,20241102
5343986,20241111
5343987,20250623
5343988,20241105
5343989,20241102
5343990,20241104
5343991,20241104
5343992,20241111
5343993,20241101
5343994,20241114
5343995,20241111
5343996,20241113
5343997,20241114
5344001,20241105
5344002,20241101
5344003,20241104
5344004,20241104
5344005,20241106
5344006,20241111
5344007,20241102
5344009,20251112
5344010,20241211
5344014,20241102
5344015,20241103
5344016,20241102
5344017,20241104
5344018,20241209
5344019,20241102
5344020,20241104
5344021,20241103
5344022,20241103
5344023,20241103
5344025,20241109
5344026,20241108
5344027,20241106
5344028,20241101
5344029,20241106
5344030,20241102
5344031,20241103
5344032,20241112
5344033,20241101
5344034,20241113
5344035,20241112
5344036,20241104
5344037,20241105
5344038,20241105
5344039,20241105
5344040,20241109
5344041,20241111
5344042,20241105
5344043,20241102
5344044,20241102
5344045,20241103
5344047,20241104
5344048,20241103
5344049,20241107
5344050,20241103
5344051,20241103
5344053,20241107
5344054,20241102
5344055,20241106
5344056,20241107
5344057,20250116
5344058,20250116
5344059,20241102
5344060,20241105
5344061,20250117
5344062,20241111
5344063,20241108
5344065,20241105
5344066,20241102
5344159,20241209
5344160,20241102
5344161,20241105
5344162,20241110
5344163,20241101
5344164,20241111
5344165,20241107
5344166,20251108
5344167,20241103
5344168,20241105
5344169,20241102
5344170,20241106
5344171,20241105
5344172,20241114
5344173,20241209
5344174,20250209
5344175,20241106
5344176,20241104
5344177,20241106
5344178,20241103
5344179,20241204
5344180,20250124
5344181,20241105
5344182,20241105
5344183,20241104
5344184,20241106
5344185,20250211
5344186,20250120
5344187,20241213
5344188,20250118
5344189,20241105
5344190,20241103
5344191,20241102
5344192,20250115
5344193,20241102
5344194,20241103
5344195,20241113
5344196,20250422
5344197,20241102
5344198,20241104
5344199,20241104
5344200,20241106
5344201,20241102
5344202,20241106
5344203,20241103
5344204,20241102
5344205,20241106
5344206,20241106
5344207,20241105
5344208,20241106
5344209,20241106
5344210,20241111
5344211,20241103
5344212,20241208
5344213,20241209
5344214,20241105
5344215,20241113
5344216,20241210
5344217,20241104
5344218,20241105
5344219,20241103
5344220,20241106
5344221,20241103
5344222,20241103
5344223,20250323
5344224,20241106
5344225,20241107
5344226,20241106
5344227,20241103
5345780,20241113
5345913,20241106
5345914,20241101
5345915,20241203
5345916,20241113
5345917,20241101
5345918,20241102
5345919,20241102
5345920,20241102
5345921,20241105
5345922,20241107
5345923,20241102
5345924,20241105
5345925,20241101
5345926,20241102
5345927,20250815
5345928,20241111
5345929,20241105
5345930,20241102
5345931,20241102
5345932,20241102
5345933,20241111
5345934,20241102
5345935,20241107
5345936,20241107
5345937,20241209
5345938,20241111
5345939,20241102
5345940,20241102
5345941,20241209
5345943,20241106
5345944,20241102
5345945,20241103
5345946,20241111
5345947,20241105
5345948,20241111
5345949,20241104
5345950,20241101
5345951,20241113
5345952,20241111
5345953,20250418
5345954,20241111
5345955,20241102
5345956,20241109
5345957,20241102
5345958,20241104
5345959,20241111
5345960,20241103
5345961,20241103
5345962,20241104
5345963,20241103
5345964,20241111
5345965,20241111
5345966,20241111
5345969,20250420
5345970,20241113
5345971,20241104
5345972,20241110
5345973,20241103
5345974,20241113
5345975,20241102
5358750,20241113
5358751,20241113
5361386,20250325
5361680,20250716
5361688,20241205
5361689,20241212
5361690,20241204
5361692,20241201
5361693,20241201
5361694,20241208
5361695,20241206
5361697,20241203
5361699,20241204
5361701,20241206
5361702,20250316
5361703,20250417
5361705,20241204
5361706,20241204
5361707,20241204
5361708,20241205
5361709,20241206
5361710,20241205
5361711,20241205
5361713,20241205
5361714,20250317
5361715,20250117
5361716,20250418
5361718,20241201
5361719,20241205
5361720,20250212
5361721,20241205
5361723,20241202
5361726,20241201
5361727,20241210
5361728,20241209
5361735,20250316
5361736,20250316
5361737,20250315
5361739,20241211
5361746,20250116
5361747,20250113
5361748,20250513
5361752,20250114
5361753,20241209
5361763,20250320
5362168,20241208
5362171,20241101
5362172,20241211
5362173,20241211
5362174,20241211
5362175,20241203
5362176,20241201
5362177,20241201
5362178,20241209
5362179,20250114
5362180,20250122
5362181,20241202
5362185,20250124
5362188,20241209
5362189,20250206
5362192,20241212
5362193,20241205
5362195,20241205
5362197,20241205
5362198,20241213
5362204,20241205
5362205,20241205
5362206,20241205
5362208,20241204
5362209,20241205
5362211,20241204
5362214,20241210
5362215,20241205
5362217,20241212
5362218,20241209
5362219,20241201
5362220,20241212
5362223,20241206
5362224,20241206
5362227,20241205
5362228,20241205
5362229,20241213
5362230,20241206
5362233,20241205
5362234,20241205
5362235,20250116
5362236,20250420
5362238,20250215
5362241,20241211
5362244,20241204
5362245,20250206
5362247,20250217
5362248,20250211
5362249,20250211
5362250,20250211
5362251,20250212
5362252,20241204
5362253,20250215
5362254,20241211
5362255,20241205
5362256,20241201
5362257,20241210
5362258,20250316
5373280,20241202
5373281,20241113
5373282,20241113
5373283,20241201
5373284,20241113
5373285,20241113
5373286,20241113
5373287,20241113
5373288,20241113
5373289,20241113
5373290,20241113
5373291,20241113
5373293,20241209
5373294,20241107
5373296,20241106
5373297,20241207
5373298,20241211
5373303,20241204
5373304,20241205
5373305,20241205
5373306,20241206
5373307,20241203
5373308,20241203
5373309,20241202
5373310,20241202
5373311,20241205
5373315,20241202
5373316,20241201
5373317,20241208
5373318,20241113
5373319,20241207
5373320,20241206
5373321,20241206
5373323,20241207
5373327,20241201
5373329,20241209
5373330,20241201
5373331,20241201
5373337,20241203
5373338,20241202
5373339,20241214
5373340,20241214
5373342,20241207
5373343,20241203
5373344,20241201
5373345,20241204
5373346,20241213
5373372,20241201
5373373,20241205
5373374,20241106
5373375,20241206
5373376,20241201
5373377,20241204
5373378,20241202
5373379,20241202
5373380,20241206
5373381,20241202
5373382,20241202
5373383,20241206
5373384,20241206
5373385,20241212
5373386,20241201
5373387,20241209
5373388,20241204
5373389,20241204
5373390,20241210
5373391,20241201
5373392,20241203
5373393,20241201
5373394,20241206
5373395,20241203
5373396,20241205
5373397,20241202
5373398,20241202
5373399,20241202
5373400,20241203
5373401,20241205
5373402,20241205
5373403,20241205
5373404,20241202
5373405,20241205
5373406,20241213
5373409,20241201
5373410,20241201
5373411,20241209
5373412,20241210
5373413,20241206
5373414,20241107
5373415,20241205
5373416,20241209
5373417,20241209
5381411,20241203
5381412,20241208
5381413,20241201
5381414,20241201
5381415,20241201
5381416,20241201
5381417,20241201
5381418,20250813
5381419,20241211
5381420,20241203
5381421,20241201
5381422,20241201
5381423,20241206
5381424,20241205
5381425,20241205
5381426,20241206
5381427,20241210
5381428,20241203
5381429,20241203
5381430,20241202
5381431,20241205
5381432,20241208
5381433,20241208
5381434,20241205
5381435,20241208
5381436,20241208
5381437,20241205
5381438,20241208
5381439,20241208
5381440,20241208
5381441,20241208
5381442,20241206
5381443,20241205
5381444,20241205
5381445,20241203
5381446,20241205
5381447,20241205
5381448,20241210
5381449,20241201
5381450,20241209
5381451,20241202
5381452,20241201
5381453,20241201
5381454,20241205
5381455,20241209
5381456,20241210
5381457,20241206
5381458,20241209
5381459,20241209
5381460,20241206
5381461,20241209
5381462,20241203
5381463,20241209
5381464,20241209
5381465,20241205
5381466,20241205
5381467,20241213
5381468,20241205
5381469,20241206
5381470,20241205
5381471,20241208
5381472,20241208
5381473,20241204
5381474,20241209
5381475,20241209
5381476,20241205
5381477,20241206
5381478,20241209
5381479,20241206
5381480,20241202
5381481,20241204
5381482,20241203
5381483,20241206
5381484,20241202
5381485,20241207
5381486,20241212
5381487,20241208
5381488,20241208
5381489,20241201
5381490,20241202
5381491,20241202
5381492,20241206
5381493,20241201
5381494,20241204
5381495,20241201
5381496,20241204
5381497,20241201
5381498,20241201
5381499,20241205
5381500,20241201
5381501,20241202
5381502,20241201
5381503,20241209
5381504,20241201
5381505,20241209
5381506,20241202
5381507,20241201
5381508,20241201
5381509,20241202
5381510,20241204
5381511,20241204
5381512,20241213
5381513,20241202
5381514,20241204
5381515,20241205
5381516,20241203
5381517,20241204
5381518,20241202
5381519,20241204
5381520,20241206
5381521,20241204
5381522,20241203
5381523,20241203
5381524,20241207
5381525,20241202
5381526,20241206
5381527,20241201
5381528,20241201
5381529,20241202
5381530,20241203
5381531,20241209
5381532,20241205
5381533,20241205
5381534,20241204
5381535,20241203
5381536,20241202
5381537,20241202
5381538,20241203
5381539,20241207
5381540,20241207
5381541,20241207
5381542,20241203
5381543,20241209
5381544,20241208
5381545,20241209
5381546,20241201
5381547,20241207
5381548,20241208
5381549,20241213
5381550,20241211
5381551,20241203
5381552,20241202
5381553,20241205
5381554,20241203
5381555,20241206
5381556,20241204
5381557,20241206
5381558,20241204
5381559,20241204
5381560,20241203
5381561,20241203
5381562,20241203
5381563,20241204
5381564,20241204
5381565,20241206
5381566,20241204
5381567,20241207
5381568,20241201
5381569,20241201
5381570,20241205
5381571,20241205
5381572,20241204
5381573,20241208
5381574,20241202
5381575,20241202
5381576,20241204
5381577,20241210
5381578,20241202
5381579,20241207
5381580,20241203
5381581,20241207
5381582,20241211
5381583,20241211
5381584,20241203
5381585,20241202
5381586,20241209
5381587,20241202
5381588,20241203
5381589,20241211
5381590,20241202
5381591,20241206
5381592,20241203
5381593,20241208
5381594,20241214
5381595,20241202
5381596,20241202
5381597,20241202
5381598,20250120
5381599,20241206
5381600,20241209
5381601,20241206
5381602,20241204
5381603,20241206
5381604,20241209
5381605,20241209
5381606,20241201
5381607,20241205
5381608,20241210
5381609,20250620
5381610,20241205
5381611,20241208
5381612,20241205
5381613,20241203
5381614,20250315
5381615,20241203
5381616,20241204
5381617,20241209
5381636,20241204
5381637,20241202
5381638,20241202
5381639,20241203
5381640,20241206
5381641,20241203
5381642,20241204
5381643,20241203
5381644,20241204
5381645,20241202
5381646,20241204
5381647,20241204
5381648,20250122
5381649,20241206
5381650,20241206
5381651,20241203
5381652,20241203
5381653,20241203
5381654,20241203
5381655,20241201
5381656,20241203
5381657,20241201
5381658,20241204
5381659,20241205
5381660,20241207
5381661,20241214
5381662,20241202
5381663,20241212
5381664,20241213
5381665,20241201
5381666,20241204
5381667,20241211
5381668,20241113
5381669,20241202
5381670,20241206
5381671,20241202
5381672,20241205
5381673,20241207
5381674,20241201
5381675,20241203
5381676,20241207
5381677,20241207
5381678,20241201
5381679,20241201
5381680,20241207
5381681,20241205
5381682,20241207
5381683,20241207
5381684,20241202
5381685,20241204
5381686,20241201
5381687,20241209
5381688,20241211
5381689,20241208
5381690,20241206
5381691,20241113
5381692,20241113
5381693,20241209
5381694,20241209
5381695,20241202
5381696,20250512
5381697,20241202
5381698,20241201
5381699,20241203
5381700,20241201
5381701,20241203
5381702,20241203
5381703,20241210
5381704,20241213
5381705,20241206
5381706,20241206
5381707,20241203
5381708,20241201
5381709,20241113
5381710,20241113
5381711,20241113
5382245,20241113
5382266,20241113
5382286,20241113
5382310,20241202
5382311,20241203
5382312,20241202
5382313,20241209
5382314,20241209
5382315,20241209
5382316,20241204
5382317,20241204
5382318,20241203
5382319,20241204
5382324,20241204
5382340,20241208
5382341,20241203
5382342,20241204
5382343,20241204
5382344,20241203
5382345,20241203
5382346,20241204
5382347,20241208
5382348,20241209
5382349,20241203
5382350,20241203
5382351,20241213
5382353,20241201
5382354,20241207
5382355,20241207
5382356,20241203
5382357,20241207
5382358,20241204
5382359,20241205
5382360,20241202
5382361,20241209
5382362,20241207
5382363,20241204
5382364,20250621
5382365,20241203
5382366,20241209
5382367,20241201
5382368,20241206
5382369,20241211
5382370,20241209
5382371,20241204
5382372,20241204
5382373,20241203
5382374,20241204
5382375,20241202
5382376,20241203
5382377,20241204
5382378,20241207
5382379,20241207
5382380,20241207
5382381,20250117
5382382,20241211
5382383,20250118
5382396,20241204
5382397,20241204
5382398,20241203
5382414,20241204
5382415,20241207
5382416,20241204
5382417,20241204
5382418,20241207
5382419,20241202
5382420,20241203
5382421,20241203
5382422,20241202
5382423,20241206
5382424,20241203
5382425,20241202
5382426,20241203
5382428,20241205
5382429,20241201
5382430,20241204
5382431,20241204
5382432,20241209
5382433,20241201
5382434,20241207
5382435,20241205
5382436,20241207
5382437,20241203
5382438,20241203
5382439,20241201
5382440,20241204
5382441,20241202
5382442,20241209
5382443,20241210
5382444,20241201
5382445,20241207
5382446,20241205
5382447,20241203
5382448,20241203
5382449,20241202
5382450,20241203
5382451,20241202
5382452,20241205
5382453,20241203
5382454,20241201
5382455,20241201
5382456,20241202
5382457,20241201
5382458,20241205
5382459,20241206
5382460,20241204
5382461,20241204
5382462,20241203
5382464,20241203
5382465,20241205
5382466,20241202
5382467,20241202
5382468,20241203
5382469,20241202
5382470,20241203
5382471,20241204
5382472,20241206
5382473,20241207
5382474,20241205
5382475,20241210
5382476,20241204
5382477,20241203
5382479,20241203
5382480,20241204
5382481,20241202
5382482,20241204
5382483,20241202
5382484,20241202
5382485,20241205
5382486,20241206
5382487,20241204
5382488,20241202
5382489,20241203
5382490,20241203
5382491,20241206
5382492,20241202
5382493,20241202
5382494,20241208
5382495,20241208
5382496,20241202
5382497,20241202
5382498,20241202
5382499,20241206
5382500,20241205
5382501,20241203
5382502,20241202
5382503,20241204
5382504,20241203
5382505,20241201
5382506,20241209
5382507,20241202
5382508,20241202
5382509,20241202
5382510,20241201
5382511,20241201
5382512,20241201
5382513,20241201
5382514,20241202
5382515,20241203
5382516,20241207
5382517,20241204
5382518,20241202
5382519,20241204
5382520,20241202
5382521,20241203
5382522,20241205
5382523,20241202
5382524,20241202
5382525,20241202
5382526,20241205
5382527,20241208
5382528,20241202
5382529,20241202
5382530,20241205
5382531,20241203
5382532,20241206
5382533,20241205
5382534,20241203
5382535,20241203
5382536,20241113
5382537,20241113
5390145,20241106
5399553,20241209
5399554,20241205
5399555,20241210
5399556,20241211
5399557,20241204
5399558,20241204
5399559,20241202
5399560,20241202
5399561,20241208
5399562,20241201
5399563,20241201
5399564,20241201
5399565,20241201
5399566,20241204
5399567,20241204
5399568,20241209
5399569,20241209
5399570,20241209
5399571,20241209
5399572,20241209
5399573,20241209
5399574,20241209
5399575,20241209
5399576,20250122
5399577,20241211
5399578,20241203
5399579,20241203
5399580,20241205
5399581,20241208
5399582,20241202
5399583,20241209
5399584,20241202
5399585,20241201
5399586,20241203
5399587,20241211
5399588,20241209
5399590,20241204
5399591,20241203
5399593,20241204
5399594,20241205
5399595,20241203
5399596,20241202
5399597,20241202
5399598,20241202
5399599,20241204
5399600,20241202
5399601,20241204
5399602,20241202
5399603,20241201
5399604,20241203
5399605,20241204
5399606,20241202
5399607,20241204
5399608,20241204
5399609,20241211
5399610,20241202
5399611,20241210
5399612,20241207
5399613,20241209
5399614,20241208
5399615,20241203
5399616,20241202
5399617,20241209
5399618,20241203
5399619,20241204
5399620,20241203
5399621,20241203
5399622,20241203
5399623,20241204
5399625,20241209
5399626,20241204
5399627,20241202
5399628,20241201
5399629,20241202
5399630,20241201
5399631,20241202
5399632,20241203
5399633,20241209
5399634,20241201
5399635,20241206
5408711,20241211
5408712,20241203
5408713,20241203
5408714,20241211
5408717,20241206
5408718,20241208
5408720,20241203
5408722,20241203
5408723,20241209
5408724,20241204
5408726,20241211
5408727,20251216
5408729,20250120
5408730,20250523
5408731,20241211
5408740,20250216
5408741,20250428
5408743,20250316
5408745,20250209
5408748,20241211
5408749,20250321
5408759,20251215
5408763,20241210
5408764,20241211
5408765,20250122
5408766,20250118
5408767,20250118
5408768,20241204
5408769,20241201
5408770,20250319
5408774,20250211
5408775,20250211
5408776,20241202
5408777,20250114
5408784,20251207
5408787,20251207
5408790,20241206
5408791,20241204
5408794,20241203
5408795,20241204
5408796,20250122
5408797,20250114
5408798,20250116
5408799,20241213
5408800,20241213
5408801,20250115
5408802,20241204
5408803,20241213
5408804,20241213
5408805,20241213
5408808,20241204
5408809,20241204
5408810,20241211
5408811,20241213
5408812,20241205
5408813,20241206
5408814,20241214
5408815,20241204
5408816,20241210
5408817,20241211
5408818,20241203
5408819,20241203
5408820,20241210
5408821,20241209
5408822,20241212
5408823,20241212
5408824,20241212
5408825,20241201
5408826,20250809
5408827,20241213
5408828,20241201
5408829,20241212
5408830,20250114
5408831,20250114
5408832,20250116
5408835,20241205
5408836,20241205
5408837,20241203
5408838,20241203
5408839,20241204
5408840,20250708
5408841,20241209
5408842,20241211
5408843,20241202
5408844,20241209
5408845,20250121
5408847,20241211
5408849,20250120
5408850,20250419
5408851,20250206
5408854,20241201
5408855,20241201
5408856,20241206
5408857,20241201
5408858,20241201
5408859,20241201
5408860,20241201
5408861,20241201
5408862,20241201
5408863,20241201
5408864,20241204
5408865,20241209
5408866,20241203
5412186,20250211
5412187,20250320
5412188,20250210
5412191,20250114
5412194,20250319
5412209,20241210
5412211,20241213
5412212,20241214
5412216,20250114
5412217,20250122
5412223,20250113
5412228,20250114
5412229,20241210
5412245,20241214
5412246,20250119
5412247,20250317
5412364,20241210
5412365,20250113
5412366,20250211
5412368,20250115
5412369,20250114
5412370,20250114
5412371,20260114
5412372,20250114
5412373,20250113
5412374,20250114
5412375,20250118
5412376,20250120
5412377,20250319
5412378,20260418
5412379,20250113
5412380,20250118
5412381,20250113
5412382,20250113
5412383,20250113
5412384,20250316
5412386,20250122
5412387,20250122
5412388,20250121
5412389,20250115
5412390,20250207
5412391,20250211
5412392,20241214
5412393,20250315
5412394,20250324
5412395,20250118
5412396,20250117
5412397,20250113
5412398,20250118
5412399,20250315
5413194,20250319
5413195,20241210
5413196,20241210
5413197,20250119
5413198,20241210
5413199,20250114
5413200,20250121
5413201,20250123
5413202,20250121
5413203,20250121
5413207,20250322
5413208,20250322
5413209,20250318
5413210,20250120
5413211,20250118
5413212,20250118
5413213,20250118
5413214,20250118
5413215,20250113
5413216,20250113
5413217,20250113
5413218,20250114
5413219,20250113
5413220,20250113
5413221,20250113
5413222,20250113
5413223,20250420
5413224,20250419
5413225,20250318
5413226,20250318
5413227,20250319
5413228,20250318
5413229,20241214
5413230,20250315
5413234,20250215
5413235,20250211
5413236,20250318
5413237,20250315
5413238,20250316
5413239,20250315
5413240,20250323
5413241,20250318
5413242,20250318
5413243,20250318
5413244,20250206
5413245,20241214
5413246,20250208
5413247,20250208
5413252,20250315
5413254,20250315
5413255,20250315
5413256,20250318
5413257,20250315
5413258,20250318
5413259,20250315
5413260,20250120
5413267,20250318
5413268,20250116
5413269,20250118
5413270,20250116
5413271,20250116
5413272,20250118
5413273,20250116
5413274,20250118
5413275,20250116
5413276,20250420
5413277,20250417
5413278,20250318
5413279,20250118
5413280,20250124
5413281,20250118
5413282,20250124
5413283,20250124
5413284,20250124
5413285,20250318
5413286,20250315
5413287,20250316
5413288,20250116
5413289,20250113
5413290,20250113
5413291,20250116
5413292,20250114
5413293,20250113
5413294,20250113
5413295,20250114
5413296,20250113
5413297,20250115
5413298,20250113
5413299,20250113
5413300,20250120
5413301,20250125
5413302,20250113
5413303,20250116
5413304,20250114
5413305,20250114
5413306,20250113
5413307,20250120
5413308,20250120
5413309,20250125
5413310,20250125
5413311,20250120
5413312,20250125
5413314,20250315
5413315,20250324
5413316,20250325
5413317,20250325
5413319,20250114
5413320,20241214
5413323,20250120
5413326,20250317
5413327,20250207
5413328,20250120
5413340,20250113
5413341,20250115
5413342,20250120
5413343,20250125
5413344,20250120
5413345,20250125
5413346,20250113
5413347,20250113
5413348,20250113
5413349,20250718
5413350,20250718
5413351,20250718
5413357,20250120
5413358,20250120
5413359,20250120
5413360,20250215
5413361,20250212
5413362,20250215
5413363,20250211
5413364,20250125
5413365,20250120
5413366,20250125
5413367,20250120
5413368,20250120
5413369,20250125
5413370,20250119
5413371,20250118
5413372,20250115
5413373,20250119
5413374,20250118
5413379,20250214
5413380,20250214
5413381,20250207
5413382,20250211
5413383,20250214
5413384,20250211
5413385,20250211
5413386,20250207
5413387,20250420
5413388,20250419
5413389,20250419
5413390,20241214
5413391,20250419
5413392,20250419
5413393,20250425
5413402,20250115
5413403,20250118
5413404,20250115
5413405,20250118
5413406,20250118
5413407,20250119
5413408,20250118
5413409,20250115
5413410,20250118
5413411,20250124
5413412,20250118
5413413,20250124
5413414,20250124
5413415,20250417
5413416,20250418
5413417,20250417
5413418,20250418
5413419,20250420
5413420,20250418
5413421,20250417
5413422,20250318
5413423,20250320
5413424,20250317
5413425,20250320
5413426,20250317
5413427,20250320
5413428,20250215
5413429,20250215
5413430,20250215
5413431,20250215
5413432,20250215
5413433,20250215
5413434,20250215
5413438,20250125
5413442,20250120
5413443,20250118
5413444,20250120
5413445,20250118
5413446,20250318
5413447,20250317
5413448,20250320
5413449,20241209
5413450,20241213
5413451,20241211
5413452,20241211
5413453,20241211
5413454,20250121
5414967,20250118
5414968,20250115
5414969,20250114
5414995,20251115
5421845,20250115
5421846,20241214
5421847,20250115
5423985,20250119
5423988,20250116
5423989,20250125
5423990,20250115
5423992,20250125
5423993,20250125
5423997,20250115
5423998,20250211
5424001,20250211
5424002,20250115
5424003,20250115
5424004,20250118
5424005,20250324
5424007,20250125
5424008,20250115
5424012,20250206
5424013,20251208
5424016,20250207
5424020,20251207
5424032,20251216
5424033,20251207
5424036,20250113
5424037,20250115
5424038,20250115
5424039,20250115
5424040,20250113
5424041,20250123
5424042,20250113
5424043,20250113
5424044,20250115
5424046,20250112
5424047,20250124
5424048,20250421
5424049,20250115
5424050,20250113
5424051,20250113
5424052,20250118
5424054,20250417
5424083,20251216
5424089,20250124
5424090,20250124
5424091,20250124
5424092,20250124
5424093,20250124
5424096,20250124
5424120,20250125
5424125,20250120
5424127,20250118
5424129,20250118
5424130,20250118
5424134,20251216
5424135,20250113
5424137,20250113
5424138,20250113
5424139,20250114
5424141,20250120
5424142,20250120
5424143,20250425
5424145,20250317
5424146,20250420
5424150,20250114
5424151,20250117
5424152,20250113
5424153,20250114
5424154,20251216
5424155,20250212
5424156,20250214
5424158,20250211
5424159,20250318
5424162,20250119
5424163,20250122
5424164,20250122
5424165,20250119
5424166,20250214
5424167,20250209
5424168,20250211
5424169,20250116
5424170,20250212
5424171,20250417
5424174,20250422
5424175,20250125
5424177,20250320
5424178,20250122
5424179,20250121
5424181,20250116
5424183,20250212
5424185,20250125
5424186,20250420
5424187,20250115
5424188,20250125
5424189,20250115
5424190,20250125
5424191,20250120
5424192,20250125
5424193,20250122
5424194,20250125
5424195,20250118
5424196,20250118
5424197,20250118
5424200,20250114
5424201,20250419
5424202,20250419
5424206,20250120
5424208,20250113
5424209,20250121
5424210,20250114
5424211,20250113
5424220,20250120
5424221,20250120
5424231,20250116
5424234,20250120
5424235,20250120
5424236,20250113
5424237,20250113
5424238,20250122
5424239,20250118
5424240,20250119
5424241,20250122
5424242,20250208
5424244,20250114
5424246,20250123
5424247,20250206
5424248,20250206
5424250,20250117
5424252,20250116
5424253,20250115
5424254,20250114
5424258,20250115
5424259,20250122
5424260,20250123
5424261,20250113
5424262,20250115
5424263,20250115
5424265,20250113
5424266,20250115
5424273,20250120
5424275,20250113
5424276,20250115
5424277,20250116
5424278,20250118
5424279,20250116
5424282,20250116
5424283,20250212
5424284,20250212
5424285,20250118
5424286,20250120
5424287,20250115
5424288,20250118
5424289,20250118
5424290,20250118
5424291,20250118
5424292,20250118
5424293,20250118
5424294,20250120
5424295,20250113
5424296,20250211
5424298,20250113
5424299,20250114
5424302,20250114
5424304,20250120
5424306,20250207
5424308,20250216
5424312,20250318
5424314,20250124
5424316,20250113
5424317,20250113
5424318,20250116
5424319,20250116
5424320,20250125
5424321,20250116
5424322,20250113
5424323,20250113
5424325,20250113
5424326,20250112
5424327,20250115
5424328,20250115
5424329,20250115
5424330,20250115
5424331,20250118
5424332,20250116
5424333,20250113
5424334,20250115
5424335,20250115
5424336,20250113
5424337,20250113
5424338,20250119
5424339,20250317
5424340,20250425
5424341,20250113
5424342,20250124
5424343,20250325
5424344,20250317
5424345,20250125
5424346,20250125
5424347,20250317
5424349,20250118
5424350,20250116
5424351,20250125
5424352,20250117
5424353,20250118
5424354,20250113
5424355,20250125
5424356,20250113
5424357,20250113
5424358,20250113
5424360,20250118
5424361,20250119
5424362,20250119
5424363,20250114
5424364,20250114
5424365,20250114
5424366,20250121
5424367,20250113
5424368,20250113
5424369,20250113
5424370,20250114
5424373,20250118
5424374,20250113
5424375,20250116
5424376,20250118
5424378,20250118
5424379,20250118
5424380,20250115
5424381,20250113
5424382,20250113
5424383,20250114
5424384,20250115
5424385,20250121
5424386,20250114
5424387,20250113
5424388,20250122
5424389,20250116
5424390,20250116
5424391,20250113
5424393,20250116
5424394,20250113
5424395,20250115
5424396,20250115
5424397,20250118
5424398,20250113
5424399,20250113
5424400,20250117
5424401,20250113
5424402,20250113
5424404,20250116
5424405,20250120
5424406,20250118
5424407,20250113
5424408,20250119
5424409,20250117
5424410,20250113
5424411,20250112
5424412,20250113
5424413,20250112
5424414,20250113
5424415,20250113
5424416,20250112
5424417,20250122
5424418,20250122
5424419,20250122
5424420,20250123
5424421,20250125
5424422,20250125
5424423,20250125
5424424,20250125
5424425,20250125
5424426,20250320
5424427,20250317
5424428,20250318
5424429,20250317
5424430,20250117
5424437,20250118
5424438,20250116
5424439,20250118
5424440,20250118
5424441,20250115
5424442,20250120
5424443,20250120
5424444,20250114
5424445,20250118
5424446,20250118
5424447,20250120
5424448,20250113
5424449,20250113
5424450,20250125
5424451,20250118
5424452,20250216
5424453,20250208
5424454,20250113
5424455,20250116
5424456,20250116
5424457,20250116
5424458,20250113
5424459,20250114
5424460,20250206
5424461,20250122
5424462,20250121
5424463,20250121
5424464,20250118
5424465,20250209
5424466,20250206
5424467,20250114
5424469,20250115
5424470,20250120
5424471,20250112
5424472,20250116
5424473,20250116
5424474,20250115
5424475,20250116
5424476,20250114
5424477,20250116
5424478,20250116
5424479,20250118
5424480,20250113
5424481,20250119
5424484,20250115
5424485,20250120
5424486,20250113
5424487,20250112
5424488,20250115
5424489,20250114
5424490,20250116
5424492,20250114
5424493,20250113
5424494,20250113
5424495,20250124
5424496,20250122
5424497,20250119
5424498,20250115
5424499,20250115
5424500,20250113
5424501,20250113
5424502,20250113
5424503,20250114
5424504,20250114
5424505,20250117
5424555,20250114
5424556,20250114
5424557,20250113
5424558,20250113
5424559,20250114
5424560,20250115
5424580,20250114
5424581,20250116
5424582,20250115
5424583,20250116
5424584,20250116
5424585,20250115
5424586,20250113
5424587,20250118
5424588,20250116
5424589,20250116
5424590,20250113
5424591,20250116
5424592,20250120
5424593,20250118
5424594,20250121
5424595,20250115
5424596,20250120
5424597,20250113
5424598,20250122
5424599,20250120
5424600,20250121
5424601,20250114
5424602,20250114
5424603,20250115
5424604,20250120
5424605,20250113
5424606,20250115
5424607,20250115
5424608,20250113
5424609,20250120
5424610,20250116
5424611,20250113
5424612,20250113
5424613,20250113
5424614,20250117
5424615,20250120
5424616,20250113
5424617,20250214
5424618,20250115
5424619,20250121
5424620,20250113
5424621,20250125
5424622,20250114
5424623,20250113
5424624,20250113
5424625,20250115
5424626,20250115
5424627,20250113
5424628,20250114
5424629,20250114
5424630,20250114
5424631,20250120
5424632,20241123
5424633,20250112
5426096,20250113
5426112,20250112
5426152,20250113
5428383,20250116
5430897,20250112
5430898,20250113
5430899,20250113
5435214,20250115
5435215,20250113
5435216,20241214
5435217,20241214
5435218,20241214
5435379,20250113
5438924,20250113
5438925,20250117
5438926,20250112
5438927,20250112
5438928,20241214
5439086,20241211
5439087,20250113
5439088,20250113
5439089,20241202
5439090,20241201
5439091,20250113
5439092,20250113
5439093,20250114
5439094,20250114
5439095,20241217
5439096,20241210
5439097,20250120
5439098,20250114
5439099,20250116
5439100,20250114
5439101,20250123
5439102,20241213
5439103,20250114
5439104,20250113
5439105,20250113
5439106,20250114
5439108,20241218
5439109,20250207
5439110,20250113
5439111,20250206
5439112,20250116
5439113,20241217
5439114,20250117
5441833,20250114
5441834,20250113
5441835,20250112
5441836,20250114
5441837,20250115
5441838,20250115
5441839,20250113
5441840,20250118
5441841,20250115
5441842,20250115
5441843,20250112
5441844,20250114
5441845,20250116
5441846,20250117
5441847,20250113
5441848,20250115
5441849,20250112
5441850,20250113
5441851,20250114
5441852,20250115
5441853,20250115
5441854,20250113
5441855,20250113
5441856,20250113
5441857,20250116
5441858,20250115
5441859,20250116
5441860,20250115
5441861,20250113
5441862,20250113
5441863,20250114
5441864,20250113
5441865,20250113
5441866,20250114
5441867,20250112
5441868,20250116
5441869,20250112
5441870,20250114
5441871,20250114
5441872,20250114
5441873,20250114
5441874,20250114
5441875,20250113
5441876,20250113
5441877,20250112
5441878,20250115
5441879,20250114
5441880,20250115
5441881,20250113
5441882,20250114
5441883,20250113
5441884,20250113
5441885,20250113
5441886,20250113
5441887,20250113
5441888,20250113
5441889,20250118
5441890,20250114
5441891,20250115
5441892,20250113
5441900,20250113
5441920,20250113
5441921,20241214
5441936,20241204
5445282,20250113
5445283,20250113
5445284,20250114
5445285,20250113
5445286,20250114
5445287,20250115
5445288,20250113
5445289,20250113
5445290,20250121
5445291,20250121
5445292,20250118
5445293,20250121
5445294,20250113
5445295,20250117
5445296,20250115
5445297,20250115
5445298,20250120
5445299,20250118
5445300,20250121
5445301,20250124
5445302,20250113
5445303,20250116
5445304,20250115
5445305,20250115
5445306,20250214
5445307,20250212
5445308,20250112
5445309,20250114
5445310,20250315
5445311,20250116
5445312,20250117
5445313,20250116
5445314,20250113
5445315,20250116
5445316,20250115
5445317,20250114
5445318,20250114
5445319,20250113
5445320,20250117
5445321,20250112
5445322,20250114
5445323,20250115
5445324,20250116
5445325,20250118
5445326,20250120
5445327,20250115
5445328,20250114
5445329,20250114
5445330,20250113
5445331,20250114
5445332,20250113
5445333,20250114
5445334,20250113
5445335,20250112
5445336,20250113
5445337,20250112
5445338,20250118
5445339,20250118
5454556,20250113
5454591,20250112
5454613,20250113
5454871,20250114
5454872,20250116
5454873,20250113
5454875,20250115
5454876,20250115
5454877,20250118
5454878,20250115
5454879,20250121
5454880,20250115
5454881,20250115
5454882,20250115
5454883,20250114
5454884,20250114
5454885,20250114
5454886,20250113
5454887,20250119
5454888,20250115
5454890,20250115
5454891,20250117
5454892,20250115
5454893,20250117
5454895,20250118
5454896,20250113
5454897,20250114
5454898,20250113
5454899,20250113
5454900,20250116
5454901,20250114
5454902,20250115
5454903,20250112
5454904,20250113
5454905,20250114
5454906,20250115
5454907,20250114
5454908,20250116
5454909,20250113
5454910,20250113
5454911,20250113
5454912,20250113
5454913,20250113
5454914,20250112
5454915,20250116
5454916,20250113
5454917,20250113
5454918,20250116
5454919,20250121
5454920,20250118
5454921,20250113
5454922,20250116
5454923,20250113
5454924,20250118
5454925,20250125
5454926,20250113
5454927,20250116
5454928,20250114
5454929,20250113
5454930,20250116
5454931,20250115
5454932,20250115
5454933,20250115
5454934,20250115
5454935,20250115
5454936,20250115
5454937,20250115
5454938,20250113
5454939,20250112
5454940,20250113
5454941,20250115
5454942,20250115
5454943,20250114
5454944,20250117
5454945,20250113
5454946,20250115
5454947,20250113
5454948,20250113
5454949,20250118
5454950,20251216
5454951,20250114
5454952,20250112
5454953,20250117
5454954,20250117
5454955,20250118
5454956,20250113
5454957,20250115
5454958,20250115
5454959,20250113
5454960,20250113
5454961,20250116
5454962,20250112
5454963,20250114
5454964,20250116
5454965,20250113
5454966,20250113
5454967,20250112
5454968,20250118
5454969,20250120
5454970,20250118
5454971,20250116
5454972,20250115
5454973,20250115
5454974,20250115
5454975,20250115
5454977,20250114
5454978,20250114
5454979,20250114
5454980,20250112
5454981,20250115
5454982,20250115
5454983,20250118
5454984,20250117
5454985,20250113
5454986,20250115
5454987,20250118
5454988,20250113
5454989,20250114
5454990,20250113
5454991,20250115
5454992,20250119
5454993,20250114
5454994,20250115
5454996,20250122
5454997,20250114
5454998,20250117
5454999,20250114
5455000,20250114
5455001,20250113
5455002,20250206
5455003,20250114
5455004,20250118
5455005,20250118
5455006,20250112
5455007,20250114
5455008,20250113
5455009,20250208
5455010,20250115
5455011,20250114
5455012,20250115
5455013,20250113
5455014,20250115
5455015,20250112
5455017,20250114
5455018,20250115
5455019,20250113
5455020,20250114
5455021,20250113
5455022,20250114
5455023,20250114
5455024,20250114
5455025,20250114
5455026,20250114
5455027,20250115
5455028,20250115
5455029,20250114
5455030,20250112
5455031,20250114
5455032,20250115
5455033,20250114
5455034,20250115
5455035,20250115
5455036,20250113
5455037,20250112
5455038,20250119
5455039,20250114
5455040,20250113
5455041,20250112
5455042,20250112
5455043,20250118
5455044,20250112
5455045,20250114
5455046,20250114
5455047,20250116
5455048,20250118
5455049,20250118
5455050,20250114
5455051,20250115
5455052,20250115
5455053,20250113
5455054,20250113
5455055,20250113
5455056,20250113
5455057,20250115
5455058,20241208
5455059,20250115
5455060,20250112
5455061,20250117
5455062,20250113
5455063,20250113
5455064,20250115
5455065,20250114
5455066,20250113
5455068,20250117
5455070,20250119
5459353,20250112
5459354,20250112
5459355,20250113
5459356,20250207
5459358,20250113
5459359,20241220
5461963,20250113
5461964,20250113
5461965,20250113
5461966,20250114
5461967,20250116
5461968,20250116
5461969,20250113
5461970,20250116
5461974,20250117
5461975,20250114
5461976,20250116
5461977,20250114
5461981,20260117
5461982,20250114
5461983,20250114
5461984,20260117
5461987,20250116
5461988,20260117
5461989,20260117
5461990,20250116
5461991,20250114
5461992,20260117
5461993,20250115
5461994,20250116
5461995,20250121
5462000,20250115
5462001,20250115
5462014,20250121
5462015,20250122
5462016,20260112
5462017,20250117
5462018,20250207
5462019,20260113
5462020,20250124
5462021,20250125
5462022,20250125
5462023,20250125
5462024,20250125
5462025,20241222
5462026,20250124
5462027,20250124
5462028,20250125
5462029,20250125
5462030,20250317
5462031,20250325
5462032,20250323
5462042,20250124
5462043,20250113
5462044,20250113
5462045,20250118
5462046,20251216
5462050,20250114
5462052,20250422
5462054,20250114
5462055,20250122
5462056,20250113
5462057,20250211
5462058,20250322
5462066,20250211
5462067,20250214
5462068,20250212
5462069,20250215
5462070,20250114
5462071,20250113
5462072,20250207
5462073,20250208
5462074,20250207
5462075,20250113
5462076,20250217
5462078,20250217
5462081,20250217
5462082,20250207
5462083,20250208
5462085,20250207
5462090,20250212
5462092,20250210
5462093,20250209
5462094,20250210
5462095,20250210
5462096,20250114
5462097,20250115
5462098,20250114
5462099,20250115
5462100,20250113
5462101,20250115
5462102,20250113
5462103,20250113
5462104,20250114
5462105,20250113
5462106,20250212
5462108,20250116
5462109,20250211
5462110,20250207
5462114,20250122
5462115,20250211
5462116,20250118
5462117,20250207
5462118,20250207
5462119,20250318
5462120,20250322
5462123,20251010
5462124,20250318
5462125,20250114
5462127,20250206
5462128,20250118
5462133,20250211
5462134,20250212
5462135,20260122
5462139,20250113
5462141,20250213
5462145,20250215
5462146,20250211
5462149,20260122
5462150,20250215
5462151,20250215
5462152,20260118
5462160,20250124
5462163,20250113
5462165,20250120
5462167,20250212
5462168,20250207
5462169,20250208
5462172,20250419
5462176,20260113
5462178,20250116
5462179,20250209
5462180,20250114
5462181,20250121
5462182,20250120
5462183,20250124
5462184,20250120
5462185,20250115
5462186,20250121
5462187,20250112
5462188,20250121
5462189,20250121
5462190,20250120
5462191,20250207
5462192,20250212
5462193,20250207
5462194,20250120
5462195,20250113
5462196,20250114
5462197,20250217
5462198,20250112
5462199,20250115
5462200,20250219
5462201,20250219
5462202,20250211
5462203,20250114
5462204,20250116
5462205,20250112
5462206,20250115
5462207,20250210
5462208,20250210
5462209,20250320
5462210,20250213
5462211,20250213
5462212,20250116
5462213,20250118
5462214,20250116
5462215,20250116
5462216,20250118
5462217,20250118
5462218,20250118
5462219,20260122
5462220,20250121
5462222,20250114
5462226,20250122
5462227,20250114
5462228,20250120
5462229,20250120
5462230,20250116
5462231,20250118
5462232,20250119
5462233,20250118
5462234,20250115
5462235,20250118
5462236,20250124
5462237,20250118
5462238,20250118
5462239,20250113
5462241,20250113
5462242,20250116
5469706,20250206
5469971,20250214
5469972,20250209
5469973,20250210
5469974,20250320
5469975,20250316
5469976,20250319
5469977,20260122
5469978,20250318
5469980,20250207
5469981,20250211
5469987,20250211
5469988,20250215
5469989,20250211
5469990,20250214
5469991,20250206
5469993,20250321
5469994,20250208
5469995,20250208
5469996,20250427
5469998,20250210
5469999,20250206
5470000,20250318
5470002,20250417
5470003,20250318
5470004,20250319
5470006,20250208
5470007,20250208
5470010,20250211
5470011,20250206
5470020,20250316
5470021,20250206
5470022,20250206
5470023,20250208
5470032,20250208
5470033,20250211
5470034,20250207
5470035,20250215
5470036,20241220
5470037,20250317
5470038,20250210
5470039,20250206
5470040,20250211
5470041,20250215
5470042,20250214
5470043,20250211
5470044,20250215
5470045,20250206
5470046,20250215
5470047,20250211
5470048,20250212
5470049,20250211
5470050,20250206
5470051,20250207
5470147,20250207
5470148,20250207
5470149,20260112
5470151,20260112
5470155,20250212
5470156,20250211
5470157,20250206
5470158,20250208
5470159,20250211
5470160,20250208
5470161,20250208
5470162,20250315
5470163,20250325
5470164,20250315
5470165,20250208
5470167,20250317
5470168,20250211
5470169,20250211
5470170,20250211
5470172,20250206
5470173,20250214
5470175,20250208
5470176,20250211
5470177,20250211
5470178,20250210
5470179,20250207
5470199,20250206
5470203,20260113
5470206,20250420
5470207,20250210
5470208,20250207
5470209,20251025
5470211,20251114
5470215,20251216
5470217,20250315
5470221,20250316
5470231,20250214
5470232,20250211
5470233,20250211
5470235,20250211
5470236,20250316
5470238,20250316
5470244,20250315
5470246,20250315
5470247,20250315
5470248,20250315
5470250,20250210
5470251,20250315
5470252,20250315
5470253,20250315
5470254,20250208
5470257,20260117
5470259,20250315
5470260,20250315
5470262,20250211
5470263,20250206
5470264,20250206
5470265,20250206
5470267,20260113
5470274,20250419
5470275,20250210
5470281,20250206
5470282,20250206
5470283,20251207
5470286,20250206
5470287,20250209
5470288,20250212
5470291,20251208
5470298,20250322
5470304,20250208
5470305,20250209
5470306,20250209
5470307,20250212
5470314,20250206
5470315,20250207
5470318,20250207
5470319,20250207
5470320,20250207
5470321,20250208
5470324,20250208
5470325,20250207
5470326,20250207
5470327,20250208
5470328,20250207
5470331,20250208
5470337,20250316
5470338,20250321
5470339,20250208
5470341,20250211
5470342,20250211
5470343,20250207
5470344,20260113
5474012,20250208
5474015,20250206
5474016,20250208
5474017,20250210
5474018,20250211
5474019,20250213
5474020,20250213
5474021,20250211
5474023,20250213
5474024,20250213
5474028,20250213
5474029,20250206
5474030,20250206
5474031,20250210
5474032,20250206
5474033,20250210
5474034,20250208
5474035,20250210
5474036,20250214
5474037,20250211
5474054,20250206
5474055,20250208
5474056,20250208
5474058,20250320
5474059,20250217
5474060,20250207
5474061,20250206
5474062,20250207
5474063,20250208
5474064,20250206
5474065,20250316
5474066,20250209
5474068,20250215
5474069,20250215
5474070,20241229
5474071,20250206
5474072,20250206
5474073,20250212
5474074,20250212
5474075,20250120
5474076,20250126
5474077,20250210
5474079,20250208
5474080,20250209
5474084,20250209
5474085,20250322
5474089,20250214
5474090,20250214
5474091,20250217
5474092,20250212
5474094,20250206
5474095,20250211
5474096,20250207
5474098,20250210
5474101,20250207
5474102,20250324
5474103,20250317
5474104,20250212
5474107,20250315
5474109,20250210
5474110,20250209
5474111,20250317
5474113,20250212
5474114,20250215
5474115,20250211
5474117,20250207
5474118,20250209
5474121,20250320
5474122,20250210
5474123,20250210
5474125,20250210
5474126,20250206
5474127,20250210
5474128,20250209
5474129,20250208
5474130,20250208
5474138,20250208
5474139,20250212
5474140,20250211
5474143,20250210
5474145,20250208
5474148,20250206
5474149,20260112
5474153,20250211
5474154,20250209
5474155,20250209
5476897,20250207
5476898,20250120
5476899,20250120
5476940,20250120
5476941,20250120
5476942,20250120
5476943,20250120
5476944,20250120
5476945,20250120
5476946,20250120
5476947,20250120
5476948,20250120
5476949,20250206
5476950,20250206
5476951,20250206
5476952,20250206
5476953,20250206
5476955,20250212
5479852,20250208
5479997,20250209
5479998,20250209
5479999,20250208
5480000,20250210
5480001,20250209
5480002,20250206
5480003,20250206
5480004,20250209
5480005,20250206
5480006,20250208
5480007,20250206
5480008,20250206
5480009,20250126
5480010,20250115
5480011,20250206
5480012,20250209
5480013,20250206
5480014,20250207
5480015,20250207
5480016,20250206
5480017,20250208
5480018,20250208
5480019,20250206
5480020,20250207
5480021,20250208
5480022,20250208
5480023,20250207
5483383,20260117
5483386,20260117
5483387,20250207
5483388,20250206
5483389,20250206
5483390,20250211
5483391,20250207
5483392,20250206
5483393,20250212
5483394,20250126
5483395,20250212
5483396,20250209
5483397,20250209
5483398,20250209
5483399,20250207
5483400,20250211
5483401,20250206
5483402,20250206
5483403,20250210
5483404,20250215
5483407,20250211
5483408,20250207
5483409,20250209
5483410,20250206
5483412,20250209
5483413,20250209
5483442,20250210
5483443,20250219
5483444,20250210
5483445,20250206
5483446,20250208
5483447,20260113
5483448,20260113
5483449,20250206
5483451,20250315
5483452,20250210
5483453,20250315
5483454,20250315
5483455,20250315
5483456,20250315
5483457,20250319
5483460,20250209
5483462,20250315
5483464,20250210
5483465,20250315
5483466,20250216
5483467,20250315
5483468,20250315
5483469,20250319
5483474,20250211
5483478,20250209
5483480,20250206
5483482,20250206
5483483,20250209
5483484,20250214
5483485,20250213
5483486,20250206
5483487,20250206
5483488,20250206
5483489,20250118
5483490,20250119
5483491,20250126
5483492,20250126
5483493,20250118
5483494,20250118
5483495,20250119
5483496,20250119
5483497,20250118
5483498,20250118
5483808,20250207
5483809,20250206
5483810,20250207
5483811,20250211
5483812,20250208
5483817,20250211
5483818,20250206
5483819,20250206
5483820,20250211
5483821,20250206
5483823,20250207
5483824,20250207
5483825,20250206
5483826,20250214
5483827,20250210
5483828,20250207
5483829,20250207
5483830,20250208
5483831,20250206
5483833,20250209
5483834,20250206
5483835,20250206
5483836,20250207
5483837,20250211
5483838,20250207
5483839,20250212
5483840,20250206
5483841,20250210
5483842,20250211
5483843,20250211
5483844,20250211
5483845,20250217
5483846,20250211
5483847,20250210
5483848,20250209
5483849,20250209
5483852,20250206
5483853,20250210
5483855,20250206
5483856,20250206
5483857,20250206
5483858,20250211
5483859,20250216
5483860,20250210
5483861,20250206
5483862,20250211
5483863,20250211
5483864,20250208
5483865,20250208
5483866,20250208
5483867,20250206
5483868,20250206
5483869,20250209
5483870,20250208
5483871,20250206
5483872,20250208
5483873,20250207
5490841,20250126
5490851,20250206
5491001,20250126
5491002,20250206
5491023,20250128
5491024,20250206
5491025,20250126
5491293,20250207
5491294,20250208
5491295,20250206
5491296,20250211
5491297,20250207
5491298,20250208
5491299,20250208
5491300,20250208
5491301,20250208
5491302,20250212
5491303,20250206
5491304,20250207
5491305,20250207
5491306,20250207
5491307,20250212
5491308,20250207
5491309,20250206
5491310,20250207
5491311,20250215
5491312,20250208
5491313,20250207
5491314,20250209
5491315,20250207
5491316,20250207
5491317,20250209
5491318,20250206
5491319,20250206
5491320,20250209
5491321,20250206
5491322,20250315
5491323,20250213
5491324,20250207
5491325,20250206
5491326,20250207
5491327,20250207
5491328,20250210
5491329,20250206
5491330,20250207
5491331,20250212
5491332,20250213
5491333,20250206
5491334,20250208
5491335,20250206
5491336,20250206
5491337,20250206
5491338,20250209
5491339,20250208
5491340,20250207
5491341,20250208
5491342,20250211
5491343,20250206
5491344,20250214
5491345,20250208
5491346,20250208
5491347,20250211
5491348,20250208
5491349,20250209
5491350,20250209
5491351,20250208
5491352,20250208
5491353,20250214
5491354,20250208
5491355,20250208
5491356,20250207
5491357,20250207
5491358,20250207
5491360,20250214
5491361,20250207
5491362,20250211
5491363,20250209
5491364,20250210
5491365,20250211
5491366,20250315
5491367,20250211
5491370,20250211
5491371,20250210
5491372,20250206
5491373,20250206
5491374,20250210
5491375,20250208
5491376,20250207
5491377,20250208
5491378,20250206
5491379,20250208
5491380,20250206
5491381,20250208
5491382,20250206
5491383,20250207
5491384,20250208
5491385,20250207
5491386,20250207
5491387,20250209
5491388,20250206
5491389,20250209
5491391,20250206
5491392,20250208
5491393,20250206
5491394,20250207
5491395,20250211
5491396,20250208
5491397,20250208
5491398,20250206
5491399,20250206
5491400,20250212
5491401,20250212
5491402,20250420
5491403,20250418
5491404,20250417
5491405,20250206
5491406,20250418
5491407,20250417
5491408,20250209
5491409,20250208
5491410,20250417
5491411,20250206
5491412,20250418
5491413,20250209
5491414,20250217
5491415,20250217
5491416,20250211
5491417,20250211
5491418,20250207
5491419,20250212
5491420,20250207
5491421,20250209
5491422,20250217
5491423,20250211
5491424,20250211
5491425,20250209
5491426,20250210
5491427,20250207
5491428,20250207
5491429,20250217
5491430,20250206
5491431,20250206
5491432,20250208
5491433,20250205
5491434,20250206
5491435,20250211
5491436,20250206
5491437,20250209
5491438,20250206
5491439,20250206
5491440,20250206
5491441,20250207
5491442,20250211
5491443,20250211
5491444,20250209
5491445,20250206
5491446,20250206
5491447,20250210
5491448,20250206
5491449,20250206
5491450,20250208
5491451,20250206
5491452,20250209
5491453,20250206
5491454,20250209
5491455,20250209
5491456,20250207
5491457,20250208
5491458,20250208
5491459,20250207
5491460,20250208
5491461,20250207
5491462,20250206
5491463,20250209
5491464,20250206
5491465,20250208
5491466,20250207
5491467,20250206
5491468,20250206
5491469,20250207
5491470,20250207
5491471,20250208
5491472,20250206
5491473,20250208
5491474,20250218
5491475,20250218
5491476,20250206
5491477,20250207
5491478,20250208
5491479,20250207
5491480,20250210
5491481,20250206
5491482,20250210
5491483,20250209
5491484,20250207
5491485,20250212
5491486,20250206
5491487,20250206
5491488,20250206
5491489,20250207
5491490,20250207
5491491,20250206
5491492,20250208
5491493,20250208
5491494,20250209
5491495,20250209
5491496,20250209
5491497,20250209
5491498,20250217
5491499,20250211
5491501,20250208
5491502,20250208
5491503,20250207
5491504,20250211
5491505,20250211
5491506,20250210
5491507,20250206
5491508,20250209
5491509,20250208
5492893,20250209
5492894,20250206
5492895,20250207
5492951,20250209
5492952,20250206
5492953,20250207
5492954,20250206
5492955,20250208
5492956,20250206
5492957,20250208
5492958,20250206
5492959,20250208
5492960,20250208
5492961,20250211
5492962,20250206
5492963,20250207
5492964,20250207
5492965,20250207
5492966,20250206
5492967,20250210
5492968,20250206
5492969,20250210
5492970,20250208
5492971,20250207
5492972,20250208
5492973,20250212
5492974,20250207
5492975,20250208
5492976,20250207
5492977,20250207
5492978,20250207
5492979,20250207
5492980,20250216
5492981,20250211
5492982,20250207
5492983,20250207
5492985,20250206
5492986,20250208
5492987,20250208
5492988,20250206
5492989,20250209
5492990,20250207
5492991,20250215
5492992,20250209
5492993,20250211
5492994,20250208
5492995,20250207
5492996,20250209
5492997,20250208
5492998,20250210
5492999,20250208
5493000,20250207
5493001,20250207
5493002,20250209
5493003,20250208
5493004,20250211
5493005,20250211
5493006,20250211
5493007,20250211
5493008,20250214
5493009,20250206
5493010,20250210
5493011,20250206
5493012,20250207
5493013,20250206
5493014,20250208
5493015,20250210
5493016,20250208
5493017,20250206
5493018,20250208
5493019,20250206
5493020,20250209
5493021,20250209
5493022,20250209
5493023,20250207
5493024,20250206
5493025,20250206
5493026,20250206
5493027,20250208
5493028,20250206
5493029,20250208
5493030,20250206
5493031,20250208
5493032,20250207
5493033,20250206
5493034,20250206
5493035,20250206
5493036,20250206
5493037,20250206
5493038,20250206
5493039,20250208
5493040,20250207
5493041,20250207
5493042,20250207
5493044,20250213
5493046,20250208
5493047,20250208
5493048,20250208
5493049,20250207
5493050,20250208
5493051,20250206
5493052,20250207
5493053,20250206
5493054,20250206
5493055,20250208
5493056,20250206
5493057,20250209
5493058,20250209
5493059,20250209
5493060,20250207
5493061,20250206
5493062,20250206
5493063,20250211
5493064,20250207
5493065,20250211
5493066,20250212
5493067,20250206
5493068,20250210
5493069,20250207
5493070,20250211
5493071,20250207
5493072,20250207
5493073,20250211
5493074,20250210
5493075,20250218
5493076,20250211
5493077,20250207
5493078,20250206
5493079,20250207
5493080,20250209
5493081,20250206
5493082,20250211
5493083,20250206
5493084,20250209
5493085,20250206
5493086,20250207
5493131,20250212
5493132,20250206
5493133,20250213
5493134,20250211
5493135,20250212
5493136,20250209
5493137,20250206
5493138,20250212
5493139,20250206
5493140,20250211
5493141,20250206
5493142,20250209
5493143,20250206
5493144,20250211
5493145,20250211
5493146,20250207
5493147,20250209
5493148,20250217
5493149,20250208
5493150,20250207
5493151,20250214
5493152,20250319
5493153,20250210
5493154,20250206
5493155,20250210
5493156,20250207
5493157,20250209
5493158,20250209
5493159,20250207
5493160,20250207
5493161,20250207
5493162,20250207
5493163,20250209
5493164,20250207
5493165,20250206
5493166,20250210
5493167,20250210
5493168,20250208
5493169,20250212
5493170,20250211
5493171,20250211
5493172,20250211
5493173,20250211
5493174,20250207
5493175,20250210
5493176,20250208
5493177,20250212
5493178,20250209
5493179,20250315
5493180,20250209
5493181,20250206
5493182,20250209
5493183,20250205
5493184,20250214
5493185,20250212
5493186,20250206
5493187,20250207
5493188,20250217
5493189,20250206
5493190,20250210
5493191,20250206
5493192,20250206
5493193,20250211
5493194,20250216
5493195,20250206
5493196,20250209
5493197,20250207
5493198,20250208
5493199,20250212
5493200,20250206
5493201,20250210
5493202,20250211
5493203,20250210
5493204,20250206
5493205,20250209
5493206,20250209
5493207,20250209
5493208,20250207
5493209,20250207
5493210,20250207
5493238,20250209
5493239,20250206
5493240,20250206
5493241,20250207
5493242,20250206
5493243,20250206
5493244,20250206
5493245,20250206
5493246,20250206
5493247,20250206
5493248,20250207
5493249,20250206
5493250,20250206
5493251,20250206
5493252,20250207
5493253,20250207
5493254,20250206
5493255,20250206
5493256,20250206
5493257,20250212
5493258,20250207
5493259,20250206
5493260,20250206
5493261,20250211
5493262,20250206
5493263,20250206
5493264,20250206
5493265,20250206
5493266,20250210
5493267,20250206
5493268,20250206
5493269,20250207
5493270,20250206
5493271,20250207
5493272,20250208
5493273,20250208
5493274,20250206
5493275,20250207
5493276,20250210
5493277,20250206
5493278,20250207
5493279,20250208
5493280,20250209
5493281,20250209
5493282,20250209
5493283,20250208
5493284,20250210
5493285,20250207
5493286,20250207
5493287,20250208
5493288,20250206
5493289,20250126
5493290,20250126
5493291,20250209
5493292,20250207
5493293,20250207
5493294,20250209
5493295,20250126
5493296,20250206
5493297,20250206
5493298,20250206
5493299,20250206
5493300,20250207
5493301,20250208
5493302,20250210
5493304,20250206
5493305,20250126
5494106,20250126
5494107,20250126
5495580,20250207
5495581,20250208
5497358,20250206
5497359,20250206
5498178,20250209
5498179,20250126
5503807,20250206
5503808,20250206
5503809,20250207
5503810,20250209
5503811,20250206
5503812,20250206
5503813,20250208
5503814,20250209
5503815,20250208
5503816,20250207
5503817,20250207
5503818,20250208
5503819,20250208
5503820,20250209
5503821,20250209
5503822,20250209
5503823,20250206
5503824,20250208
5503825,20250207
5503826,20250207
5503827,20250208
5503828,20250208
5503829,20250206
5503830,20250210
5503831,20250206
5503832,20250209
5503833,20250207
5503834,20250207
5503835,20250206
5503836,20250206
5503837,20250208
5503838,20250206
5503839,20250207
5503840,20250209
5503841,20250210
5503842,20250206
5503843,20250208
5503844,20250206
5503845,20250208
5503846,20250206
5503847,20250209
5503848,20250209
5503849,20250206
5503850,20250208
5503851,20250212
5503852,20250211
5503853,20250211
5503854,20250207
5503855,20250211
5503856,20250210
5503857,20250211
5503858,20250211
5503859,20250211
5503860,20250211
5503861,20250207
5503862,20250210
5503863,20250206
5503864,20250209
5503865,20250127
5503866,20250319
5503867,20250121
5503868,20250208
5503869,20250317
5503870,20250317
5503871,20250317
5503872,20250124
5503873,20250318
5503874,20250207
5503875,20250210
5503876,20250209
5503877,20250210
5503878,20250210
5503879,20250209
5503880,20250209
5503881,20250315
5503882,20250206
5503883,20250206
5503884,20250208
5503887,20250210
5503888,20250209
5503889,20250207
5503890,20250216
5503891,20250210
5503892,20250321
5503893,20250315
5503894,20250208
5503896,20250316
5503897,20250213
5503898,20250316
5503899,20250207
5503900,20250209
5503901,20250209
5503902,20250208
5503903,20250210
5503904,20250211
5503905,20250207
5503906,20250212
5503907,20250207
5503908,20250207
5503909,20250210
5503910,20250208
5503911,20250208
5503912,20250208
5503913,20250208
5503914,20250208
5503915,20250208
5503916,20250216
5503917,20250211
5503918,20250208
5503919,20250208
5503920,20250214
5503921,20250214
5503922,20250214
5503923,20250208
5503924,20250209
5503925,20250214
5503926,20250206
5503927,20250206
5503928,20250208
5503929,20250208
5503930,20250206
5503931,20250208
5503932,20250206
5503933,20250208
5503934,20250210
5503935,20250212
5503936,20250208
5503937,20250212
5503938,20250208
5503939,20250208
5503940,20250209
5503941,20250213
5503942,20250206
5503943,20250211
5503944,20250211
5503945,20250210
5503946,20250212
5503947,20250321
5503948,20250321
5503949,20250321
5503950,20250210
5503951,20250210
5503952,20250208
5503953,20250212
5503954,20250210
5503955,20250215
5503956,20250213
5503957,20250214
5503958,20250208
5503959,20250206
5503960,20250214
5503961,20250206
5503962,20250207
5503963,20250212
5503964,20250209
5503965,20250206
5503966,20250209
5503967,20250215
5503968,20250210
5503969,20250210
5503970,20250212
5503971,20250207
5503972,20250211
5503973,20250209
5503974,20250214
5503975,20250212
5503976,20250212
5503977,20250207
5503978,20250207
5503979,20250212
5503980,20250206
5503981,20250208
5503982,20250208
5503983,20250208
5503984,20250208
5503985,20250206
5503986,20250209
5503987,20250214
5503988,20250211
5503989,20250211
5503990,20250213
5503991,20250212
5503992,20250211
5503993,20250316
5503994,20250316
5503995,20250207
5503996,20250208
5503997,20250207
5503998,20250210
5503999,20250211
5504000,20250207
5504001,20250210
5504002,20250209
5504003,20250206
5504004,20250210
5504005,20250209
5504006,20250206
5504007,20250209
5504008,20250206
5504009,20250206
5504010,20250206
5504011,20250321
5504012,20250206
5504013,20250210
5504014,20250209
5504015,20250208
5504016,20250212
5504017,20250210
5504018,20250209
5504019,20250209
5504020,20250206
5504021,20250206
5504022,20250207
5504023,20250212
5504024,20250213
5504025,20250208
5504026,20250215
5504027,20250207
5504028,20250206
5504029,20250206
5504030,20250321
5504031,20250206
5504032,20250206
5504033,20250206
5504034,20250225
5504035,20250318
5504036,20250211
5504037,20250206
5504038,20250130
5504039,20251216
5504040,20250420
5504041,20250426
5504042,20250206
5504043,20250426
5504045,20250207
5504046,20250210
5504047,20250207
5504048,20250209
5504049,20250207
5504050,20250206
5504051,20250214
5504052,20250218
5504053,20250212
5504054,20250211
5504055,20250206
5504056,20250215
5504057,20250212
5504058,20250215
5504059,20250215
5504060,20250209
5504061,20250206
5504062,20250209
5504063,20250315
5504064,20250209
5504065,20250206
5504066,20250209
5504067,20250209
5504068,20250209
5504069,20250315
5504070,20250206
5504071,20250208
5504072,20250209
5504073,20250319
5504074,20250208
5504075,20250208
5504076,20250207
5504077,20250207
5504078,20250208
5504079,20250214
5504080,20250209
5504081,20250210
5504082,20250210
5504083,20250206
5504084,20250206
5504085,20250215
5504086,20250207
5505480,20250208
5505489,20250209
5509302,20250206
5509303,20250206
5509324,20250206
5509995,20250207
5509996,20250210
5509997,20250207
5509998,20250207
5509999,20250207
5510000,20250131
5511719,20250319
5511730,20250209
5511734,20250207
5511737,20250206
5511755,20250315
5511789,20250317
5511790,20250315
5511800,20250213
5511802,20250213
5511804,20250211
5511805,20250210
5511806,20250207
5511807,20250211
5511808,20250319
5511809,20250211
5511810,20250211
5511811,20250210
5511812,20250212
5511813,20250206
5511814,20250211
5511815,20250207
5511816,20250206
5511817,20250214
5511818,20250210
5511819,20250209
5511820,20250206
5511821,20250206
5511822,20250209
5511823,20250206
5511824,20250209
5511825,20250206
5511826,20250210
5511827,20250209
5511828,20250211
5511829,20250210
5511830,20250207
5511831,20250208
5511832,20250315
5511833,20250317
5511834,20250315
5511835,20250207
5511836,20250207
5511837,20250214
5511838,20250212
5511839,20250207
5511840,20250208
5511841,20250210
5511842,20250208
5511843,20250218
5511844,20250207
5511845,20250210
5511846,20250209
5511847,20250210
5511848,20250210
5511849,20250214
5511850,20250206
5511851,20250207
5511852,20250210
5511853,20250315
5511854,20250315
5511855,20250210
5511856,20250210
5511857,20250319
5511859,20250319
5511860,20250315
5511861,20250213
5511862,20250315
5511863,20250206
5511864,20250315
5511865,20250210
5511866,20250317
5511867,20250209
5511868,20250206
5511869,20250315
5511870,20250206
5511871,20250210
5511872,20250208
5511939,20250206
5511940,20250206
5512017,20250316
5512018,20250317
5512019,20250317
5512020,20250316
5512021,20250316
5512022,20250316
5512023,20250315
5512024,20250324
5512025,20250315
5512026,20250320
5512027,20250315
5512029,20250429
5512030,20250423
5512031,20250315
5512032,20250316
5512033,20250315
5512034,20250315
5512036,20250206
5512037,20250209
5512038,20250210
5512039,20250210
5512040,20250210
5512042,20250206
5512049,20250315
5512050,20250315
5512052,20250215
5512053,20250209
5512054,20250209
5512055,20250210
5512056,20250206
5512264,20250208
5512265,20250209
5512266,20250213
5512267,20250207
5512268,20250209
5512269,20250209
5512270,20250209
5512271,20250210
5512272,20250209
5512273,20250212
5512274,20250208
5512275,20250205
5512276,20250212
5512277,20250207
5512278,20250207
5512279,20250207
5512280,20250207
5512281,20250207
5512282,20250208
5512283,20250208
5512284,20250208
5512285,20250208
5512286,20250208
5512287,20250214
5512288,20250214
5512289,20250206
5512290,20250209
5512291,20250207
5512292,20250206
5512293,20250206
5512294,20250209
5512295,20250211
5512296,20250209
5512297,20250208
5512298,20250210
5512299,20250211
5512300,20250208
5512301,20250207
5512302,20250208
5512303,20250206
5512304,20250210
5512305,20250212
5512306,20250208
5512307,20250206
5512308,20250209
5512309,20250209
5512310,20250209
5512311,20250212
5512312,20250209
5512313,20250210
5512314,20250206
5512315,20250206
5512316,20250206
5512317,20250208
5512318,20250209
5512319,20250209
5512320,20250209
5512321,20250208
5512322,20250207
5512323,20250209
5512324,20250210
5512325,20250207
5512326,20250209
5512327,20250209
5512328,20250209
5512329,20250209
5512330,20250209
5512331,20250208
5512332,20250209
5512335,20250321
5512336,20250210
5512337,20250206
5512338,20250209
5512339,20250210
5512578,20250210
5512579,20250210
5512580,20250210
5512581,20250206
5512582,20250207
5512583,20250210
5512584,20250208
5512585,20250206
5512586,20250210
5512587,20250206
5512588,20250212
5512589,20250209
5512590,20250212
5512591,20250211
5512592,20250206
5512593,20250207
5512594,20250210
5512595,20250207
5512596,20250211
5512597,20250207
5512598,20250210
5512599,20250205
5512600,20250208
5512601,20250319
5512602,20250208
5512603,20250206
5512604,20250206
5512605,20250210
5512606,20250206
5512607,20250208
5512608,20250210
5512609,20250207
5512610,20250209
5512611,20250209
5512612,20250210
5512613,20250211
5512614,20250209
5512615,20250207
5512616,20250206
5512617,20250207
5512618,20250210
5512619,20250210
5512620,20250206
5512621,20250206
5512622,20250207
5512623,20250206
5512624,20250208
5512625,20250210
5512626,20250209
5512627,20250206
5512628,20250209
5512629,20250207
5512630,20250208
5512631,20250208
5512632,20250210
5512633,20250206
5512634,20250206
5512635,20250210
5512636,20250209
5512637,20250212
5512638,20250209
5512639,20250207
5512640,20250210
5512641,20250206
5512642,20250206
5512643,20250206
5512644,20250206
5512645,20250210
5512646,20250207
5512647,20250206
5512648,20250210
5512649,20250210
5512650,20250213
5512651,20250213
5512652,20250208
5512653,20250206
5512654,20250210
5514028,20250206
5514029,20250206
5514030,20250206
5514031,20250206
5514032,20250206
5514033,20250210
5514034,20250210
5514035,20250211
5514036,20250211
5514037,20250212
5514038,20250209
5514039,20250218
5514040,20250217
5514042,20250317
5514043,20250315
5514044,20250320
5514045,20250209
5514046,20250316
5514047,20250316
5514049,20250206
5514050,20250315
5514051,20260214
5514053,20250315
5514054,20250315
5514055,20250315
5514056,20250315
5514057,20250315
5514058,20250315
5514059,20250315
5514060,20250315
5514061,20250316
5514062,20250315
5514063,20260213
5514070,20250318
5514071,20250318
5514072,20250318
5514073,20250216
5514074,20250216
5514075,20250317
5514076,20250316
5514077,20250317
5514078,20250321
5514079,20250315
5514080,20250206
5514081,20250207
5514082,20250316
5514083,20250210
5514084,20250209
5514085,20250208
5514086,20250317
5514087,20250317
5514088,20250321
5514090,20250315
5514092,20250316
5514093,20250319
5514094,20250211
5514095,20250319
5514096,20250208
5514097,20250208
5514098,20250315
5514099,20250316
5514100,20250206
5514101,20250215
5514102,20250210
5514103,20250210
5514105,20250315
5514106,20250317
5514107,20250316
5514109,20250217
5514110,20250316
5514111,20250317
5514112,20250209
5514113,20250217
5514114,20250316
5514115,20250316
5514116,20250209
5514117,20250207
5514118,20250206
5514119,20250316
5514120,20250211
5514121,20250212
5514122,20250211
5514123,20250316
5514124,20250324
5514125,20250324
5514126,20250206
5514127,20250217
5514128,20250212
5514129,20250212
5514130,20250317
5514131,20250322
5514132,20250211
5514133,20250315
5514134,20250315
5514136,20250316
5514137,20250211
5514138,20250315
5514139,20250319
5514140,20250321
5514141,20250319
5514142,20250320
5514143,20250321
5514144,20250316
5514145,20250316
5514146,20250316
5514147,20250206
5514148,20250206
5514149,20250206
5514151,20260113
5514152,20250316
5514153,20260113
5514154,20250315
5514155,20250315
5514156,20250316
5514157,20250315
5514158,20250315
5514159,20250315
5514160,20250315
5514161,20250325
5514162,20250325
5514163,20250315
5514164,20250315
5514165,20250315
5514166,20250316
5514167,20250324
5514168,20250317
5514169,20250315
5514170,20250315
5514171,20250316
5514172,20250315
5514173,20250206
5514174,20250206
5514175,20250205
5514176,20250206
5514177,20250206
5514178,20250206
5514179,20250318
5514180,20250315
5514181,20250209
5514182,20250210
5514183,20250210
5514184,20250210
5514185,20250208
5514186,20250209
5514187,20250212
5514188,20250315
5514190,20250209
5514191,20250209
5514192,20250206
5514200,20250315
5514201,20250211
5514202,20250214
5514203,20250206
5514204,20250206
5514205,20250206
5514206,20250214
5514207,20250321
5514208,20250321
5514209,20250320
5514210,20250223
5514211,20250207
5514212,20250315
5514214,20250315
5514215,20250315
5514216,20250214
5514217,20250206
5514218,20250206
5514219,20250322
5514220,20250215
5514221,20250207
5514222,20250210
5514223,20250316
5514224,20250317
5514225,20250319
5514226,20250319
5514227,20250319
5514228,20250319
5514229,20250221
5514230,20250315
5514231,20250210
5514232,20250315
5514233,20250323
5514234,20250317
5514235,20250319
5514236,20250206
5514237,20250206
5514238,20250315
5514239,20250318
5514240,20250207
5514241,20250324
5514242,20250324
5514243,20250326
5514244,20250315
5514245,20250315
5514246,20250315
5514247,20250315
5514248,20250315
5514249,20250315
5514250,20250321
5514251,20250208
5514252,20250319
5514253,20250319
5514254,20250208
5514255,20250319
5514256,20250305
5514257,20250206
5514258,20250321
5514259,20250316
5514260,20250315
5514261,20250315
5514262,20250315
5514263,20250315
5514264,20250315
5514265,20250315
5514266,20250319
5514267,20250317
5514268,20250207
5514269,20250319
5514270,20250315
5514271,20250319
5514272,20250206
5514273,20250206
5514274,20250206
5514275,20250206
5514276,20250206
5514277,20250206
5514278,20250321
5514279,20250315
5514280,20250315
5514281,20250315
5514282,20250311
5514283,20250207
5514284,20250207
5514285,20250317
5514286,20250318
5514287,20250315
5514288,20250315
5514289,20250317
5514290,20250315
5514291,20250315
5514292,20250225
5514293,20250209
5514294,20250417
5514295,20250418
5514297,20250210
5514298,20250206
5514299,20250210
5514301,20250317
5514302,20250315
5514303,20250206
5514304,20250319
5514305,20250319
5514306,20250206
5514307,20250215
5514308,20250315
5514309,20250208
5514310,20250319
5514311,20250316
5514312,20250206
5514313,20250324
5514314,20250317
5514315,20250316
5514316,20250315
5514317,20250323
5514318,20250315
5514319,20250319
5514320,20250210
5514321,20250210
5514322,20250317
5514323,20250317
5514324,20250317
5514325,20250324
5514326,20250317
5514327,20250417
5514328,20250417
5514329,20250206
5514330,20250206
5514331,20250206
5514332,20250209
5514333,20250326
5514334,20250206
5514335,20250315
5514336,20250315
5514337,20250316
5514340,20250316
5514341,20250317
5514342,20250316
5514343,20260214
5514344,20250316
5514345,20250212
5514346,20250216
5514347,20250325
5514348,20250323
5514349,20250318
5514350,20250319
5514352,20250317
5514353,20250211
5514354,20250315
5514355,20250316
5514356,20250315
5514357,20250316
5514358,20250317
5514359,20250316
5514362,20250207
5514363,20250321
5514364,20250312
5514365,20250212
5514366,20250206
5514367,20250207
5514368,20250317
5514369,20250210
5514371,20250209
5514372,20250210
5514373,20250315
5514374,20250207
5514375,20250206
5514376,20250206
5514377,20250207
5514378,20250208
5514379,20250316
5514380,20250316
5514381,20250315
5514382,20250206
5514383,20250206
5514384,20250206
5514385,20250315
5514386,20250206
5514387,20250322
5514388,20250315
5514389,20250212
5514390,20250319
5514391,20250316
5514392,20250316
5514393,20250318
5514394,20250206
5514397,20250318
5514398,20250318
5514399,20250209
5514400,20250326
5514401,20250315
5514402,20250316
5514403,20250207
5514404,20250312
5514405,20250315
5514406,20250318
5514407,20250315
5514408,20250315
5514409,20250315
5514410,20250209
5514411,20250315
5514412,20250315
5514413,20250315
5514414,20250315
5514415,20250217
5514416,20250217
5514417,20250317
5514418,20250320
5514419,20250315
5514420,20250315
5514421,20250322
5514422,20250318
5514423,20250217
5514424,20250210
5514425,20250210
5514426,20250209
5514427,20250315
5514428,20250317
5514429,20250214
5514430,20250315
5514431,20250315
5514432,20250315
5514433,20250315
5514435,20250209
5514436,20250207
5514437,20250317
5514438,20250315
5514439,20250315
5514440,20250315
5514441,20250317
5514442,20250315
5514443,20250315
5514444,20250315
5514445,20250326
5514446,20250315
5514447,20250315
5514448,20250217
5514449,20250211
5514450,20250217
5514451,20250211
5514452,20250217
5514453,20250206
5514454,20250211
5514455,20250217
5514456,20250211
5514457,20250211
5514458,20250315
5514459,20250317
5514460,20250318
5514461,20250317
5514462,20250318
5514463,20250318
5514464,20250315
5514465,20250315
5514466,20250315
5514468,20250315
5514469,20250418
5514470,20250315
5514471,20250417
5514472,20250315
5514473,20250315
5514474,20250315
5514475,20250315
5514476,20250315
5514477,20250315
5514478,20250323
5514480,20250322
5514481,20250323
5514482,20250417
5514483,20250417
5514484,20250417
5514485,20250325
5514486,20250417
5514487,20250417
5514488,20250417
5514489,20250418
5514490,20250315
5514491,20250315
5514492,20250315
5514493,20250315
5514494,20250418
5514495,20250423
5514496,20250423
5514497,20250423
5514498,20250315
5514499,20250315
5514500,20250315
5514501,20250315
5514502,20250315
5514503,20250315
5514504,20250315
5514505,20250320
5514506,20250420
5514507,20250320
5514509,20250317
5514510,20250317
5514515,20250316
5514516,20250319
5514517,20250315
5514518,20250315
5514519,20250322
5514520,20250316
5514521,20250316
5514522,20250322
5514523,20250322
5514524,20250320
5514525,20250322
5514526,20250322
5514527,20250315
5514528,20250322
5514529,20250316
5514530,20250317
5514531,20250317
5514532,20250316
5514533,20250315
5514534,20250316
5514535,20250315
5514536,20250315
5514537,20250315
5514538,20250315
5514539,20250315
5514540,20250321
5514541,20250315
5514542,20250315
5514543,20250316
5514544,20250318
5514545,20250326
5514546,20250326
5514547,20250319
5514548,20250319
5514549,20250319
5514550,20250419
5514551,20250326
5514552,20250419
5514553,20250316
5514554,20250321
5514555,20250316
5514556,20250316
5514557,20250321
5514558,20250315
5514560,20250316
5514561,20250315
5514562,20250326
5514563,20250316
5514564,20250315
5514565,20250319
5514566,20250315
5514567,20250315
5514568,20250316
5514569,20250320
5514570,20250318
5514571,20250323
5514572,20250322
5514573,20250315
5514574,20250315
5514575,20250315
5514576,20250317
5514577,20250315
5514578,20250320
5514579,20250315
5514580,20250319
5514581,20250319
5514582,20250315
5514583,20250316
5514584,20250326
5514585,20250316
5514586,20250316
5514587,20250316
5514588,20250319
5514589,20250316
5514590,20250317
5514591,20250317
5514592,20250315
5514593,20250326
5514594,20250326
5514595,20250318
5514596,20250317
5514597,20250315
5514598,20250320
5514599,20250321
5514600,20250317
5514601,20250315
5516007,20250315
5522995,20250206
5522996,20250206
5523039,20250221
5523387,20250315
5523388,20250315
5523389,20250315
5523390,20250315
5523391,20250317
5523392,20250315
5523393,20250315
5523394,20250315
5523396,20250315
5523397,20250315
5523398,20250315
5523399,20250315
5523400,20250315
5523401,20250206
5523402,20250206
5523403,20250313
5523404,20250207
5523405,20250316
5523406,20250207
5523407,20250317
5523408,20250316
5523409,20250318
5523410,20250316
5523411,20250315
5523412,20250319
5523413,20250315
5523414,20250315
5523415,20250315
5523416,20250206
5528609,20250315
5528610,20250315
5530402,20250321
5530408,20250318
5530601,20250315
5530602,20250315
5530603,20250318
5530604,20250317
5530605,20250317
5530606,20250316
5530607,20250321
5530608,20250319
5530609,20250315
5530610,20250315
5530611,20250315
5530612,20250315
5530613,20250315
5530614,20250315
5530615,20250315
5530616,20250315
5532015,20250315
5532016,20250215
5535290,20250214
5538160,20250220
5538537,20250315
5538538,20250315
5538539,20250315
5538540,20250315
5538541,20250315
5538542,20250315
5538543,20250315
5538544,20250315
5538545,20250316
5538546,20250315
5538547,20250315
5538548,20250315
5538549,20250315
5538550,20250315
5538551,20250315
5538552,20250315
5538553,20250315
5538554,20250315
5538555,20250315
5538556,20250315
5538557,20250315
5538558,20250315
5538559,20250315
5538560,20250315
5538561,20250315
5538562,20250315
5538563,20250315
5538564,20250321
5538565,20250323
5538566,20250315
5538567,20250320
5538568,20250315
5538569,20250319
5538570,20250318
5538571,20250318
5538572,20250318
5538573,20250318
5538574,20250318
5538575,20250318
5538576,20250318
5538577,20250315
5538578,20250315
5538579,20250316
5538580,20250315
5538581,20250321
5538582,20250320
5538583,20250316
5538584,20250324
5538585,20250318
5538586,20250315
5538587,20250315
5538588,20250316
5538589,20250317
5538590,20250318
5538591,20250315
5538592,20250315
5538593,20250315
5538594,20250322
5538595,20250320
5538596,20250318
5538597,20250322
5540016,20250423
5540017,20250423
5540018,20250321
5540019,20250315
5540020,20250315
5540021,20250315
5540022,20250315
5540023,20250321
5540024,20250315
5540025,20250315
5540026,20250321
5540027,20250315
5540028,20250429
5540029,20250429
5540031,20250318
5540032,20250326
5540033,20250324
5540034,20250324
5540035,20250318
5540036,20250318
5540037,20250318
5540038,20250318
5540039,20250317
5540040,20250322
5540041,20250319
5540042,20250319
5540046,20250318
5540047,20250318
5540048,20250315
5540049,20250318
5540050,20250318
5540051,20250319
5540052,20250322
5540054,20250318
5540056,20250318
5540057,20250318
5540058,20250318
5540059,20250322
5540060,20250318
5540061,20250320
5540063,20250317
5540064,20250317
5540065,20250318
5540066,20250322
5540067,20250318
5540068,20250318
5540069,20250322
5540072,20250321
5540073,20260310
5540074,20250419
5540075,20250319
5540076,20250318
5540077,20250321
5540078,20250315
5540079,20250323
5540080,20250318
5540081,20250317
5540082,20250315
5540084,20250318
5540085,20250316
5540086,20250321
5540087,20250316
5540088,20250316
5540091,20250318
5540092,20250319
5540093,20250316
5540094,20250315
5540095,20250319
5540096,20250319
5540097,20250315
5540098,20250315
5540099,20250315
5540100,20250315
5540101,20250315
5540102,20250321
5540103,20250318
5540104,20250315
5540105,20250315
5540106,20250315
5540107,20250321
5540108,20250320
5540109,20250322
5540110,20250320
5540111,20250316
5540112,20250319
5540113,20250319
5540114,20250322
5540115,20250317
5540116,20250321
5540117,20250315
5540118,20250320
5540119,20250322
5540120,20250323
5540121,20250319
5540122,20250321
5540123,20250319
5540124,20250320
5540125,20250317
5540126,20250317
5540127,20250421
5540128,20250419
5540129,20250321
5540130,20250321
5540131,20250315
5540132,20250423
5540133,20250423
5540135,20250418
5540136,20250418
5540137,20250320
5540138,20250319
5540139,20250319
5540140,20250318
5540141,20250315
5540142,20250320
5540143,20250316
5540144,20250317
5540145,20250318
5540146,20250320
5540147,20250317
5540148,20250317
5540149,20250315
5540150,20250315
5540151,20250316
5540152,20250318
5540153,20250316
5540154,20250317
5540155,20250316
5545742,20250428
5547481,20250418
5547522,20250418
5547523,20250428
5547524,20250419
5547525,20250421
5547526,20250423
5547527,20250430
5547939,20250420
5547942,20260218
5547946,20250419
5547947,20250425
5547948,20250419
5547949,20250425
5547950,20250421
5547951,20250419
5547952,20250426
5547953,20260315
5547958,20260311
5547959,20260315
5547963,20250422
5547964,20250422
5547965,20250419
5547966,20250427
5547967,20250419
5547968,20250419
5547969,20250420
5547971,20250420
5547973,20250423
5547977,20250419
5547983,20260315
5547986,20250422
5547987,20250423
5547988,20250419
5547993,20260311
5547994,20250419
5547995,20250419
5548002,20250422
5548005,20260311
5548006,20260313
5548013,20251108
5548060,20250420
5548062,20250423
5548063,20250425
5548066,20250425
5548068,20250419
5548069,20250422
5548070,20250423
5548071,20250423
5548073,20251216
5548074,20250420
5548076,20260314
5548080,20250419
5548081,20250419
5548085,20250423
5548088,20250422
5548089,20250419
5548090,20250421
5548092,20250429
5548094,20250419
5548095,20250419
5548097,20250423
5548098,20250423
5548099,20260315
5548101,20260311
5548103,20250422
5548106,20260305
5548107,20260305
5548110,20250419
5548115,20250429
5548117,20250419
5548122,20250419
5548123,20251216
5548124,20250421
5548126,20250418
5548128,20250418
5548129,20250423
5548131,20251216
5548134,20250419
5548135,20250418
5548136,20250419
5548137,20250419
5548138,20250419
5548139,20250423
5552023,20250423
5552024,20250423
5552025,20250422
5552026,20250426
5552027,20250423
5552028,20250419
5552030,20250419
5552034,20260313
5552035,20250426
5552036,20250419
5552037,20250418
5552038,20250421
5552039,20250428
5552041,20250428
5552042,20250426
5552044,20250418
5552046,20250419
5552047,20250418
5552049,20250429
5552051,20250418
5552052,20250429
5552053,20250429
5552056,20250423
5552058,20250423
5552059,20250423
5552060,20250419
5552061,20250419
5552062,20250418
5552065,20250422
5552067,20250426
5552068,20250419
5552069,20250419
5552073,20250429
5552074,20250422
5552075,20250424
5552079,20250418
5552080,20250419
5552081,20250419
5552082,20250421
5552084,20250430
5552087,20250422
5552088,20250421
5552090,20250419
5552091,20250419
5552095,20250418
5552096,20250418
5552099,20250423
5552158,20250315
5552159,20250315
5552160,20250315
5552161,20250324
5552162,20250422
5552163,20250420
5552164,20250324
5552165,20250419
5552166,20250425
5552167,20250425
5552170,20250425
5552171,20250425
5552172,20250426
5552173,20250419
5552174,20250419
5552175,20250426
5552177,20250423
5552179,20250426
5552180,20250426
5552181,20250426
5552187,20250419
5552188,20250419
5552190,20250419
5552191,20250421
5552192,20250418
5552193,20250418
5552194,20250315
5552195,20250423
5552196,20260112
5552199,20250419
5552200,20250422
5552201,20250423
5552203,20250419
5552204,20250419
5552207,20250419
5552208,20250421
5552209,20250423
5552210,20250423
5552211,20250423
5552212,20250423
5552214,20250423
5552215,20250419
5552216,20250423
5552218,20250423
5552220,20250421
5552221,20250418
5552429,20250315
5552430,20250315
5552431,20250324
5552433,20250324
5552434,20250324
5552435,20250426
5552436,20250419
5552437,20250419
5552438,20250425
5552439,20250419
5552440,20250422
5552441,20250422
5552442,20250423
5552443,20250419
5552444,20250419
5552447,20250315
5552448,20250423
5552449,20250429
5552450,20250429
5552451,20250423
5552452,20250423
5552453,20250423
5552455,20250419
5552457,20250428
5552458,20250419
5552459,20250429
5552460,20250419
5552462,20250423
5552463,20250421
5552464,20250419
5552465,20250419
5552466,20250419
5552467,20250419
5552468,20250419
5552469,20250422
5552470,20250423
5552471,20250423
5552472,20250419
5552473,20250419
5552474,20250419
5552475,20250419
5555610,20250315
5563618,20250418
5563619,20250418
5563680,20250418
5563681,20250418
5563682,20250419
5563683,20250420
5563684,20250423
5563685,20250315
5563686,20250418
5563687,20250419
5563688,20250418
5563689,20250429
5563690,20250429
5563691,20250421
5563692,20250421
5563693,20250419
5563694,20250420
5563695,20250427
5563696,20250419
5563698,20250421
5563699,20250421
5563700,20250422
5563701,20250422
5563703,20250419
5563704,20250418
5563705,20250420
5563706,20250419
5563709,20250423
5563710,20250423
5563711,20250422
5563712,20250422
5563713,20250423
5563714,20250418
5563717,20250428
5563718,20250418
5563721,20250419
5563722,20250418
5563723,20250419
5563724,20250419
5563725,20250423
5563726,20250420
5563727,20250418
5563728,20250419
5563729,20250419
5563730,20250419
5563731,20250418
5563732,20250421
5563733,20250418
5563734,20250420
5563735,20250418
5563736,20250419
5563737,20250418
5563738,20250419
5563739,20250418
5563740,20250419
5563807,20250418
5563808,20250419
5563809,20250420
5563810,20250419
5563811,20250315
5563812,20250419
5563813,20250423
5563814,20250426
5563815,20250419
5563816,20250426
5563817,20250418
5563818,20250418
5563819,20250418
5563820,20250418
5563821,20250418
5563822,20250422
5563823,20250422
5563824,20250418
5563825,20250418
5563826,20250419
5563827,20250420
5563828,20250425
5563830,20250418
5563831,20260305
5563832,20250419
5563833,20250422
5563834,20250419
5563835,20250418
5563836,20250315
5563837,20250324
5563838,20250324
5563839,20250324
5563840,20250324
5563841,20250324
5563842,20250324
5563843,20250324
5563844,20250324
5563845,20250315
5563846,20250315
5563847,20250315
5563848,20250315
5563849,20250315
5563850,20250418
5563851,20250427
5563852,20250418
5563853,20250418
5563854,20250418
5563855,20250421
5563856,20250421
5563857,20250421
5563858,20250418
5573618,20250420
5573619,20250419
5573620,20250420
5573621,20250420
5573622,20250419
5573623,20250419
5573624,20250419
5573625,20250420
5573626,20250420
5573627,20250419
5573628,20250417
5573629,20250419
5573630,20250419
5573631,20250419
5573632,20250418
5573633,20250419
5573634,20250419
5573635,20250419
5573636,20250421
5573637,20250417
5573638,20250417
5573639,20250421
5573640,20250420
5573641,20250425
5573642,20250419
5573643,20250421
5573644,20250419
5573645,20250419
5573646,20250419
5573647,20250425
5573649,20250418
5573652,20250425
5573653,20250419
5573654,20250425
5573655,20250425
5573656,20250419
5573658,20250418
5573661,20250425
5573662,20250418
5573664,20250418
5573665,20250418
5573666,20250418
5573667,20250418
5573668,20250418
5573669,20250418
5573670,20250418
5573671,20250420
5573672,20250420
5573673,20250427
5573674,20250419
5573675,20250421
5573676,20250420
5573677,20250419
5573678,20250419
5573679,20250424
5573680,20250422
5573681,20250419
5573682,20250419
5573683,20250420
5573684,20250419
5573685,20250419
5573686,20250419
5573687,20250419
5573688,20250418
5573690,20250419
5573691,20250429
5573692,20250429
5573693,20250429
5573694,20250429
5573695,20250429
5573696,20250429
5573697,20250419
5573698,20250421
5573699,20250419
5573700,20250419
5573701,20250419
5573702,20250419
5573703,20250419
5573704,20250420
5573705,20250419
5573706,20250419
5573707,20250419
5573708,20250419
5573709,20250419
5573710,20250419
5573711,20250419
5573712,20250419
5573713,20250421
5573714,20250425
5573715,20250423
5573716,20250419
5573717,20250419
5573718,20250419
5573719,20250419
5573720,20250419
5573721,20250419
5573722,20250420
5573723,20250425
5573724,20250417
5573725,20250420
5573726,20250421
5573727,20250425
5573728,20250420
5573729,20250420
5573730,20250417
5573731,20250417
5573732,20250418
5573733,20250417
5573734,20250417
5573735,20250419
5573736,20250421
5573737,20250421
5573738,20250425
5573739,20250419
5573740,20250419
5573741,20250425
5573742,20250420
5573743,20250420
5573744,20250420
5573745,20250419
5573746,20250419
5573747,20250420
5573748,20250419
5573749,20250426
5573750,20250421
5573751,20250419
5573752,20250426
5573754,20250423
5573755,20250419
5573756,20250421
5573757,20250423
5573758,20250423
5573759,20250420
5573761,20260418
5573762,20250420
5573763,20250420
5573764,20250421
5573765,20250419
5573766,20250421
5573767,20250421
5573768,20250420
5573769,20250420
5573770,20250420
5573771,20250417
5573772,20250418
5573774,20250417
5573775,20250420
5573776,20250419
5573777,20250419
5573778,20250419
5573779,20250420
5573780,20250420
5573781,20250420
5573782,20250421
5573783,20250420
5573784,20250420
5573785,20250423
5573786,20250423
5573787,20250423
5573788,20250422
5573789,20250417
5573790,20250420
5573791,20250417
5573792,20250418
5573793,20250417
5573794,20250417
5573795,20250418
5573796,20250419
5573797,20250419
5573798,20250419
5573799,20250419
5573800,20250420
5573801,20250417
5573802,20250419
5573803,20250418
5573804,20250421
5577397,20250418
5581192,20250420
5581193,20250420
5581194,20250421
5581195,20250420
5581196,20250420
5581197,20250418
5581198,20250420
5581199,20250421
5581220,20250421
5581221,20250427
5581222,20250417
5581223,20250427
5581224,20250417
5581225,20250417
5581226,20250418
5581227,20250428
5581230,20250420
5581232,20250417
5581233,20250420
5581234,20250418
5581235,20250418
5581236,20250420
5581237,20250417
5581238,20250419
5581239,20250425
5581240,20250422
5581241,20250419
5581242,20250419
5581243,20250420
5581244,20250419
5581245,20250420
5581246,20250420
5581247,20250420
5581248,20250420
5581249,20250422
5581250,20250420
5581251,20250423
5581252,20250420
5581253,20250425
5581254,20250423
5581255,20250419
5581256,20250419
5581257,20250426
5581258,20250422
5581259,20250427
5581260,20250427
5581261,20250427
5581262,20250423
5581263,20250425
5581264,20250420
5581265,20250417
5581266,20250417
5581267,20250417
5581268,20250422
5581269,20250419
5581270,20250426
5581271,20250421
5581272,20250420
5581273,20250419
5581274,20250429
5581275,20250418
5581276,20250420
5581277,20250419
5581278,20250420
5581280,20250419
5581281,20250428
5581282,20250425
5581283,20250426
5581284,20250417
5581285,20250419
5581286,20250418
5581287,20250419
5581288,20250420
5581289,20250421
5581290,20250420
5581291,20250420
5581292,20250429
5581293,20250419
5581294,20260315
5581295,20250419
5581296,20250420
5581297,20250420
5581298,20250420
5581299,20250420
5581300,20250417
5581301,20250419
5581302,20250425
5581303,20250422
5581304,20250419
5581305,20250418
5581306,20250418
5581307,20250419
5581309,20250417
5581310,20250417
5581311,20250421
5581312,20250418
5581313,20250418
5581314,20250420
5581315,20250419
5581316,20250420
5581317,20250419
5581318,20250420
5581319,20250421
5581320,20250425
5581321,20250421
5581322,20250419
5581323,20250419
5581324,20250418
5581325,20250421
5581326,20250419
5581327,20250425
5581328,20250419
5581329,20250419
5581331,20250419
5581332,20250421
5581333,20250419
5581334,20250426
5581335,20250420
5581336,20250417
5581337,20250419
5581338,20250417
5581339,20250421
5581340,20250421
5581341,20250422
5581342,20250420
5581343,20250422
5581344,20250427
5581345,20250421
5581346,20250428
5581347,20250422
5581348,20250429
5581349,20250423
5581350,20250419
5581351,20250422
5581352,20250430
5581353,20250423
5581354,20250426
5581355,20250420
5581356,20250420
5581357,20250421
5581358,20250418
5581359,20250418
5581360,20250419
5581361,20250418
5581362,20250421
5581363,20250418
5581364,20250418
5581365,20250418
5581366,20250418
5581367,20250419
5581368,20250421
5581369,20250419
5581370,20250419
5581371,20250417
5581372,20250419
5581373,20250419
5581374,20250420
5581375,20250420
5581376,20250419
5581377,20250418
5581378,20250420
5581380,20250419
5581381,20250419
5581382,20250419
5581383,20250419
5581384,20250419
5581385,20250421
5581386,20250418
5581387,20250418
5581388,20250418
5581389,20250418
5581390,20250419
5581391,20250419
5581392,20250419
5581393,20250419
5581394,20250421
5581395,20250426
5581396,20250426
5581397,20250420
5581398,20250417
5581399,20250419
5581400,20250420
5581401,20250419
5581402,20250419
5581403,20250419
5581404,20250419
5581405,20250417
5581406,20250419
5581407,20250419
5581408,20250420
5581409,20250419
5581410,20250419
5581411,20250419
5581442,20250429
5581443,20250419
5581444,20250419
5581445,20250419
5581446,20250419
5581447,20250419
5581448,20250418
5581449,20250419
5581450,20250418
5581451,20250418
5581452,20250419
5581453,20250425
5581454,20250419
5581455,20250421
5581456,20250422
5581457,20250422
5581458,20250419
5581459,20250420
5581460,20250420
5586186,20250420
5586187,20250425
5586188,20250419
5586189,20250425
5586190,20250425
5586191,20250420
5586192,20260411
5586193,20260315
5586196,20260311
5586198,20260418
5586202,20250425
5586203,20250420
5586204,20250418
5586205,20250428
5586206,20250420
5586208,20250425
5586209,20250425
5586210,20250420
5586211,20250425
5586212,20250425
5586213,20250419
5586214,20250419
5586215,20250419
5586216,20250419
5586217,20250419
5586218,20250418
5586219,20250417
5586220,20250419
5586221,20250420
5586222,20250419
5586223,20260315
5586225,20250417
5586226,20250420
5586227,20250420
5586228,20250428
5586229,20260418
5586234,20250428
5586235,20250417
5586236,20250417
5586237,20250417
5586238,20250425
5586239,20250425
5586240,20250427
5586241,20250427
5586242,20250419
5586243,20250419
5586244,20250420
5586245,20250425
5586246,20250425
5586247,20250420
5586248,20250421
5586249,20250425
5586250,20250419
5586251,20250426
5586252,20250425
5586253,20250417
5586254,20250418
5586255,20250417
5586256,20250417
5586257,20250430
5586258,20250425
5586260,20250420
5586262,20250422
5586263,20250426
5586264,20250419
5586265,20250417
5586266,20250418
5586267,20250417
5586268,20250417
5586269,20250418
5586270,20260417
5586271,20250429
5586272,20250429
5586273,20250429
5586274,20250419
5586275,20250422
5586276,20250419
5586277,20250430
5586278,20250425
5586279,20250420
5586280,20250430
5586281,20250426
5586282,20250425
5586283,20250420
5586284,20250420
5586287,20250430
5586289,20250417
5586290,20250417
5586291,20250420
5586292,20250420
5586293,20250420
5586294,20250417
5586296,20250420
5586297,20250419
5586298,20250417
5586300,20250420
5586301,20250420
5586302,20250420
5586303,20250420
5586304,20250430
5586305,20260310
5586306,20250430
5586307,20250422
5586309,20250421
5586311,20250422
5586313,20250420
5586314,20250421
5586315,20250420
5586316,20250420
5586317,20250420
5586318,20250420
5586319,20250420
5586320,20250420
5586321,20250420
5586323,20250418
5586324,20250420
5586325,20260411
5586326,20260411
5586327,20260411
5586328,20260411
5586330,20250417
5586331,20250420
5586332,20250417
5586333,20250418
5586334,20250422
5586335,20250420
5586336,20250420
5586339,20250419
5586340,20250426
5586341,20250418
5586342,20250417
5586343,20250417
5586344,20250419
5586345,20250419
5586346,20250426
5586347,20250426
5586348,20250426
5586349,20250419
5586350,20250420
5586351,20250417
5586352,20250418
5586353,20250419
5586354,20250426
5586360,20260218
5586368,20250420
5586369,20250420
5586370,20250420
5586371,20250417
5586372,20250420
5586373,20250420
5586374,20250418
5586375,20250418
5586376,20250422
5586377,20250420
5586378,20250417
5586379,20250420
5586380,20250420
5586381,20250420
5586384,20250418
5586385,20250421
5586386,20250420
5586387,20250421
5586388,20250420
5586389,20250419
5586390,20250419
5586392,20260218
5586398,20250417
5586399,20250417
5586400,20250418
5586402,20250422
5586403,20250422
5586407,20250423
5586408,20250419
5586409,20250419
5586410,20250419
5586411,20250419
5586412,20250419
5586413,20250420
5586414,20250422
5586415,20250422
5586416,20250419
5586417,20250419
5586418,20250419
5586419,20250422
5586420,20250419
5586421,20250419
5586422,20250422
5586423,20260214
5586424,20260214
5586425,20260214
5586426,20260214
5586429,20260308
5586430,20250718
5586431,20250425
5586432,20250427
5586433,20250427
5586434,20250812
5586435,20260117
5586437,20260117
5586438,20250917
5586439,20250917
5586440,20250421
5586441,20250421
5586442,20250422
5586443,20250422
5586444,20250430
5586445,20250420
5586446,20260411
5586447,20260315
5586448,20250421
5586449,20250421
5586450,20250421
5586453,20250420
5586454,20250420
5586455,20250420
5586456,20250420
5586457,20250417
5586458,20250420
5586459,20250418
5586460,20250418
5586461,20250422
5586463,20250417
5586464,20250418
5586465,20250420
5586466,20250420
5586467,20250420
5586468,20250428
5586469,20260213
5586471,20250418
5586472,20250417
5586473,20250421
5586474,20250421
5586475,20250419
5586476,20250417
5586477,20250417
5586480,20250418
5586481,20250417
5586482,20250420
5586483,20250419
5586484,20250424
5586485,20250424
5586486,20250418
5586487,20250424
5586488,20250418
5586489,20250417
5586490,20250418
5586491,20250417
5586492,20250418
5586493,20250419
5586494,20250419
5586495,20250417
5586499,20250419
5586500,20250419
5586501,20250418
5599274,20260218
5599275,20250516
5599279,20250516
5599280,20250424
5599282,20250812
5599283,20250718
5599284,20260516
5599288,20260418
5599289,20260418
5599290,20251114
5599294,20250514
5599295,20250516
5599297,20250516
5599298,20260514
5599300,20250516
5599302,20250516
5599309,20260512
5599310,20260509
5599312,20250516
5599313,20250514
5599314,20250516
5599317,20260414
5599320,20250516
5599321,20250516
5599322,20260118
5599323,20260313
5599324,20250514
5599325,20250812
5599326,20250812
5599328,20250516
5599329,20250516
5599335,20260414
5599341,20250514
5599345,20260509
5599350,20250514
5599351,20250514
5599352,20250516
5599353,20250423
5599354,20250516
5599356,20250516
5599357,20250516
5599358,20250516
5599359,20250423
5599360,20250516
5599361,20260521
5599362,20250516
5599363,20260422
5599364,20250516
5599365,20250516
5599367,20250516
5599368,20250516
5599370,20260411
5599372,20260512
5599375,20250423
5599376,20260509
5599378,20250516
5599379,20260509
5599381,20250516
5599382,20250514
5599383,20250516
5599384,20260514
5599385,20250516
5599386,20250516
5599387,20260515
5599390,20250516
5599392,20260514
5599395,20250516
5599396,20260414
5599397,20250421
5599401,20250516
5599402,20260414
5599403,20260422
5599405,20260514
5599406,20260512
5599407,20260411
5599409,20250423
5599410,20250423
5599411,20250423
5599415,20260213
5599416,20260213
5599418,20250516
5599420,20250516
5599421,20250423
5599425,20260509
5599426,20250516
5599429,20250516
5599430,20260315
5599432,20260411
5599433,20260422
5599435,20260521
5599442,20260418
5599443,20260509
5599444,20250514
5599445,20250516
5599446,20260418
5599447,20260516
5599449,20260310
5599451,20260516
5599453,20260514
5599455,20260516
5599456,20260516
5599457,20260212
5599458,20250812
5599459,20260418
5599460,20251111
5599462,20260514
5599469,20260515
5599472,20250805
5599475,20260420
5599476,20260509
5599478,20250812
5599479,20260418
5599480,20260422
5599482,20260417
5599487,20260417
5599491,20260521
5599494,20250516
5599495,20260418
5599500,20251107
5599501,20260315
5599506,20260521
5599507,20250516
5599511,20260509
5599513,20251112
5599515,20250423
5599517,20260418
5599519,20260514
5599520,20260417
5599522,20260417
5599525,20260516
5599527,20260521
5599528,20260521
5599533,20260516
5599534,20260521
5599535,20260314
5599537,20260521
5599539,20260118
5599542,20260214
5599543,20250814
5599544,20260514
5599546,20260422
5599555,20260516
5599566,20260512
5599567,20260214
5599571,20250424
5599574,20260515
5599575,20260315
5599578,20260510
5599579,20260313
5599584,20260417
5599587,20260515
5599588,20260514
5599591,20260214
5599594,20260214
5599601,20260314
5599604,20260214
5599607,20260510
5599614,20260510
5599615,20260515
5599616,20260521
5599624,20260414
5599635,20260422
5599642,20260510
5599643,20260214
5599644,20260422
5599645,20250812
5599646,20260305
5599649,20260509
5599650,20260521
5599652,20260213
5599655,20260213
5599663,20260521
5599664,20250516
5599669,20250516
5599670,20260218
5599671,20260515
5599672,20260514
5599675,20250516
5599677,20250516
5599681,20260315
5599684,20260515
5599687,20250514
5599689,20260521
5599690,20260515
5599693,20260509
5599695,20260418
5599696,20260418
5599698,20260218
5599699,20260512
5599701,20260515
5599704,20250516
5599705,20250423
5599706,20250423
5599707,20250423
5599708,20250423
5599709,20250423
5599710,20250423
5599711,20250423
5599712,20250423
5599713,20260514
5599717,20250516
5599718,20250907
5599719,20260310
5611349,20260511
5611351,20260212
5611352,20250812
5611353,20260511
5611354,20260513
5611358,20260118
5611363,20250623
5611364,20250424
5611365,20250516
5611366,20251207
5611368,20260305
5611369,20250718
5611370,20260212
5611372,20250613
5611373,20250718
5611376,20250516
5611377,20250613
5611380,20251215
5611383,20250623
5611384,20250623
5611385,20260213
5611388,20251215
5611390,20251215
5611392,20250623
5611393,20250623
5611395,20250812
5611396,20250917
5611397,20250917
5611398,20260515
5611402,20251215
5611403,20250516
5611404,20250516
5611405,20251208
5611406,20260310
5611407,20251010
5611409,20251215
5611410,20250623
5611411,20250812
5611416,20260422
5611417,20250514
5611418,20250719
5611419,20260414
5611420,20260411
5611423,20250623
5611425,20251013
5611426,20251013
5611427,20250623
5611429,20250622
5611430,20250514
5611431,20260514
5611432,20250423
5611433,20250516
5611435,20250423
5611440,20250613
5611441,20251215
5611446,20260417
5611447,20250424
5611448,20250424
5611450,20260305
5611451,20260521
5611452,20260212
5611461,20250514
5611462,20250423
5611463,20250423
5611464,20250423
5611465,20250424
5622613,20250421
5623562,20250623
5623563,20260509
5623564,20250623
5623566,20260512
5623571,20251013
5623572,20260311
5623573,20260213
5623574,20260418
5623575,20260513
5623576,20260213
5623577,20260414
5623578,20260314
5623579,20260214
5623580,20260214
5623581,20260422
5623585,20260414
5623587,20251107
5623590,20250622
5623591,20250623
5623593,20250623
5623594,20250616
5623595,20260514
5623596,20260422
5623597,20260420
5623600,20250814
5623601,20250622
5623603,20260212
5623604,20250623
5623605,20250623
5629723,20250516
5629724,20250516
5629725,20250516
5629726,20250516
5629727,20250516
5629728,20250516
5629729,20250516
5629730,20250516
5629731,20250516
5629732,20250516
5631406,20250423
5635018,20250425
5635019,20250425
5635020,20250425
5635021,20250425
5635022,20250425
5635023,20250425
5635024,20250425
5635025,20250425
5635026,20250425
5635195,20260521
5635196,20260112
5635197,20251011
5635198,20260212
5635199,20251107
5635200,20251010
5635201,20251111
5635202,20250616
5635203,20260118
5635204,20250718
5635205,20250623
5635206,20250516
5635207,20250514
5635208,20251207
5635209,20260422
5635211,20250516
5635212,20260118
5635214,20250513
5635215,20251114
5635216,20260510
5635218,20260516
5635219,20250623
5635220,20250514
5635222,20260305
5635223,20260514
5635224,20260512
5643934,20250812
5643936,20250812
5643937,20250616
5643938,20250812
5643941,20250616
5643942,20250616
5643943,20250616
5643954,20260311
5643956,20260112
5643963,20260509
5643964,20260509
5643969,20260422
5643970,20250616
5643971,20250616
5643972,20250616
5643973,20250616
5643974,20250616
5643975,20250616
5643976,20250616
5643977,20250616
5643978,20250616
5643982,20250616
5643983,20250616
5643985,20250623
5643987,20250622
5643988,20250613
5643989,20260612
5643991,20260607
5643992,20250516
5643993,20250516
5643994,20250516
5643995,20250516
5643996,20250516
5644006,20260315
5644007,20260509
5644008,20260422
5644009,20260213
5644010,20260515
5644017,20260607
5644019,20260510
5644021,20250616
5644022,20250623
5644027,20250616
5644033,20250623
5644034,20250616
5644036,20260612
5644037,20260213
5644039,20250616
5656203,20260612
5656204,20250616
5656224,20260612
5657250,20260214
5657252,20260118
5657253,20250616
5657256,20260608
5657258,20250616
5657266,20250623
5657273,20250623
5657277,20250616
5657280,20250623
5657282,20260218
5657284,20260411
5657288,20250616
5657289,20250623
5657291,20250616
5657292,20250616
5657294,20260214
5657296,20260214
5657297,20260312
5657298,20250616
5657300,20250616
5657301,20250616
5657304,20250613
5657306,20260305
5657307,20260414
5657308,20260510
5657319,20250613
5657320,20250623
5657321,20250623
5657322,20260521
5657323,20250616
5657324,20260607
5657325,20250616
5657326,20250616
5657331,20250622
5657332,20250622
5657334,20260521
5657336,20260213
5657337,20260521
5657342,20250613
5657343,20260606
5657344,20250623
5657345,20260414
5657346,20250623
5657349,20250623
5657351,20250622
5657353,20250616
5657354,20250623
5657357,20260310
5657358,20250616
5657359,20250616
5657360,20260607
5657361,20250623
5657363,20250613
5657364,20250616
5657365,20260315
5657366,20250616
5657367,20260418
5657369,20250623
5657370,20250623
5657374,20250623
5657378,20250616
5657382,20250622
5657383,20250616
5657384,20260513
5657386,20250613
5657388,20250622
5657389,20250623
5657390,20250616
5657391,20250616
5657394,20250616
5657395,20250616
5657399,20250616
5657400,20260510
5657401,20260315
5657402,20250616
5657403,20250613
5657404,20250616
5657405,20251010
5657418,20260521
5657420,20250616
5657421,20250616
5657422,20250616
5657423,20250622
5657424,20250623
5657425,20250623
5657429,20250622
5657430,20250623
5657431,20260608
5657436,20250516
5657437,20250623
5657438,20260113
5657439,20250616
5657440,20250616
5657441,20250623
5657442,20260510
5657446,20260515
5657450,20250516
5657451,20250516
5657452,20250516
5657453,20250516
5670353,20260612
5670355,20250613
5670781,20260516
5670783,20250616
5670785,20251018
5670786,20250812
5676539,20250616
5676540,20250616
5676541,20250622
5676543,20250623
5676544,20260509
5676548,20260608
5676549,20260607
5676551,20260607
5676552,20260418
5676555,20260607
5676556,20260612
5676557,20260509
5676559,20250613
5676560,20260414
5676565,20250718
5676568,20260509
5676570,20260612
5676572,20260418
5676574,20250718
5676575,20260513
5676576,20260512
5676578,20260315
5676581,20251013
5676582,20250717
5676583,20250613
5676589,20250623
5676595,20260514
5676596,20260514
5676599,20260612
5676601,20260512
5676604,20260608
5676615,20260607
5676621,20260509
5676622,20250718
5676623,20260414
5676625,20250812
5676626,20250814
5676627,20250613
5676628,20250622
5676629,20250814
5676630,20250814
5676631,20250613
5676632,20250623
5688168,20250613
5688170,20250613
5688172,20250622
5688176,20260117
5688181,20250718
5688183,20260418
5688190,20260421
5688195,20260313
5688197,20250622
5688198,20250623
5688199,20250623
5688200,20250622
5688201,20250622
5688206,20250812
5688207,20250814
5688221,20250720
5688225,20260521
5688226,20250720
5688227,20260521
5688228,20260606
5688230,20260510
5688231,20260607
5688232,20260305
5688234,20260514
5688239,20260516
5688240,20260516
5688241,20260214
5688245,20260417
5688246,20260510
5688269,20260417
5688278,20260607
5688284,20250718
5688291,20260414
5688292,20260612
5688294,20260516
5688318,20260610
5688328,20260607
5688331,20260305
5688332,20260516
5688335,20260418
5688336,20260521
5688346,20260509
5688349,20260612
5688358,20260315
5688359,20250718
5688360,20260516
5688363,20260422
5688370,20250718
5688371,20260411
5688373,20260218
5688376,20260420
5688377,20260313
5688392,20260521
5688394,20260415
5688410,20260417
5688416,20260313
5688433,20260420
5688441,20251114
5688443,20260612
5688456,20260509
5698498,20250711
5698499,20250717
5698500,20250717
5698501,20250623
5698502,20250717
5698503,20250718
5698504,20250718
5698505,20250717
5698506,20250717
5698507,20250717
5698510,20250711
5698513,20250717
5698514,20250717
5698515,20250718
5698516,20260417
5698517,20250622
5698518,20250812
5698519,20250718
5698520,20260607
5698521,20250717
5698523,20250717
5698524,20250711
5698526,20250711
5698527,20260314
5698528,20250711
5698529,20250622
5698532,20260516
5698533,20260609
5698535,20260510
5698537,20260521
5698538,20260314
5698539,20260218
5698540,20250711
5698541,20250717
5698542,20250613
5698543,20250613
5698544,20250613
5698546,20260422
5698547,20250717
5698548,20250711
5698549,20260418
5698550,20250718
5698551,20260418
5698555,20250711
5698560,20250711
5698562,20250711
5698563,20260313
5698565,20260122
5698566,20250711
5698567,20250718
5698569,20250711
5698571,20250711
5698572,20250711
5698573,20250711
5698574,20250711
5698575,20250711
5698576,20260210
5698577,20250718
5698582,20250720
5698585,20250711
5698586,20250711
5698587,20260121
5698590,20260521
5698591,20250717
5698594,20260521
5698596,20250814
5698597,20260612
5698600,20251209
5698601,20250718
5698602,20260417
5698604,20250711
5698606,20250711
5698614,20250711
5698619,20250711
5698624,20250718
5698626,20260305
5698627,20250718
5698628,20250718
5698631,20250711
5698635,20250717
5698636,20250717
5698637,20250711
5698638,20260313
5698639,20250711
5698641,20250718
5698643,20251207
5698644,20250711
5698646,20250711
5698648,20250711
5698651,20260316
5698652,20250711
5698653,20250711
5698654,20250711
5698655,20250711
5698656,20250718
5698657,20250717
5698658,20250711
5698659,20250720
5698660,20250711
5698661,20260306
5698662,20260417
5698663,20250711
5698664,20250711
5698665,20260213
5698667,20260511
5698668,20250711
5698669,20250718
5698670,20260606
5698686,20260519
5698704,20260418
5698709,20251107
5698715,20260607
5698716,20260313
5698718,20250711
5698719,20250718
5698721,20250717
5698722,20260125
5698724,20250718
5698725,20250711
5698728,20250711
5698729,20250622
5698731,20250711
5698732,20250711
5698733,20250711
5698739,20250711
5698745,20250718
5698747,20251109
5698748,20250718
5698750,20260213
5698751,20260211
5698756,20250717
5698757,20260607
5698758,20250717
5698759,20260514
5698760,20250711
5698761,20250718
5698762,20250718
5698763,20260510
5698764,20260312
5698765,20250815
5698774,20250613
5698775,20250613
5698776,20250613
5698777,20250613
5698778,20250613
5698779,20250622
5698780,20250622
5698781,20250623
5698784,20250711
5698786,20250717
5698787,20250711
5698789,20250717
5709485,20260217
5709487,20260216
5709488,20250718
5709489,20250717
5709490,20250717
5709492,20250717
5709493,20250717
5709495,20250711
5709499,20250717
5709501,20250717
5709502,20250717
5709503,20260606
5709504,20250718
5709505,20250711
5709508,20250718
5709509,20260419
5709510,20250718
5709511,20260311
5709512,20251208
5709518,20250717
5709519,20250718
5709521,20251212
5709522,20250717
5709524,20250718
5709525,20250718
5709526,20250718
5709527,20250711
5709535,20250711
5709538,20260124
5709539,20260412
5709548,20250805
5709550,20250717
5709552,20250717
5709561,20250711
5709562,20260515
5709563,20260612
5709564,20250711
5709565,20250718
5709566,20250711
5709570,20250711
5709571,20250711
5709572,20250717
5709573,20250717
5709574,20250717
5709575,20251205
5709576,20260207
5709579,20260124
5709580,20250718
5709583,20260418
5723066,20260509
5723067,20250718
5723068,20260513
5723069,20260509
5723070,20250717
5723073,20250717
5723074,20250814
5723077,20250812
5723078,20250812
5723079,20250812
5723090,20250717
5723102,20250718
5723103,20250812
5723104,20250711
5723105,20250719
5723108,20260608
5723116,20250711
5723117,20260118
5723118,20250711
5723119,20250711
5723120,20250711
5723121,20250718
5723123,20250718
5723124,20250812
5723125,20250711
5723126,20250711
5723129,20250812
5723130,20260521
5723131,20250812
5736418,20250711
5736419,20250711
5736480,20250711
5736481,20250711
5736482,20250711
5736483,20250720
5736484,20250720
5736514,20250812
5736516,20250720
5736517,20250720
5736518,20250720
5736519,20250720
5736520,20250720
5736521,20250720
5736522,20250720
5736523,20250720
5736527,20250720
5736528,20250812
5736529,20250814
5736530,20250812
5736531,20250812
5736534,20260422
5736535,20250711
5736536,20250720
5736537,20250720
5736538,20250720
5736550,20250814
5736558,20250812
5736559,20250815
5736561,20250720
5736562,20250711
5736563,20250812
5736565,20250812
5736567,20250815
5736569,20250815
5736570,20250815
5736580,20250812
5736582,20250812
5736618,20260415
5736620,20260415
5736621,20260417
5736623,20260218
5736624,20260414
5736628,20260414
5736630,20250812
5736632,20260414
5736633,20250812
5736635,20250711
5736636,20250812
5736637,20250907
5736638,20260606
5736639,20260415
5736640,20260510
5736641,20251114
5736642,20251114
5736643,20260414
5736646,20250812
5736647,20250812
5736649,20250812
5736652,20260415
5736653,20250812
5736654,20250812
5736655,20260415
5736656,20250812
5736661,20260311
5736662,20260415
5736663,20260122
5736664,20260414
5736665,20260118
5736667,20260417
5736668,20260610
5736669,20250815
5736671,20250812
5736672,20250812
5736673,20250812
5736674,20250812
5736678,20250815
5741482,20250815
5741483,20250805
5741484,20250906
5741485,20250906
5741486,20250812
5741487,20251015
5741489,20250917
5741490,20251011
5741491,20250907
5741492,20250812
5741493,20251006
5741494,20250815
5741496,20250906
5741498,20260311
5741499,20260122
5741500,20250812
5741502,20250812
5741503,20250906
5741504,20250906
5741506,20250906
5741508,20251207
5741510,20260122
5741512,20250812
5741513,20250907
5741514,20251010
5741515,20250805
5741516,20260417
5741517,20250812
5741519,20250812
5741520,20250812
5741522,20250907
5741523,20251006
5741524,20251006
5741525,20260509
5741527,20260311
5741528,20251011
5741529,20251011
5741530,20250812
5741531,20250812
5741536,20260311
5741537,20260418
5741540,20260315
5741545,20251207
5741546,20250907
5741548,20250815
5741553,20250907
5741554,20260218
5741555,20250805
5746383,20250815
5746384,20250812
5746386,20250815
5746387,20260521
5746388,20250812
5746390,20250812
5746391,20250815
5746392,20250815
5746393,20250815
5746394,20250812
5746395,20250812
5746397,20250815
5746401,20250812
5746403,20250815
5746404,20260218
5746405,20250815
5746406,20250812
5746407,20250812
5746408,20250812
5746409,20250812
5746410,20250812
5746411,20250815
5746412,20250812
5746413,20250812
5746414,20250812
5746415,20260516
5746416,20250812
5746418,20250815
5746419,20250812
5746421,20260113
5746422,20250812
5746423,20250711
5746424,20250711
5746425,20250711
5746426,20250711
5746427,20250711
5746428,20250812
5762305,20250812
5762306,20250812
5762307,20250812
5762308,20250815
5762309,20251114
5762312,20250812
5762313,20260415
5762314,20260411
5762316,20260511
5762320,20260418
5762321,20260515
5762322,20250812
5762324,20260411
5762325,20250812
5762326,20250812
5762329,20250812
5762330,20250812
5762331,20250812
5762332,20250812
5762333,20250812
5762335,20250812
5762337,20260521
5762338,20250812
5762341,20250812
5762345,20250812
5762348,20260422
5762349,20250812
5762350,20250812
5762351,20250812
5762352,20250812
5762353,20250812
5762355,20250812
5762357,20250812
5762359,20250812
5762360,20260612
5762361,20260422
5762364,20250812
5762365,20250812
5762371,20260316
5762372,20250917
5762374,20250812
5762377,20250812
5762379,20260305
5762381,20260521
5762383,20251010
5762384,20250815
5762386,20250812
5762387,20260422
5762388,20260317
5762390,20251107
5762391,20260417
5762394,20250812
5762396,20260417
5762397,20260410
5762398,20250812
5762399,20250812
5762400,20260311
5762401,20250812
5762402,20251216
5762403,20250812
5762405,20250812
5762407,20250812
5762408,20250812
5762410,20250812
5762414,20250917
5762415,20250812
5762416,20250812
5762418,20260607
5762419,20250917
5762423,20260410
5762426,20260313
5762428,20260418
5762441,20250812
5762442,20260113
5762443,20250814
5762444,20260213
5762445,20260313
5762448,20250812
5762449,20250812
5762450,20260218
5762451,20250812
5762452,20260213
5762460,20260418
5762462,20260213
5762463,20260118
5762464,20260213
5762466,20250812
5762469,20250812
5762470,20250812
5762471,20260118
5762474,20250812
5762479,20260313
5762482,20250815
5762483,20260417
5762485,20250815
5762486,20251207
5762488,20250812
5762498,20250815
5762499,20250812
5762500,20250812
5762504,20250812
5762505,20250812
5762506,20250815
5762521,20250907
5762522,20250906
5762528,20260511
5762532,20250814
5762533,20250812
5762534,20250812
5762535,20250812
5762540,20250815
5762542,20250815
5762545,20260214
5762546,20250815
5762558,20260612
5762559,20250812
5762560,20251208
5762561,20250812
5762562,20251114
5762564,20250815
5762568,20250812
5762569,20260509
5762570,20250815
5762571,20250815
5762573,20260417
5762574,20250815
5762575,20250907
5762576,20250815
5762578,20260513
5762579,20250812
5762580,20250812
5762581,20250815
5762583,20250907
5762586,20260607
5762588,20250812
5762593,20250812
5762594,20250814
5762595,20250812
5762596,20250812
5762597,20250812
5762598,20250812
5762599,20250815
5762600,20250812
5762601,20250812
5762602,20260512
5773112,20260512
5773114,20260113
5773115,20250812
5773117,20260417
5773122,20260514
5773123,20260607
5773125,20260410
5773129,20260608
5773130,20250812
5773131,20250812
5773138,20250812
5773139,20260610
5773140,20260610
5773141,20260214
5773143,20250907
5773144,20250812
5773145,20250917
5773147,20260414
5773148,20251010
5773149,20260516
5773177,20260607
5773182,20250812
5773185,20250805
5773186,20250805
5773188,20250812
5773189,20250917
5773190,20260516
5773191,20250812
5773194,20250812
5773195,20260414
5773197,20250917
5773198,20260612
5773200,20250917
5773201,20260418
5773204,20260418
5773206,20250917
5773207,20251114
5773216,20250812
5773217,20250812
5773218,20260214
5773219,20260212
5773224,20260612
5773225,20250906
5773228,20250917
5773229,20260510
5773232,20250812
5773233,20250812
5773234,20250812
5780886,20260411
5780918,20250906
5780919,20250907
5780920,20250812
5780921,20260422
5780922,20250907
5780925,20260510
5780926,20250805
5780927,20250805
5780928,20250805
5780976,20260314
5780977,20260314
5780978,20260122
5780980,20250812
5780990,20260607
5780993,20250812
5780994,20250812
5780995,20250812
5780996,20250812
5781017,20250907
5781021,20260607
5781023,20250805
5781024,20250907
5781027,20250906
5781030,20260610
5781031,20260521
5781033,20260516
5781048,20260612
5781055,20250906
5781056,20250906
5781057,20250907
5781058,20250906
5781059,20250906
5781060,20250906
5781061,20250907
5781063,20250906
5781064,20250906
5781065,20260610
5781067,20250917
5781068,20250906
5781071,20260521
5781072,20250907
5781073,20250907
5781075,20250906
5781077,20250907
5781078,20260417
5781079,20250907
5781080,20250907
5781081,20250907
5781082,20250907
5781083,20250907
5781084,20250907
5781086,20250907
5781088,20250917
5781089,20250907
5781091,20250917
5781121,20250906
5781122,20250906
5781124,20250906
5781126,20250906
5781129,20250906
5781130,20250906
5781131,20250906
5781132,20250917
5781133,20250917
5781134,20250917
5781166,20250917
5781172,20260411
5781173,20260414
5781177,20250812
5781181,20250917
5781182,20260417
5781187,20250917
5781190,20250805
5781191,20250917
5781195,20250907
5781205,20260213
5781215,20250907
5781227,20260513
5781229,20260213
5781230,20260213
5781236,20250906
5781239,20260510
5781240,20250812
5781244,20260218
5785359,20250812
5785360,20250812
5785361,20250812
5785362,20250812
5785366,20250812
5803162,20250906
5803163,20250906
5803164,20250906
5803165,20250906
5803166,20250906
5803167,20250907
5803168,20250906
5803169,20250906
5803170,20250906
5803171,20250917
5803172,20250917
5803173,20250906
5803174,20250906
5803175,20250917
5803176,20250917
5803177,20250906
5803179,20250917
5803180,20260214
5803182,20251114
5803183,20250917
5803184,20250906
5803188,20250907
5803202,20250917
5803205,20250917
5803213,20250906
5803216,20250906
5803217,20250917
5803219,20250917
5803220,20250917
5803222,20250906
5803223,20251018
5803224,20250906
5803225,20260118
5803232,20250907
5803233,20250907
5803236,20250906
5803239,20260607
5803240,20250917
5803241,20260515
5803243,20250907
5803244,20260516
5803249,20260521
5803251,20250906
5803253,20250906
5803257,20250907
5803258,20260417
5803263,20260213
5803266,20251011
5803272,20250906
5803273,20250917
5803274,20260610
5803279,20250907
5803281,20250907
5803282,20250917
5803283,20250917
5803287,20250906
5803290,20250907
5803291,20250917
5803293,20260607
5803294,20251011
5803295,20250907
5803299,20250906
5803300,20250906
5803303,20250906
5803304,20260516
5803305,20250917
5803306,20260418
5803307,20250906
5803311,20250906
5803313,20250906
5803314,20250906
5803315,20250917
5803317,20250917
5803318,20251011
5803319,20250907
5803321,20250907
5803323,20250907
5803324,20250906
5803327,20250917
5803330,20260510
5803331,20250907
5803333,20260521
5803334,20250917
5803335,20250906
5803338,20250907
5803339,20250907
5803340,20250907
5803342,20250907
5803344,20250917
5803345,20250907
5803346,20250907
5803347,20250917
5803352,20250917
5803353,20250917
5803354,20260418
5803355,20250906
5803356,20250907
5803360,20250906
5803362,20250917
5803363,20250907
5803365,20260509
5803389,20250906
5803403,20250906
5803404,20250906
5803405,20250917
5803407,20250906
5803408,20250906
5803409,20250906
5803411,20260417
5803413,20250906
5803414,20250906
5803416,20250917
5803418,20250917
5803419,20250906
5803421,20250906
5803422,20250917
5803423,20260315
5803424,20250917
5803425,20250906
5803427,20250917
5803428,20250917
5803429,20251006
5803431,20251010
5803435,20260417
5803436,20250907
5803438,20250917
5803441,20250907
5803444,20260512
5803446,20250907
5803447,20250907
5803448,20250907
5803454,20251011
5803456,20250907
5803457,20250907
5803460,20260509
5803461,20250906
5803462,20250906
5803464,20250907
5803469,20260208
5803471,20251011
5803482,20260118
5803496,20250906
5803497,20250907
5803498,20250907
5809617,20260214
5809712,20260516
5809713,20251006
5812898,20260315
5812901,20260607
5812903,20250907
5812908,20250907
5812915,20251011
5812918,20260607
5812920,20260509
5812927,20260213
5812929,20260513
5812932,20260610
5812942,20250907
5812947,20260610
5812948,20260313
5812951,20260418
5812952,20260217
5812953,20260213
5812955,20250917
5812957,20260311
5812977,20260521
5812980,20260417
5812982,20251011
5812993,20260217
5812994,20260516
5812996,20250907
5812999,20260417
5813019,20250907
5813020,20250907
5813029,20260418
5813031,20250903
5813036,20250907
5813042,20260521
5813045,20250902
5813070,20260415
5813071,20260418
5813073,20250917
5813074,20260308
5813075,20250906
5813076,20251011
5813086,20251208
5813094,20260612
5813097,20250917
5813106,20250917
5813107,20250917
5813123,20251006
5813128,20250906
5813129,20260417
5813131,20251010
5813135,20251006
5813140,20260607
5813146,20250907
5813147,20260610
5813149,20250917
5813151,20250917
5813152,20250917
5813158,20250917
5813164,20260607
5813177,20250907
5813186,20250917
5813198,20250917
5813200,20251216
5813201,20250907
5813204,20260112
5813211,20251013
5813214,20260113
5813227,20250917
5813228,20250906
5813229,20250907
5813230,20250906
5813231,20250906
5813233,20260610
5829692,20251011
5829693,20251011
5829696,20251006
5829697,20251006
5829698,20251006
5829700,20251006
5829710,20250903
5829720,20251010
5829721,20251108
5829723,20251006
5829724,20260411
5829728,20260607
5829729,20260422
5829735,20260208
5829738,20260422
5829740,20260414
5829742,20260414
5829753,20260509
5829758,20260314
5829760,20260415
5829763,20260411
5829765,20251006
5829777,20260514
5829789,20251114
5829793,20260305
5829795,20260418
5829796,20260414
5829797,20260607
5829802,20251010
5829808,20251010
5829818,20260515
5829820,20251011
5829849,20260208
5829850,20260208
5829856,20260513
5829857,20260117
5829863,20260214
5829864,20260314
5829866,20260213
5829871,20260418
5829886,20251011
5829893,20260521
5829894,20260516
5829897,20260414
5829903,20260510
5829904,20260607
5829905,20260213
5829906,20260510
5829908,20260422
5829909,20260422
5829923,20251108
5829931,20251011
5829935,20251010
5842566,20251006
5842567,20251006
5842568,20251006
5842572,20251011
5842573,20251006
5842574,20251006
5842575,20251006
5842577,20251006
5842578,20251010
5842581,20251006
5842584,20251010
5842585,20251006
5842588,20251006
5842589,20251011
5842590,20251010
5842593,20250906
5842596,20250904
5842597,20250906
5842598,20250903
5842599,20250906
5842600,20250904
5842601,20250917
5842602,20250917
5842603,20250917
5842604,20251006
5842605,20251006
5842606,20260607
5842607,20251006
5842608,20251011
5842609,20251010
5842610,20251010
5842612,20251010
5842614,20251011
5842615,20251006
5842621,20251006
5842622,20251006
5842625,20251006
5842626,20251011
5842627,20260607
5842628,20251006
5842637,20251006
5842638,20251011
5842639,20251010
5842645,20251006
5842646,20251006
5842647,20251010
5842651,20251011
5842652,20251006
5842653,20251006
5842654,20251011
5842655,20251011
5842657,20251010
5842658,20251011
5842659,20251006
5842660,20251006
5842665,20251011
5842666,20251006
5842667,20251010
5842669,20251006
5842674,20251010
5842675,20251011
5842676,20251011
5842677,20251011
5842684,20251006
5842686,20251011
5842688,20251011
5842690,20260610
5842692,20251010
5842693,20251010
5842694,20251011
5842695,20260514
5842696,20260415
5842697,20251013
5842698,20251006
5842700,20250917
5842701,20251011
5842703,20260411
5842705,20251006
5842706,20251006
5842707,20251011
5842709,20260514
5842711,20251013
5842712,20251010
5842713,20251011
5842714,20251006
5842715,20251006
5842722,20251010
5842725,20251010
5842727,20251011
5842731,20260313
5842732,20260515
5842735,20251010
5842738,20260612
5842740,20251006
5842742,20260218
5842743,20260411
5842744,20251006
5842745,20251006
5842746,20251013
5842748,20251011
5842749,20250917
5842750,20260521
5842752,20251010
5842753,20251006
5842776,20251018
5842783,20250905
5842784,20250906
5842786,20251011
5842794,20251011
5842795,20251006
5842798,20260418
5842800,20260411
5842803,20251010
5842805,20260512
5842806,20251011
5842807,20260516
5842811,20251010
5842812,20251006
5842813,20251011
5842814,20251006
5842816,20251011
5842817,20251011
5842819,20251011
5842821,20250906
5842822,20250906
5842823,20251011
5842824,20251006
5842825,20251011
5842826,20251010
5842828,20251011
5842829,20251011
5842839,20251006
5842845,20260418
5842846,20251011
5842848,20251006
5842865,20260515
5842869,20251010
5842870,20251013
5842878,20251011
5842879,20251011
5842881,20251006
5842888,20251006
5842889,20251011
5842902,20260314
5842904,20260313
5842905,20251010
5842908,20260612
5842909,20260521
5842911,20260422
5842913,20251010
5842921,20260112
5842923,20260418
5842927,20251208
5842928,20260510
5842929,20251010
5842940,20260607
5842942,20260607
5842947,20260313
5842948,20260514
5842951,20251006
5842954,20260517
5842955,20260213
5842956,20260118
5842960,20251006
5842962,20251010
5842963,20251010
5842964,20251006
5842968,20260610
5842987,20251010
5842991,20250903
5842992,20250903
5842993,20251108
5842994,20251108
5842995,20251011
5842997,20260609
5842998,20251006
5842999,20251013
5843002,20251011
5847637,20251011
5849810,20250922
5849811,20251006
5853105,20251011
5853106,20251006
5853107,20251011
5853108,20251011
5853109,20251011
5853110,20251011
5853111,20251015
5853112,20251006
5853114,20251006
5853115,20251006
5853116,20251006
5853117,20251006
5853118,20251011
5853124,20251011
5853125,20251011
5853126,20251011
5853127,20251011
5853128,20251011
5853129,20251011
5853130,20251011
5853133,20251010
5853141,20251006
5853142,20251013
5853145,20260510
5853146,20260521
5853152,20251011
5853157,20251011
5853158,20251011
5853159,20251011
5853160,20251011
5853161,20251006
5853162,20251006
5853163,20251006
5853164,20251018
5853165,20251006
5853167,20251006
5853168,20251010
5853169,20260213
5853170,20250906
5853174,20260218
5853175,20260607
5853179,20251011
5853185,20251011
5853186,20251011
5853187,20251006
5853188,20251006
5853189,20251006
5853190,20251006
5853191,20251006
5853192,20251006
5853193,20251010
5853194,20251011
5853195,20251006
5853196,20251006
5853197,20251006
5853198,20251011
5853199,20251006
5853200,20251011
5853201,20251011
5853202,20251011
5853204,20251011
5853205,20251006
5853206,20251006
5853207,20251006
5853208,20251011
5853211,20251011
5853212,20251010
5853219,20260411
5853220,20260411
5853221,20251011
5853222,20260417
5853223,20251006
5853228,20260510
5853230,20251006
5853235,20251018
5853237,20251018
5853238,20251011
5853239,20251011
5853240,20251011
5853241,20251011
5853251,20251011
5853253,20251011
5853256,20260607
5853257,20251006
5853258,20251006
5853268,20251011
5853281,20251010
5853283,20251010
5853284,20251010
5853286,20251010
5853288,20251010
5853292,20260516
5853306,20251013
5853308,20251011
5853313,20260521
5853314,20260509
5853318,20251011
5853319,20251010
5853320,20251011
5853322,20251011
5853323,20251011
5853324,20251011
5853325,20251011
5853326,20251011
5853327,20251006
5853328,20251006
5853329,20251011
5853330,20251006
5853331,20251006
5853332,20251006
5853333,20251011
5853334,20251010
5853340,20251010
5853341,20251010
5853344,20251013
5853345,20251010
5853348,20251013
5853356,20251006
5853358,20251011
5853360,20251006
5853361,20251006
5853362,20251013
5853363,20251006
5853368,20251006
5853369,20251013
5853370,20251011
5853371,20251011
5853372,20250904
5853373,20250905
5853374,20250904
5853375,20250904
5853376,20250906
5853377,20251006
5862953,20251011
5862954,20251011
5862955,20251011
5862956,20251011
5862980,20251011
5862982,20251006
5862983,20251006
5862984,20251006
5862987,20251010
5862988,20251006
5862991,20251010
5862993,20251006
5862994,20251006
5862995,20251011
5862996,20260305
5862997,20251011
5862998,20251010
5862999,20251006
5863000,20251006
5863001,20251006
5863006,20251006
5863009,20251011
5863010,20260512
5863011,20260607
5863013,20251006
5863016,20260512
5863017,20260214
5863018,20251006
5863027,20251010
5863029,20260415
5863031,20251006
5863032,20251006
5863033,20251006
5863044,20251010
5863051,20251010
5863052,20251006
5863053,20251006
5863054,20251006
5863056,20251006
5863058,20251013
5863060,20260610
5863062,20251011
5863063,20251011
5863072,20251011
5863078,20260516
5863093,20251011
5863110,20251114
5863120,20251011
5863129,20251006
5863130,20251006
5863131,20251006
5863132,20251018
5863134,20250929
5863136,20251011
5863138,20251011
5863139,20251114
5863140,20251011
5863141,20260411
5863142,20260218
5863151,20251010
5863153,20251006
5863154,20260612
5863160,20251006
5863166,20251011
5863170,20251011
5863172,20251010
5863181,20251011
5863182,20260510
5863183,20251114
5863186,20251011
5863187,20251011
5863188,20251006
5863189,20251006
5863190,20251006
5863191,20251006
5863193,20251011
5863194,20251006
5863195,20251011
5863196,20251011
5863198,20251011
5863207,20260212
5863208,20251010
5863210,20251010
5863215,20251010
5863217,20251011
5863229,20251011
5863231,20251013
5863236,20251006
5863237,20251006
5863241,20251010
5863242,20251010
5863244,20260313
5863246,20251010
5863259,20260607
5863294,20260415
5863305,20251114
5863310,20251006
5863319,20251010
5863328,20260513
5863329,20251011
5863330,20251011
5863331,20251011
5863332,20251006
5863334,20251011
5863338,20251006
5863342,20251011
5863345,20251011
5863346,20251006
5866844,20251011
5867120,20251011
5867121,20251011
5867168,20260510
5867270,20251006
5867301,20251114
5867446,20251108
5867447,20251108
5867448,20251108
5867449,20251108
5867450,20251107
5867451,20251011
5867452,20251119
5867453,20251115
5867454,20251108
5867455,20251114
5867456,20251119
5867457,20251118
5867458,20251004
5867459,20251005
5867460,20251004
5867461,20251004
5867463,20260117
5867464,20251114
5867465,20251011
5867466,20251011
5867468,20251010
5867469,20251006
5867470,20251015
5867471,20251010
5867501,20251108
5870505,20251111
5870506,20251006
5870507,20251108
5870508,20251108
5875274,20251011
5875275,20251208
5875276,20251107
5875278,20251216
5875279,20251010
5875281,20260422
5875282,20260308
5875285,20260510
5875288,20260510
5875292,20251010
5875303,20251114
5875310,20260610
5875326,20251108
5875327,20251114
5875333,20260510
5875345,20251010
5875346,20251010
5875348,20251114
5875350,20260313
5875353,20260516
5875365,20260510
5875374,20260422
5875375,20251119
5875378,20251118
5875379,20251119
5875380,20260510
5875384,20251108
5875385,20260418
5875387,20251114
5875388,20251118
5875389,20260214
5875392,20260521
5875397,20251119
5875398,20251119
5875399,20251118
5875400,20251119
5875401,20251108
5875403,20251108
5875404,20251112
5875405,20251114
5875406,20251111
5875409,20260415
5875418,20260510
5875432,20260607
5875436,20251112
5875459,20260612
5875485,20251006
5875486,20251006
5875487,20251011
5875495,20260514
5875496,20260514
5875517,20260314
5875539,20251011
5875540,20251011
5885654,20251015
5885655,20251108
5885656,20251108
5885657,20251108
5885658,20251115
5885659,20251119
5885660,20251106
5885661,20251108
5885662,20251108
5885663,20251119
5885664,20251108
5885665,20251111
5885666,20251015
5885667,20251108
5885668,20251107
5885669,20251119
5885671,20251118
5885672,20251118
5885673,20251108
5885674,20251108
5885675,20251108
5885676,20251108
5885677,20251119
5885678,20251108
5885679,20251119
5885680,20251118
5885681,20251115
5885682,20251111
5885683,20251111
5885684,20251111
5885685,20260214
5885686,20251114
5885691,20251118
5885692,20251118
5885694,20251108
5885695,20251108
5885696,20251108
5885697,20251108
5885698,20251108
5885699,20251108
5885700,20251119
5885701,20251108
5885702,20251108
5885703,20251115
5885705,20251118
5885706,20251119
5885707,20251108
5885708,20251107
5885709,20251108
5885710,20251112
5885711,20251119
5885712,20260417
5885714,20251111
5885716,20251015
5885718,20260313
5885719,20251118
5885720,20251118
5885721,20251118
5885722,20251114
5885723,20251108
5885724,20251119
5885725,20251119
5885727,20251119
5885728,20251107
5885729,20251114
5885730,20251107
5885731,20251119
5885732,20251108
5885733,20251115
5885734,20251114
5885737,20251112
5885739,20251112
5885740,20251112
5885742,20251112
5885743,20251108
5885744,20251206
5885745,20251107
5885747,20251115
5885751,20260516
5885752,20251114
5885753,20251015
5885754,20251118
5885755,20251108
5885756,20251107
5885760,20251015
5885761,20251015
5885762,20260422
5885764,20260514
5885767,20251119
5885768,20251118
5885769,20251111
5885775,20251108
5885776,20251108
5885777,20251108
5885783,20251111
5885785,20251119
5885787,20251119
5885791,20251015
5885793,20260422
5885803,20251114
5885804,20251112
5885811,20251015
5885812,20251015
5885814,20260514
5885816,20251216
5885817,20251108
5885818,20251118
5885819,20251108
5885821,20260313
5885858,20251111
5885860,20260607
5885862,20260411
5885863,20251114
5885864,20260612
5885865,20251118
5885867,20251118
5885868,20251118
5885869,20251118
5885870,20251118
5885871,20251118
5885872,20251118
5885873,20251118
5885874,20251118
5885875,20251118
5885876,20251118
5885877,20251118
5885878,20251118
5885879,20251118
5885880,20251118
5885881,20251118
5885882,20251108
5885884,20251118
5885887,20251118
5885888,20260610
5885890,20251118
5885892,20251114
5885894,20251114
5885900,20251114
5885903,20251118
5885904,20251107
5885906,20251108
5885908,20251111
5885910,20251108
5885912,20251108
5885913,20251108
5885914,20251108
5885915,20251108
5885916,20251108
5885917,20251108
5885918,20251108
5885919,20251108
5885920,20251108
5885921,20251108
5885922,20251114
5885923,20251108
5885924,20251114
5888818,20251015
5896723,20251001
5898580,20251114
5898635,20251118
5898636,20251114
5898637,20251112
5898638,20251119
5898640,20251118
5898641,20251118
5898644,20251108
5898645,20251119
5898646,20251108
5898647,20251108
5898648,20251108
5898650,20251015
5898651,20251108
5898652,20251015
5898653,20251119
5898654,20251119
5898655,20251108
5898656,20251108
5898657,20251108
5898658,20251108
5898659,20251118
5898660,20251108
5898661,20251108
5898662,20251108
5898663,20251112
5898664,20251119
5898665,20251108
5898666,20251107
5898667,20251108
5898668,20251108
5898670,20251112
5898672,20251118
5898673,20251114
5898674,20260118
5898675,20251119
5898676,20251114
5898677,20260214
5898692,20260214
5898694,20251216
5898695,20260305
5898696,20251119
5898697,20251119
5898698,20251107
5898699,20251118
5898700,20251115
5898701,20251118
5898702,20251108
5898704,20251108
5898705,20251115
5898706,20251108
5898707,20251108
5898708,20251118
5898709,20251112
5898710,20251119
5898711,20251119
5898712,20251118
5898713,20251118
5898714,20251108
5898715,20251108
5898716,20251115
5898717,20251119
5898718,20251118
5898719,20251115
5898721,20251119
5898723,20251107
5898724,20251107
5898725,20251115
5898726,20251118
5898727,20251108
5901829,20251015
5901830,20251108
5901831,20251015
5901832,20251015
5901833,20251015
5901834,20251015
5901835,20251015
5901836,20251015
5905995,20251118
5905996,20251108
5905997,20251111
5905999,20251108
5906000,20251108
5906001,20251119
5906002,20251119
5906003,20251119
5906004,20251108
5906005,20251108
5906007,20251118
5906009,20251107
5906010,20251107
5906011,20251112
5906012,20251119
5906014,20251119
5906015,20251119
5906017,20251115
5906018,20251119
5906020,20251111
5906021,20251111
5906022,20251119
5906024,20251114
5906026,20251114
5906028,20251108
5906029,20251115
5906030,20251115
5906031,20251111
5906035,20251111
5906037,20251118
5906041,20251111
5906043,20251111
5906044,20251114
5906045,20251114
5906046,20251111
5906048,20251119
5906050,20251111
5906052,20251111
5906055,20251114
5906058,20251111
5906062,20251108
5906063,20251108
5906064,20251108
5906065,20251108
5906066,20251114
5906067,20251114
5906068,20251107
5906069,20251119
5906070,20251119
5906071,20251114
5906072,20251107
5906073,20251108
5906074,20251108
5906075,20251108
5906076,20251108
5906077,20251111
5906078,20251119
5906079,20251119
5906080,20251118
5906081,20251108
5906082,20260510
5906083,20251119
5906084,20251107
5906085,20251107
5906086,20251111
5906087,20251118
5906088,20251119
5906089,20251108
5906090,20251119
5906091,20251107
5906093,20251118
5906094,20251112
5906095,20251119
5906096,20251119
5906102,20251119
5906103,20251119
5906106,20260510
5906107,20251107
5906109,20251118
5906111,20251107
5906115,20251118
5906116,20251114
5906117,20251115
5906118,20260214
5906120,20251118
5906121,20251119
5906122,20251118
5906123,20251118
5906124,20251108
5906125,20251118
5906126,20251118
5906127,20251108
5906128,20251108
5906129,20251108
5906130,20251108
5906131,20251119
5906134,20251119
5906135,20251108
5906136,20251119
5906138,20251118
5906139,20251115
5906140,20251107
5906141,20251119
5906142,20251119
5906145,20251114
5906146,20251108
5906148,20251108
5906149,20251108
5906150,20251118
5906151,20251108
5906154,20251118
5906157,20251119
5906158,20251119
5906159,20251119
5906160,20251111
5906161,20251111
5906163,20260607
5906164,20251114
5906165,20251108
5906166,20251115
5906167,20251119
5906168,20251119
5906169,20251118
5906174,20251114
5906179,20251114
5906181,20251119
5906183,20251108
5906184,20251118
5906185,20251118
5906186,20251118
5906187,20251118
5906192,20251114
5906193,20251108
5906196,20251108
5906197,20251108
5906200,20251119
5906201,20251119
5906204,20251108
5906206,20251108
5906207,20251108
5906208,20251108
5906209,20251108
5906210,20251108
5906211,20251111
5906212,20251112
5906213,20251112
5906214,20251119
5906215,20251119
5906216,20251108
5906217,20251107
5906218,20260516
5906219,20251118
5906220,20251111
5906222,20251111
5906224,20251114
5906225,20251111
5906226,20260610
5906228,20251108
5906230,20251108
5906231,20251118
5906232,20251118
5906233,20251118
5906235,20251119
5906236,20251107
5906238,20251108
5906240,20251118
5906242,20251108
5906247,20260422
5906248,20251112
5906250,20251114
5906254,20251112
5906256,20251107
5906257,20251107
5906258,20251111
5906263,20251114
5906266,20251115
5906267,20251107
5906268,20251119
5906269,20251108
5906270,20251108
5906271,20251108
5906272,20251114
5906273,20251115
5906274,20251114
5906275,20251114
5906276,20251115
5906277,20251114
5906278,20251115
5906279,20251119
5906280,20251119
5906284,20260208
5906285,20260314
5906286,20260418
5906287,20251119
5906288,20251108
5906292,20251107
5906293,20251107
5906295,20251215
5906296,20251114
5906297,20251115
5906298,20260115
5906299,20251111
5906300,20260113
5906301,20251118
5906302,20251108
5906303,20251118
5906304,20251114
5906306,20260417
5912775,20251028
5914700,20251118
5918074,20251028
5918075,20260411
5918076,20251028
5918077,20260117
5918079,20251107
5918082,20260411
5918091,20251028
5918094,20260521
5918096,20251106
5918097,20260418
5918098,20260610
5918105,20251028
5918108,20251028
5918111,20251106
5918112,20251028
5918113,20260113
5918114,20251028
5918121,20260112
5918122,20260607
5918123,20260417
5918126,20260213
5918133,20251216
5918134,20251215
5918135,20251215
5918136,20251216
5918137,20251215
5918138,20251216
5918139,20251207
5918140,20251207
5918141,20251111
5918143,20251208
5918145,20251216
5918146,20251215
5918147,20251215
5918148,20251108
5918149,20251215
5918150,20251216
5918152,20260118
5918156,20251215
5918164,20251108
5918176,20260218
5918191,20251216
5918199,20260510
5918204,20260607
5918209,20260514
5918211,20251114
5918215,20260521
5918231,20260607
5918232,20260607
5918240,20251111
5918243,20260422
5918270,20251216
5918271,20251114
5918279,20260607
5918294,20251215
5918296,20251215
5918304,20251207
5918305,20251028
5918307,20260112
5918312,20260612
5918317,20251114
5918319,20260612
5918325,20251028
5918341,20260512
5918342,20260607
5918343,20251028
5918345,20260610
5918353,20251114
5918369,20251111
5918378,20251111
5918380,20251111
5918381,20251108
5918383,20251208
5918388,20251114
5918391,20251118
5918394,20251118
5918395,20251118
5918396,20251119
5918397,20251118
5918398,20251108
5927792,20251114
5927793,20251113
5927800,20251216
5927806,20260313
5927807,20251207
5927817,20251216
5927827,20251114
5927847,20260516
5927849,20260516
5927858,20251118
5927866,20251216
5927868,20251216
5927869,20260112
5927870,20260112
5927871,20251113
5927874,20251208
5927878,20251112
5927879,20251111
5927880,20251111
5927881,20251118
5927883,20251118
5927887,20251215
5927888,20251216
5927890,20251215
5927896,20251216
5927902,20251119
5927904,20251112
5927905,20251028
5927938,20251216
5927944,20251216
5927971,20251216
5927972,20251216
5927979,20260510
5927981,20251215
5927986,20251113
5927987,20251111
5927988,20251111
5927989,20251111
5927990,20251028
5927991,20251111
5927992,20251028
5927993,20251111
5927994,20251111
5927995,20251111
5927996,20251111
5932214,20251118
5936325,20251216
5936326,20251215
5936327,20251215
5936328,20251215
5936329,20251215
5936330,20251207
5936331,20251215
5936332,20251207
5936334,20251215
5936336,20251208
5936337,20260418
5936339,20251111
5936341,20260607
5936342,20260607
5936347,20260411
5936348,20251111
5936349,20251215
5936350,20251111
5936351,20251111
5936352,20251111
5936353,20251111
5936354,20251111
5936355,20251111
5936356,20251111
5936357,20251111
5936358,20251111
5936364,20251215
5936365,20251216
5936370,20251215
5936371,20251207
5936372,20251216
5936373,20251216
5936374,20251216
5936376,20251216
5936385,20251207
5936389,20251216
5936390,20251208
5936391,20251208
5936395,20260514
5936396,20260515
5936397,20251207
5936398,20251208
5936413,20251215
5936414,20251215
5936415,20251216
5936416,20251215
5936417,20251215
5936418,20251215
5936419,20251216
5936420,20251216
5936421,20251216
5936427,20251216
5936428,20260512
5936430,20251216
5936432,20260314
5936433,20251216
5936434,20251216
5936438,20251216
5936439,20251216
5936445,20251216
5936446,20251208
5936447,20251215
5936453,20251215
5936455,20251216
5936456,20251216
5936457,20260514
5936458,20251216
5936460,20251208
5936461,20251216
5936462,20251216
5936463,20251216
5936464,20251208
5936466,20251207
5936467,20251216
5936468,20251216
5936469,20251216
5936470,20251208
5936473,20251216
5936474,20251216
5936475,20251207
5936477,20251215
5936479,20251208
5936480,20251216
5936481,20251112
5936482,20251215
5936483,20251215
5936484,20251216
5936485,20251113
5936486,20251216
5936487,20251111
5936491,20251216
5936493,20251216
5936494,20260213
5936495,20251216
5936496,20251215
5936497,20260512
5936498,20251216
5936499,20260514
5936502,20251207
5936503,20251207
5936505,20251206
5936506,20251216
5936507,20251215
5936510,20260607
5936513,20251215
5936514,20251216
5936515,20251118
5936516,20251208
5936517,20251208
5936521,20251216
5936522,20251208
5936524,20251208
5936528,20251216
5936529,20251207
5936533,20251215
5936534,20251216
5936535,20251215
5936536,20251215
5936537,20251207
5936539,20251208
5936540,20251208
5936542,20251216
5936543,20251208
5936544,20251208
5936548,20251216
5936567,20251216
5936577,20251215
5936578,20251215
5936579,20251216
5936580,20251216
5936585,20260422
5936586,20260411
5936587,20251208
5936594,20260213
5936595,20251208
5936596,20251216
5936602,20251207
5936605,20251208
5936607,20251208
5936617,20251028
5936618,20251106
5936619,20251028
5936620,20251106
5936621,20251028
5936622,20251106
5936623,20251028
5936624,20251216
5945432,20251215
5945433,20251215
5945434,20251216
5945435,20251216
5945436,20251216
5945437,20251216
5945438,20251216
5945439,20251216
5945440,20251216
5945441,20251216
5945443,20251216
5945446,20251207
5945449,20251207
5945452,20251207
5945453,20251207
5945455,20251206
5945456,20251207
5945457,20260607
5945458,20251216
5945466,20251216
5945467,20251216
5945470,20260521
5945471,20251216
5945474,20251216
5945481,20251216
5945482,20251216
5945484,20251216
5945485,20260422
5945488,20251216
5945492,20251207
5945493,20251207
5945521,20251207
5945523,20251215
5945525,20260417
5945526,20251216
5945529,20251207
5945530,20251216
5945531,20251216
5945532,20251216
5945534,20251207
5945535,20251216
5945536,20251216
5945538,20251215
5945539,20251207
5945540,20251215
5945541,20251216
5945542,20251216
5945544,20251216
5945545,20251215
5945546,20251215
5945550,20251207
5945551,20251216
5945552,20251216
5945553,20251216
5945555,20251216
5945559,20251216
5945564,20251215
5945566,20251208
5945569,20251207
5945570,20251216
5945572,20251207
5945574,20251216
5945575,20251207
5945579,20251207
5945580,20251207
5945581,20251216
5945582,20251216
5945583,20251216
5945584,20251216
5945585,20251208
5945586,20251216
5945587,20251216
5945589,20251215
5945590,20251216
5945595,20251216
5945596,20251216
5945598,20251216
5945599,20251216
5945608,20251207
5945612,20251208
5945613,20251216
5945614,20260422
5945616,20251216
5945617,20251216
5945619,20251216
5945620,20251207
5945622,20251216
5945623,20251216
5945624,20251216
5945626,20251216
5945627,20260514
5945628,20251216
5945629,20251216
5945631,20251216
5945632,20251216
5945633,20251216
5945635,20251216
5945636,20251207
5945637,20260510
5945638,20251207
5945639,20251216
5945643,20251216
5945644,20251215
5945645,20251215
5945652,20251216
5945653,20251216
5945655,20251208
5945656,20260117
5945659,20251207
5948831,20251216
5948832,20251119
5948833,20251119
5948834,20251119
5948835,20251119
5948836,20251119
5948837,20260214
5948838,20260512
5948840,20260217
5948842,20251216
5948844,20251207
5948845,20251119
5948846,20260313
5948847,20251119
5948848,20251119
5948850,20260607
5948852,20260411
5948855,20260516
5948857,20251207
5948858,20260118
5948859,20251206
5948860,20251216
5948861,20251216
5948862,20251207
5948865,20251208
5948866,20251216
5948868,20251216
5948869,20251206
5948870,20251118
5948871,20251118
5948872,20251118
5948873,20251118
5948874,20251118
5948875,20251118
5948876,20251119
5948877,20251215
5952722,20251119
5958349,20251119
5958351,20251216
5958353,20251216
5958355,20251216
5958356,20251216
5958357,20251216
5958359,20251216
5958360,20251208
5958365,20251208
5958376,20251119
5958388,20251207
5958394,20251215
5958395,20251216
5958397,20260607
5958398,20251216
5958402,20251215
5958405,20251216
5958409,20260112
5958410,20260607
5958413,20260117
5958414,20260607
5958416,20260418
5958429,20260218
5958430,20260411
5958432,20260418
5958434,20260113
5958450,20260521
5958455,20260612
5958456,20260514
5958457,20251208
5958458,20251119
5958461,20260422
5958467,20260213
5958488,20251120
5958489,20251120
5958490,20251120
5958491,20251120
5958492,20251120
5958493,20251216
5958494,20251120
5958495,20260117
5958496,20251220
5958497,20251120
5958498,20251130
5958499,20260122
5958500,20251124
5958502,20251127
5958503,20251208
5958504,20260122
5958505,20251120
5958506,20251120
5958507,20251207
5958509,20251207
5958511,20251120
5958512,20251215
5958513,20251208
5958514,20251120
5958516,20260217
5958517,20251128
5958518,20260117
5961626,20251119
5966152,20251119
5968784,20251125
5968788,20260113
5968790,20260411
5968791,20260214
5968792,20260218
5968794,20260417
5968796,20260213
5968803,20251204
5968822,20260514
5968824,20251208
5968826,20260514
5968827,20260217
5968828,20260311
5968829,20260521
5968830,20260411
5968831,20251128
5968838,20260521
5968840,20260112
5968842,20260217
5968845,20260512
5968849,20260213
5968853,20260510
5968856,20260217
5968859,20260418
5968865,20260418
5968866,20260212
5968867,20260610
5968872,20260510
5968873,20260510
5968878,20251126
5968880,20260607
5968884,20260117
5968913,20251216
5968924,20260122
5968925,20260122
5968926,20260113
5968927,20260113
5968928,20260112
5968941,20260607
5968945,20260607
5968947,20251129
5968965,20260510
5968969,20260512
5968988,20260305
5969005,20251126
5969006,20251125
5969007,20251212
5969008,20251130
5969009,20260417
5969029,20251127
5969030,20251125
5969031,20251201
5969046,20260122
5969072,20260213
5969076,20260112
5969077,20260122
5969078,20260122
5969090,20260122
5969097,20260122
5969099,20260122
5969104,20260112
5969108,20251119
5969109,20251119
5969110,20251119
5969111,20251119
5969112,20251119
5969117,20260511
5969124,20251119
5973204,20251220
5973226,20251218
5973227,20260511
5973382,20251128
5973383,20251211
5973389,20251222
5973390,20251205
5974092,20251213
5974093,20251210
5974094,20251130
5974095,20251126
5974096,20251215
5974097,20251205
5974098,20251211
5974099,20251202
5974100,20251206
5974101,20251210
5974102,20251124
5974103,20251211
5974104,20251201
5974105,20251204
5974106,20260112
5974107,20251217
5974108,20251218
5974109,20260214
5974110,20260213
5974111,20251221
5974112,20251206
5974114,20251124
5974115,20251216
5974117,20251127
5974119,20251223
5974120,20260212
5974121,20260214
5974122,20251202
5974123,20260417
5974124,20251214
5974125,20251125
5974126,20251130
5977923,20251216
5977926,20260411
5977927,20260112
5977929,20251214
5977930,20251126
5977931,20260112
5977933,20251216
5977934,20260118
5977935,20260118
5977936,20260118
5977937,20251216
5977938,20251207
5977939,20251211
5977941,20251204
5977942,20251223
5977943,20251130
5977945,20251210
5977946,20251129
5977947,20251130
5977948,20251130
5977949,20251206
5977950,20260213
5977951,20251129
5977952,20251129
5977953,20251208
5977954,20260113
5977955,20260113
5977956,20260214
5977957,20260118
5977960,20260218
5977961,20260113
5977962,20260113
5977963,20260113
5977964,20260113
5977965,20251206
5977966,20260113
5977967,20251213
5977968,20251208
5977969,20251207
5977970,20251208
5977971,20251209
5977972,20251213
5977973,20260116
5977974,20251207
5977977,20260113
5977978,20260122
5977979,20260113
5977980,20260122
5977981,20251230
5977982,20260113
5977983,20251213
5977998,20260112
5977999,20260113
5978001,20260521
5978003,20260516
5978006,20260218
5978007,20260510
5978008,20260213
5978009,20260521
5978010,20260411
5978011,20260509
5978013,20260509
5978016,20260416
5978020,20260513
5978022,20260422
5978027,20260415
5978029,20260422
5978034,20260514
5978035,20260607
5978036,20260607
5978038,20260213
5978039,20260510
5978040,20260610
5978041,20260610
5978043,20251126
5978044,20251128
5978051,20260208
5978057,20251125
5978058,20251128
5978059,20251218
5978064,20260516
5978065,20251216
5978073,20260418
5978075,20260418
5978077,20260418
5978081,20260208
5978091,20260213
5978095,20260510
5978101,20251209
5978107,20260113
5978108,20251216
5978109,20260113
5978110,20260112
5978111,20260113
5978115,20260113
5978116,20260113
5978117,20260113
5978118,20260113
5978119,20260113
5978120,20260113
5978123,20260112
5978124,20260113
5978125,20260122
5978126,20260112
5978127,20260112
5978128,20251213
5978129,20260113
5978131,20260118
5978132,20260118
5978133,20260113
5978134,20251213
5978135,20260113
5978136,20260117
5978137,20260512
5978148,20251216
5978149,20260113
5978150,20260113
5978156,20260122
5978164,20260113
5978170,20251221
5978188,20260113
5978189,20260122
5978190,20251211
5978192,20251219
5978193,20251206
5978194,20251208
5978195,20260312
5978196,20251209
5978206,20251209
5978210,20251125
5978217,20251216
5978233,20260117
5978234,20260607
5978235,20260607
5978241,20260118
5978247,20260117
5978249,20260122
5978251,20260118
5978252,20260118
5978254,20260122
5978255,20260122
5978259,20260112
5978263,20260122
5978267,20260510
5978271,20260117
5978272,20260607
5978273,20260607
5978283,20260314
5978286,20260118
5978292,20260607
5978308,20251209
5978309,20251125
5978311,20251125
5978315,20260516
5978318,20260117
5978319,20260122
5978321,20260118
5978324,20260122
5978329,20260118
5978335,20260308
5978336,20260118
5978338,20260113
5978345,20251216
5978351,20260117
5982336,20260107
5982337,20260212
5982338,20260212
5982339,20251203
5982341,20260122
5982344,20260214
5982346,20260214
5982347,20251220
5982350,20251221
5982354,20251213
5982370,20260411
5982378,20251215
5982382,20260218
5982385,20251215
5983329,20251230
5983418,20260103
5983419,20251230
5988045,20251215
5988046,20260113
5988047,20260113
5988048,20260112
5988049,20260112
5988050,20251211
5988051,20251212
5988052,20251209
5988053,20251211
5988055,20251211
5988056,20251209
5988057,20251211
5988058,20251214
5988060,20260311
5988062,20260117
5988065,20260411
5988069,20260610
5988070,20260418
5988072,20260516
5988074,20260521
5988075,20260411
5988076,20251214
5988077,20260113
5988078,20260113
5988079,20260113
5988080,20260113
5988081,20260113
5988082,20260112
5988083,20260112
5988084,20260117
5988085,20260122
5988086,20260113
5988092,20251222
5988093,20251211
5988096,20260122
5988097,20260516
5988098,20260112
5988100,20260122
5988102,20260118
5988103,20260122
5988104,20260122
5988107,20260113
5988108,20260118
5988109,20260112
5988112,20260112
5988113,20260112
5988118,20260118
5988119,20260117
5988121,20260117
5988122,20251215
5988123,20251214
5988124,20251211
5988125,20260113
5988126,20260113
5988127,20260113
5988128,20260113
5988129,20260122
5988131,20260122
5988134,20260213
5988137,20260113
5988150,20260418
5988154,20260122
5988156,20260122
5988157,20260113
5988159,20251212
5988161,20260118
5988162,20260117
5988163,20260313
5988164,20260510
5988174,20260117
5988176,20260607
5988180,20260117
5988183,20260118
5988184,20260113
5988186,20260113
5988189,20260113
5988190,20260118
5988197,20251227
5988198,20251225
5988199,20251212
5988200,20251214
5988201,20251212
5988202,20251213
5988203,20260113
5988204,20260113
5988205,20260113
5988209,20260117
5988210,20260117
5988211,20260118
5988218,20260117
5988222,20260118
5988225,20260122
5988232,20260610
5988236,20260122
5988237,20260122
5988238,20260112
5988239,20260118
5988240,20260113
5988241,20260113
5988243,20260112
5988255,20260117
5988256,20260122
5988257,20260122
5988259,20260122
5988260,20260113
5988261,20260113
5988262,20260113
5988263,20260113
5988264,20260122
5988265,20260316
5988268,20260612
5988269,20260112
5988272,20260113
5988273,20260113
5988274,20260113
5988276,20260113
5988277,20260521
5988279,20260122
5988280,20260117
5988281,20260117
5988282,20260118
5988283,20260118
5988284,20260122
5988285,20260122
5988286,20260122
5988287,20260122
5988288,20260122
5988292,20260118
5988293,20260118
5988296,20260118
5988297,20260112
5988298,20260516
5988299,20260117
5988300,20260117
5988304,20260118
5988305,20260118
5988306,20260118
5988309,20260113
5988310,20260417
5988311,20260112
5988312,20260213
5988319,20260113
5988320,20260113
5988321,20260117
5988323,20260118
5988324,20260118
5988325,20251214
5988329,20251220
5988330,20260510
5988333,20260218
5988334,20260218
5988336,20260305
5988337,20260310
5988338,20260310
5988339,20260310
5988340,20260516
5988341,20260118
5988342,20260516
5988343,20260512
5988344,20260515
5988345,20260213
5988346,20260607
5988347,20260418
5988359,20260418
5988375,20260317
5988377,20260515
5988378,20260512
5988391,20260417
5988392,20260411
5988393,20260422
5988401,20260212
5988403,20260212
5988409,20260311
5988416,20260117
5988421,20251211
5988422,20260118
5988423,20260118
5988424,20260118
5988425,20260117
5988427,20260513
5988432,20260315
5988433,20260516
5988435,20260513
5988443,20260514
5988445,20260112
5988446,20260516
5988449,20251226
5988456,20260516
5988457,20260516
5988458,20260118
5988462,20260122
5988463,20260313
5988464,20260214
5988470,20260112
5988471,20260218
5988473,20260113
5988474,20260112
5988475,20260112
5988478,20251213
5994460,20251213
5994480,20260204
5996445,20251211
5998087,20260113
5998088,20260113
5998102,20260118
5998109,20260118
5998112,20260118
5998113,20260122
5998116,20260122
5998126,20260122
5998128,20260113
5998129,20260113
5998130,20260113
5998131,20260113
5998133,20260117
5998134,20260218
5998135,20260113
5998136,20260118
5998137,20260117
5998140,20260117
5998149,20260117
5998162,20260118
5998168,20260122
5998169,20251231
5998170,20260113
5998171,20260113
5998172,20260606
5998178,20260607
5998182,20260112
5998191,20251212
5998193,20260118
5998195,20260512
5998199,20260510
5998200,20260117
5998202,20260117
5998203,20260113
5998205,20260113
5998212,20260118
5998219,20260112
5998220,20260113
5998222,20260113
5998225,20260117
5998226,20260117
5998227,20260117
5998228,20260113
5998229,20260113
5998230,20260113
5998239,20260607
5998241,20260122
5998245,20260113
5998263,20260117
5998274,20260113
5998275,20260122
5998276,20260122
5998277,20260112
5998285,20260118
5998286,20260118
5998294,20260305
5998295,20251228
5998296,20260305
5998297,20260120
5998298,20260204
5998299,20260122
6000840,20260212
6000841,20260612
6000842,20260512
6000843,20260212
6000844,20260212
6000845,20260514
6000846,20260212
6000852,20260511
6000858,20260204
6000859,20260204
6000863,20260607
6000864,20260607
6000865,20260213
6000867,20260208
6000868,20260112
6000869,20260113
6000870,20260208
6000871,20260208
6000873,20260214
6000874,20260214
6000875,20251216
6000876,20260208
6000877,20260112
6000878,20260214
6000880,20260113
6000881,20260112
6000882,20260314
6000890,20251217
6000891,20251221
6000892,20251231
6000893,20251213
6000894,20251212
6000895,20251212
6002441,20251213
6002520,20260117
6002542,20260213
6002543,20260208
6002544,20251218
6002545,20260218
6002546,20260223
6002547,20260521
6002551,20260608
6002552,20260411
6002554,20260417
6002556,20260112
6002557,20260112
6002558,20260204
6002559,20260204
6002560,20260204
6002561,20260204
6002562,20260112
6002563,20260122
6002564,20260112
6002565,20260208
6002566,20260208
6002567,20260208
6002568,20260208
6002569,20260213
6002570,20260213
6002571,20260214
6002573,20260208
6002574,20260101
6002575,20260113
6002576,20260113
6002577,20260113
6002578,20260122
6002579,20260122
6010168,20260212
6010183,20260510
6010184,20260213
6010197,20260410
6010206,20260122
6010209,20260122
6010210,20260418
6010228,20260214
6010236,20260314
6010239,20260212
6010244,20260418
6010247,20260218
6010253,20260521
6010267,20260612
6010280,20260610
6010286,20260218
6010297,20260113
6010298,20260113
6010300,20260122
6010315,20260113
6010322,20260113
6010323,20260113
6010331,20260113
6010332,20260113
6010352,20260218
6010442,20260217
6010443,20260208
6010444,20260208
6010445,20260208
6010446,20260208
6010449,20260217
6010450,20260512
6010451,20260513
6010452,20260208
6010453,20260214
6010455,20260214
6010456,20260214
6010458,20260214
6010462,20260212
6010465,20260212
6010468,20260208
6010469,20260310
6010472,20260204
6010475,20260208
6010478,20260513
6010479,20260204
6010480,20260308
6010483,20260521
6010485,20260202
6010488,20260411
6012707,20260313
6012708,20260313
6012715,20260208
6012716,20260208
6014609,20260103
6016803,20260305
6016841,20260315
6016842,20260219
6016992,20260510
6016993,20260208
6018583,20260128
6018584,20260113
6018585,20260101
6018586,20260201
6018587,20260301
6018588,20260102
6018589,20251230
6018590,20260113
6018591,20251231
6018592,20260113
6018593,20260108
6018594,20260101
6018596,20260212
6018603,20260214
6018609,20260212
6018610,20260422
6018612,20260305
6018619,20260212
6018621,20260208
6018628,20260512
6018630,20260610
6018631,20260418
6018635,20260213
6018637,20260208
6018639,20260217
6018640,20260521
6018641,20260314
6018647,20260314
6018649,20260212
6018650,20260212
6018651,20260212
6018695,20260218
6018703,20260521
6018748,20260213
6018765,20260208
6018771,20260607
6018775,20260607
6018779,20260411
6018792,20260202
6018793,20260314
6018799,20260131
6018800,20260214
6018828,20260214
6018829,20260208
6018830,20251230
6018831,20260208
6025336,20260218
6025339,20260212
6025360,20260512
6025367,20260218
6025371,20260115
6025372,20260115
6025373,20260115
6025374,20260212
6025377,20260512
6025383,20260509
6025394,20260218
6025395,20260607
6025396,20260607
6025398,20260212
6025399,20260212
6025402,20260204
6025403,20260208
6025409,20260218
6025413,20260218
6025416,20260607
6025417,20260213
6025418,20260607
6025420,20260214
6025425,20260214
6025431,20260607
6025436,20260122
6025438,20260214
6025446,20260122
6025447,20260208
6025448,20260214
6025453,20260214
6025455,20260208
6025456,20260122
6025457,20260212
6025458,20260122
6025461,20260212
6025464,20260612
6025465,20260214
6025476,20260218
6025482,20260218
6025495,20260122
6025497,20260122
6025499,20260122
6025500,20260122
6025501,20260122
6025502,20260122
6025503,20260122
6025505,20260214
6025509,20260208
6025526,20260122
6025530,20260607
6025536,20260212
6025537,20260204
6025538,20260212
6025539,20260212
6025557,20260414
6025561,20260122
6025576,20260212
6025578,20260313
6025579,20260212
6025580,20260212
6025584,20260607
6025585,20260115
6025590,20260515
6025599,20260214
6025601,20260510
6025615,20260212
6025616,20260212
6025624,20260212
6025640,20251230
6025641,20260101
6025642,20260208
6025643,20260106
6025644,20251230
6025645,20251230
6025646,20260107
6025647,20260208
6025648,20260208
6025649,20260208
6025651,20260212
6025652,20260521
6025653,20260212
6033560,20260516
6035888,20260208
6035889,20260217
6035890,20260212
6035891,20260214
6035892,20260208
6035893,20260212
6035894,20260204
6035896,20260204
6035897,20260510
6035898,20260212
6035900,20260115
6035921,20260204
6035923,20260208
6035924,20260218
6035925,20260208
6035926,20260208
6035927,20260208
6035929,20260204
6035930,20260204
6035931,20260208
6035932,20260204
6035933,20260208
6035934,20260208
6035935,20260214
6035936,20260204
6035937,20260213
6035938,20260305
6035940,20260212
6035941,20260208
6035942,20260208
6035943,20260208
6035944,20260208
6035945,20260208
6035946,20260208
6035947,20260208
6035948,20260208
6035953,20260208
6035954,20260208
6035959,20260204
6035960,20260204
6035962,20260208
6035963,20260208
6035964,20260208
6035965,20260208
6035966,20260212
6035967,20260208
6035968,20260208
6035969,20260208
6035971,20260208
6035977,20260213
6035978,20260311
6035979,20260311
6035980,20260514
6035984,20260212
6035986,20260208
6035988,20260212
6035989,20260212
6035990,20260204
6035991,20260208
6035992,20260214
6035996,20260607
6035998,20260208
6036000,20260208
6036001,20260204
6036002,20260208
6036003,20260204
6036005,20260208
6036006,20260418
6036007,20260204
6036008,20260208
6036010,20260214
6036012,20260204
6036014,20260204
6036015,20260208
6036016,20260204
6036017,20260204
6036019,20260204
6036020,20260204
6036023,20260204
6036024,20260610
6036029,20260204
6036030,20260213
6036031,20260214
6036032,20260208
6036033,20260208
6036034,20260214
6036035,20260208
6036038,20260214
6036039,20260214
6036040,20260204
6036043,20260204
6036044,20260214
6036045,20260208
6036049,20260204
6036053,20260214
6036055,20260208
6036056,20260214
6036057,20260208
6036058,20260208
6036059,20260208
6036060,20260208
6036061,20260208
6036062,20260214
6036063,20260208
6036064,20260208
6036065,20260208
6036066,20260208
6036067,20260204
6036068,20260214
6036074,20260208
6036076,20260214
6036080,20260214
6036081,20260212
6036083,20260208
6036086,20260218
6036089,20260212
6036092,20260208
6036093,20260214
6036094,20260214
6036095,20260208
6036098,20260208
6036099,20260212
6036102,20260217
6036103,20260212
6036109,20260214
6036113,20260208
6036118,20260214
6036120,20260208
6036125,20260212
6036127,20260204
6036128,20260212
6036135,20260218
6036142,20260214
6036148,20260208
6036149,20260214
6036156,20260208
6036157,20260512
6036158,20260214
6036159,20260214
6036160,20260214
6036161,20260214
6036167,20260214
6036168,20260418
6036175,20260204
6036177,20260208
6036178,20260204
6036179,20260204
6036180,20260212
6036185,20260212
6036187,20260208
6036188,20260208
6036199,20260214
6036200,20260214
6036201,20260208
6036202,20260208
6036207,20260204
6036208,20260208
6036211,20260417
6036212,20260204
6036213,20260414
6036214,20260213
6036218,20260208
6036219,20260214
6036227,20260311
6036236,20260208
6036237,20260208
6036238,20260208
6036239,20260208
6036249,20260204
6036251,20260213
6036253,20260218
6036254,20260218
6036255,20260214
6036256,20260204
6036262,20260208
6036263,20260217
6036268,20260208
6036269,20260208
6036270,20260208
6036272,20260204
6036274,20260208
6036275,20260208
6036277,20260414
6036278,20260208
6036280,20260521
6036281,20260204
6036282,20260607
6036283,20260610
6036284,20260208
6036285,20260204
6036286,20260204
6036289,20260214
6036290,20260208
6036291,20260305
6036292,20260207
6036295,20260204
6036296,20260315
6036298,20260311
6036299,20260208
6036300,20260214
6036301,20260610
6036302,20260204
6036304,20260204
6036305,20260213
6036307,20260204
6036308,20260208
6036311,20260310
6036312,20260204
6036315,20260204
6036316,20260310
6036317,20260310
6036319,20260313
6036329,20260208
6036330,20260204
6036333,20260204
6036334,20260208
6039694,20260208
6039695,20260204
6039696,20260122
6039697,20260115
6039698,20260204
6039699,20260204
6039700,20260204
6039701,20260122
6039963,20260204
6039964,20260208
6039965,20260214
6039967,20260315
6039969,20260315
6039970,20260315
6039971,20260315
6039972,20260204
6039973,20260204
6039975,20260116
6039976,20260131
6039977,20260204
6039978,20260204
6040023,20260212
6040024,20260128
6045161,20260208
6047414,20260208
6047415,20260208
6047416,20260208
6047417,20260208
6047418,20260208
6047421,20260208
6047422,20260208
6047423,20260208
6047424,20260208
6047426,20260208
6047429,20260208
6047430,20260313
6047431,20260208
6047432,20260208
6047433,20260208
6047434,20260208
6047435,20260311
6047436,20260208
6047438,20260212
6047439,20260212
6047443,20260313
6047444,20260208
6047445,20260208
6047446,20260208
6047447,20260208
6047449,20260208
6047451,20260208
6047455,20260208
6047458,20260208
6047459,20260313
6047460,20260212
6047461,20260313
6047462,20260218
6047463,20260208
6047464,20260313
6047466,20260313
6047467,20260213
6047468,20260217
6047469,20260213
6047470,20260212
6047471,20260214
6047472,20260208
6047473,20260212
6047474,20260305
6047475,20260208
6047476,20260214
6047477,20260208
6047478,20260208
6047479,20260208
6047480,20260208
6047481,20260208
6047483,20260214
6047486,20260208
6047490,20260214
6047491,20260204
6047493,20260208
6047494,20260214
6047495,20260208
6047497,20260208
6047498,20260310
6047499,20260208
6047501,20260208
6047502,20260208
6047504,20260204
6047505,20260204
6047506,20260212
6047507,20260203
6047508,20260214
6047510,20260212
6047512,20260208
6047513,20260204
6047514,20260311
6047515,20260313
6047519,20260305
6047522,20260212
6047525,20260204
6047526,20260208
6047528,20260214
6047529,20260212
6047532,20260218
6047534,20260310
6047535,20260208
6047536,20260208
6047538,20260208
6047539,20260208
6047540,20260208
6047541,20260204
6047543,20260212
6047544,20260204
6047548,20260208
6047549,20260204
6047550,20260208
6047551,20260208
6047552,20260204
6047553,20260208
6047554,20260310
6047555,20260521
6047556,20260204
6047557,20260313
6047558,20260204
6047559,20260214
6047560,20260204
6047561,20260208
6047562,20260212
6047563,20260212
6047564,20260204
6047565,20260218
6047566,20260214
6047567,20260214
6047569,20260213
6047570,20260311
6047572,20260218
6047577,20260204
6047578,20260607
6047579,20260208
6047580,20260208
6047581,20260208
6047582,20260208
6047583,20260208
6047584,20260204
6047585,20260208
6047586,20260208
6047587,20260204
6047589,20260214
6047590,20260217
6047591,20260204
6047592,20260214
6047595,20260213
6047596,20260422
6047598,20260204
6047599,20260208
6047600,20260204
6057143,20260214
6057145,20260204
6057146,20260214
6057147,20260204
6057148,20260204
6057149,20260204
6057151,20260514
6057152,20260204
6057156,20260204
6057157,20260204
6057159,20260512
6057164,20260213
6057170,20260214
6057171,20260208
6057172,20260415
6057173,20260612
6057180,20260213
6057184,20260214
6057185,20260214
6057186,20260214
6057187,20260204
6057188,20260214
6057189,20260214
6057190,20260214
6057193,20260218
6057204,20260311
6057205,20260204
6057206,20260204
6057207,20260311
6057208,20260204
6057209,20260204
6057210,20260204
6057215,20260204
6057218,20260204
6057222,20260311
6057228,20260204
6057230,20260310
6057231,20260214
6057240,20260204
6057246,20260204
6057249,20260204
6057250,20260214
6057252,20260214
6057255,20260214
6057258,20260218
6057263,20260208
6057272,20260204
6057274,20260204
6057277,20260515
6057278,20260214
6057279,20260214
6057280,20260204
6057281,20260214
6057282,20260212
6057284,20260204
6057288,20260411
6057298,20260208
6057300,20260208
6057301,20260208
6057304,20260607
6057309,20260217
6057311,20260204
6057315,20260204
6057316,20260204
6057326,20260204
6057327,20260204
6057329,20260213
6057330,20260311
6057332,20260311
6057333,20260213
6057335,20260213
6057336,20260213
6057337,20260213
6057343,20260305
6057346,20260310
6057348,20260310
6057350,20260204
6057352,20260204
6057358,20260218
6057366,20260213
6057367,20260214
6057370,20260418
6057372,20260317
6057373,20260204
6057374,20260418
6057378,20260204
6057379,20260310
6057380,20260204
6057382,20260204
6057383,20260607
6057384,20260204
6057385,20260204
6057389,20260607
6057390,20260204
6057395,20260521
6057396,20260204
6057399,20260311
6057403,20260305
6057406,20260208
6057407,20260311
6057408,20260204
6057410,20260204
6057412,20260414
6057414,20260204
6057415,20260417
6057417,20260204
6057418,20260204
6057420,20260212
6057423,20260208
6057424,20260212
6057426,20260208
6057429,20260204
6057433,20260310
6057434,20260311
6064480,20260204
6064481,20260204
6064482,20260204
6064485,20260204
6064486,20260204
6064487,20260204
6064488,20260204
6064489,20260204
6064490,20260204
6064491,20260204
6064492,20260204
6064493,20260204
6064494,20260204
6064495,20260204
6064496,20260204
6064497,20260204
6064498,20260204
6064499,20260204
6064501,20260204
6064502,20260204
6064503,20260204
6064504,20260204
6064505,20260204
6064506,20260204
6064507,20260204
6064508,20260204
6064509,20260204
6064510,20260204
6064511,20260204
6064512,20260204
6064513,20260418
6064514,20260204
6064515,20260204
6064516,20260204
6064517,20260204
6064518,20260204
6064519,20260204
6064520,20260204
6064521,20260204
6064522,20260204
6064523,20260204
6064524,20260204
6064525,20260204
6064526,20260204
6064527,20260204
6064528,20260204
6064529,20260204
6064530,20260204
6064531,20260204
6064532,20260204
6064533,20260204
6064534,20260204
6064535,20260204
6064536,20260204
6064537,20260204
6064538,20260204
6064539,20260204
6064540,20260204
6064541,20260204
6064542,20260204
6064543,20260204
6064544,20260422
6064545,20260204
6064546,20260204
6064547,20260204
6064548,20260204
6064549,20260204
6064550,20260204
6064551,20260204
6064552,20260204
6064553,20260204
6064554,20260204
6064555,20260204
6064556,20260204
6064557,20260204
6064558,20260204
6064559,20260204
6064560,20260204
6064561,20260204
6064562,20260204
6064563,20260204
6064564,20260204
6064565,20260204
6064567,20260204
6064568,20260204
6064569,20260204
6064570,20260204
6064571,20260204
6064572,20260204
6064574,20260204
6064575,20260204
6064576,20260204
6064577,20260204
6064579,20260204
6064580,20260204
6064582,20260204
6064583,20260204
6064584,20260204
6064585,20260204
6064586,20260204
6064587,20260204
6064588,20260204
6064589,20260204
6064590,20260204
6064591,20260204
6064592,20260204
6064593,20260204
6064594,20260204
6064595,20260204
6064598,20260204
6064600,20260204
6064601,20260204
6064602,20260204
6064603,20260204
6064605,20260204
6064606,20260204
6064607,20260204
6064608,20260204
6064610,20260204
6064611,20260204
6064612,20260204
6064613,20260204
6064614,20260204
6064615,20260204
6064616,20260204
6064617,20260204
6064619,20260204
6064620,20260204
6064621,20260204
6064622,20260204
6064623,20260204
6064624,20260204
6064625,20260204
6064626,20260204
6064627,20260204
6064628,20260204
6064629,20260204
6064630,20260204
6064631,20260204
6064632,20260204
6064633,20260204
6064635,20260204
6064636,20260204
6064637,20260204
6064638,20260204
6064639,20260204
6064640,20260204
6064646,20260204
6064647,20260204
6064648,20260204
6064649,20260204
6064651,20260204
6064653,20260204
6064654,20260204
6064655,20260204
6064656,20260204
6064658,20260204
6064659,20260204
6064660,20260204
6064661,20260204
6064662,20260204
6064663,20260204
6064664,20260204
6064665,20260204
6064666,20260204
6064667,20260204
6064682,20260305
6064683,20260305
6064684,20260204
6064686,20260204
6064687,20260204
6064688,20260204
6064689,20260204
6064690,20260204
6064692,20260204
6064693,20260204
6064694,20260204
6064695,20260305
6064696,20260204
6064697,20260204
6064698,20260204
6064702,20260204
6064703,20260204
6064704,20260204
6064705,20260204
6064706,20260204
6064708,20260417
6064709,20260204
6064710,20260204
6064711,20260204
6064712,20260204
6064713,20260204
6064714,20260204
6064715,20260204
6064716,20260204
6064717,20260204
6064719,20260204
6064720,20260204
6064721,20260204
6064722,20260204
6064724,20260310
6064725,20260315
6064740,20260310
6064741,20260204
6064743,20260313
6064746,20260204
6064748,20260204
6064749,20260204
6064750,20260204
6064752,20260204
6064753,20260204
6064754,20260204
6064755,20260204
6064757,20260204
6064758,20260204
6064759,20260204
6064760,20260204
6064761,20260204
6064764,20260313
6064765,20260310
6064771,20260311
6064774,20260310
6064775,20260313
6064778,20260315
6064779,20260204
6064782,20260310
6064785,20260315
6064787,20260315
6064788,20260314
6064789,20260315
6064790,20260315
6064796,20260315
6064801,20260313
6064802,20260310
6064803,20260305
6064804,20260305
6064806,20260310
6064808,20260313
6064809,20260315
6064811,20260311
6064812,20260305
6064814,20260204
6064815,20260204
6064816,20260204
6064818,20260204
6064819,20260204
6064821,20260204
6064823,20260204
6064830,20260204
6064831,20260310
6064833,20260204
6064834,20260204
6064835,20260204
6064839,20260204
6064841,20260204
6064842,20260204
6064843,20260204
6064844,20260204
6064845,20260310
6064846,20260204
6064847,20260204
6064848,20260204
6064849,20260218
6064850,20260204
6064851,20260204
6064852,20260204
6064853,20260204
6064854,20260204
6064855,20260204
6064856,20260218
6064857,20260204
6064858,20260204
6064859,20260315
6064860,20260315
6064861,20260204
6064862,20260204
6064863,20260204
6064864,20260204
6064865,20260204
6064866,20260204
6064869,20260204
6064870,20260204
6064871,20260204
6064872,20260204
6064873,20260204
6064874,20260204
6064875,20260204
6064876,20260204
6064877,20260204
6064878,20260311
6064879,20260204
6064880,20260204
6064884,20260204
6064885,20260204
6064889,20260512
6064894,20260311
6064895,20260315
6064896,20260311
6064897,20260204
6064898,20260204
6064899,20260204
6064900,20260204
6064902,20260311
6064903,20260517
6064905,20260204
6064916,20260204
6064917,20260314
6064918,20260204
6064919,20260204
6064920,20260204
6064921,20260204
6064923,20260204
6064925,20260204
6064927,20260204
6064929,20260204
6064931,20260305
6064932,20260204
6064933,20260204
6064934,20260204
6064935,20260204
6064937,20260607
6064940,20260204
6064941,20260204
6064942,20260204
6064943,20260204
6064944,20260204
6064945,20260516
6064946,20260521
6064947,20260204
6064948,20260204
6064953,20260204
6064961,20260310
6064965,20260204
6064968,20260127
6064969,20260204
6064970,20260204
6064971,20260204
6064972,20260204
6064973,20260204
6064974,20260204
6064975,20260204
6064977,20260204
6069104,20260203
6069105,20260204
6069107,20260130
6069602,20260203
6076171,20260310
6076254,20260305
6076259,20260311
6076260,20260311
6076261,20260310
6076265,20260311
6076268,20260305
6076270,20260305
6076271,20260313
6076273,20260310
6076275,20260313
6076276,20260313
6076277,20260313
6076280,20260310
6076281,20260310
6076282,20260313
6076283,20260313
6076284,20260204
6076285,20260313
6076286,20260311
6076288,20260204
6076290,20260314
6076292,20260310
6076299,20260311
6076300,20260422
6076301,20260305
6076302,20260204
6076303,20260208
6076304,20260204
6076305,20260208
6076306,20260204
6076307,20260204
6076308,20260204
6076309,20260516
6076310,20260204
6076311,20260204
6076312,20260204
6076313,20260204
6076314,20260316
6079371,20260310
6079373,20260310
6079376,20260310
6079377,20260310
6079378,20260316
6079379,20260310
6079380,20260310
6079381,20260310
6079384,20260313
6079385,20260512
6081003,20260310
6081012,20260310
6081064,20260310
6081065,20260310
6081081,20260310
6081082,20260310
6083400,20260310
6083414,20260310
6087965,20260313
6087966,20260313
6087968,20260311
6087970,20260311
6087971,20260313
6087972,20260313
6087973,20260313
6087974,20260311
6087975,20260311
6087976,20260313
6087978,20260311
6087980,20260305
6087981,20260311
6087982,20260311
6087983,20260315
6087984,20260311
6087985,20260315
6087986,20260310
6087991,20260305
6087993,20260305
6087995,20260305
6087996,20260310
6087997,20260305
6087998,20260305
6087999,20260313
6088000,20260311
6088001,20260316
6088002,20260310
6088003,20260310
6088004,20260310
6088005,20260311
6088006,20260313
6088008,20260305
6088009,20260313
6088011,20260313
6088012,20260310
6088013,20260313
6088014,20260311
6088016,20260313
6088017,20260305
6088019,20260311
6088020,20260313
6088021,20260313
6088022,20260310
6088023,20260310
6088024,20260311
6088025,20260310
6088026,20260313
6088027,20260310
6088028,20260311
6088029,20260311
6088030,20260313
6088031,20260310
6088032,20260310
6088033,20260313
6088034,20260311
6088035,20260311
6088037,20260311
6088039,20260311
6088043,20260311
6088045,20260311
6088046,20260311
6088047,20260310
6088048,20260310
6088049,20260310
6088051,20260310
6088052,20260311
6088056,20260313
6088060,20260315
6088062,20260414
6088063,20260310
6088064,20260313
6088065,20260313
6088066,20260313
6088068,20260313
6088069,20260313
6088070,20260313
6088071,20260313
6088075,20260313
6088076,20260313
6088077,20260313
6088078,20260313
6088084,20260313
6088087,20260310
6088088,20260311
6088089,20260311
6088090,20260305
6088092,20260305
6088093,20260313
6088095,20260305
6088098,20260311
6088099,20260305
6088100,20260315
6088102,20260311
6088108,20260316
6088112,20260311
6088116,20260308
6088117,20260310
6088118,20260311
6088119,20260313
6088122,20260422
6088126,20260311
6088127,20260310
6088128,20260313
6088129,20260311
6088131,20260311
6088132,20260311
6088133,20260311
6088136,20260315
6088137,20260420
6088140,20260311
6088141,20260311
6088144,20260310
6088149,20260310
6088155,20260313
6088158,20260310
6088160,20260311
6088177,20260310
6088189,20260314
6088190,20260315
6088193,20260313
6088194,20260313
6088195,20260311
6088196,20260313
6088197,20260311
6088199,20260414
6088200,20260313
6088202,20260311
6088203,20260311
6088204,20260311
6088205,20260311
6088206,20260313
6088207,20260313
6088208,20260313
6088210,20260310
6088212,20260311
6088214,20260311
6088215,20260315
6088216,20260415
6088217,20260305
6088218,20260305
6088219,20260315
6088222,20260310
6088223,20260311
6088225,20260311
6088227,20260310
6088228,20260305
6088229,20260310
6091672,20260418
6091673,20260417
6091674,20260414
6091682,20260422
6091691,20260311
6091714,20260313
6091717,20260313
6091721,20260608
6091724,20260313
6091748,20260418
6091783,20260414
6091784,20260612
6091789,20260422
6091790,20260612
6091791,20260612
6091793,20260516
6091841,20260414
6091843,20260422
6091844,20260512
6091848,20260514
6091850,20260509
6091851,20260512
6091852,20260512
6091858,20260414
6091859,20260414
6091883,20260414
6091887,20260414
6091902,20260417
6091905,20260417
6091918,20260314
6091934,20260415
6091941,20260415
6091945,20260521
6091947,20260414
6091950,20260314
6091951,20260313
6091969,20260308
6091972,20260414
6091973,20260514
6091981,20260607
6091995,20260422
6091997,20260514
6092000,20260315
6092001,20260313
6092003,20260415
6092004,20260417
6092005,20260417
6092006,20260414
6092007,20260417
6092009,20260313
6092012,20260414
6098233,20260420
6101715,20260417
6101730,20260422
6101731,20260422
6101734,20260414
6101741,20260607
6101748,20260415
6101750,20260418
6101752,20260417
6101753,20260417
6101754,20260414
6101756,20260515
6101758,20260415
6101759,20260417
6101761,20260415
6101762,20260415
6101763,20260415
6101764,20260417
6101765,20260417
6101766,20260417
6101767,20260417
6101768,20260417
6101769,20260417
6101770,20260417
6101771,20260509
6101772,20260417
6101779,20260509
6101784,20260415
6101787,20260415
6101794,20260415
6101816,20260509
6101822,20260414
6101827,20260418
6101847,20260415
6101850,20260414
6101851,20260417
6101853,20260415
6101855,20260417
6101858,20260415
6101861,20260415
6101862,20260415
6101865,20260417
6101866,20260417
6101874,20260422
6101904,20260417
6101907,20260313
6101908,20260313
6101909,20260313
6101910,20260313
6101911,20260313
6101912,20260313
6101913,20260317
6101914,20260417
6101915,20260417
6101917,20260410
6101919,20260417
6101920,20260417
6101923,20260417
6101927,20260417
6101930,20260417
6101933,20260417
6101942,20260422
6101951,20260414
6101962,20260317
6101964,20260415
6101968,20260417
6106726,20260415
6106727,20260415
6106728,20260417
6106729,20260417
6106730,20260415
6106731,20260417
6106732,20260417
6106733,20260415
6108568,20260415
6108569,20260415
6108570,20260415
6108572,20260415
6108573,20260418
6108574,20260415
6108575,20260415
6108578,20260417
6108579,20260417
6108581,20260422
6108582,20260418
6108583,20260418
6108584,20260418
6108585,20260417
6108586,20260415
6108591,20260418
6108594,20260414
6108595,20260417
6108600,20260417
6108601,20260415
6108602,20260415
6108603,20260417
6108604,20260415
6108607,20260417
6108608,20260414
6108609,20260417
6108610,20260417
6108611,20260417
6108612,20260417
6108614,20260414
6108615,20260415
6108616,20260417
6108617,20260417
6108619,20260417
6108627,20260418
6108630,20260420
6108631,20260418
6108632,20260417
6108634,20260414
6108636,20260414
6108638,20260415
6108642,20260415
6108643,20260415
6108645,20260415
6108646,20260422
6108649,20260417
6108650,20260418
6108652,20260418
6108655,20260521
6108656,20260415
6108658,20260417
6108659,20260418
6108661,20260417
6108662,20260418
6108664,20260420
6108665,20260418
6108666,20260422
6108668,20260417
6108669,20260417
6108670,20260417
6108671,20260313
6108672,20260418
6108673,20260414
6108677,20260411
6108678,20260414
6108682,20260414
6108684,20260414
6108685,20260414
6108686,20260422
6108687,20260313
6108688,20260509
6108689,20260313
6108691,20260417
6108694,20260415
6108700,20260415
6108701,20260313
6108702,20260313
6108703,20260415
6108705,20260415
6108706,20260417
6108707,20260417
6108708,20260414
6108709,20260414
6108710,20260414
6108711,20260414
6108712,20260415
6108718,20260418
6108719,20260418
6108720,20260417
6108721,20260415
6108722,20260418
6108723,20260415
6108724,20260415
6108725,20260422
6108727,20260418
6108728,20260415
6108729,20260418
6108730,20260607
6108732,20260411
6108734,20260422
6108736,20260418
6108738,20260415
6108739,20260414
6108745,20260418
6108749,20260414
6108750,20260414
6108751,20260510
6108753,20260418
6108754,20260422
6108755,20260411
6108760,20260415
6108762,20260415
6108766,20260418
6108767,20260410
6108768,20260422
6108773,20260411
6108774,20260415
6108776,20260418
6108777,20260418
6108778,20260415
6108779,20260414
6108780,20260418
6108782,20260417
6108783,20260313
6108784,20260415
6108785,20260414
6108786,20260415
6108787,20260418
6108788,20260415
6108790,20260415
6108791,20260418
6108792,20260418
6108793,20260418
6108795,20260313
6108796,20260415
6108797,20260418
6108798,20260418
6108799,20260417
6108801,20260415
6108802,20260415
6108803,20260414
6108804,20260415
6108805,20260415
6108806,20260417
6108807,20260417
6108809,20260415
6108810,20260313
6108811,20260313
6108812,20260313
6108813,20260313
6108814,20260313
6108815,20260313
6115652,20260415
6120137,20260417
6120138,20260417
6120139,20260417
6120142,20260417
6120144,20260414
6120145,20260414
6120148,20260414
6120149,20260418
6120154,20260417
6120155,20260417
6120158,20260415
6120161,20260414
6120162,20260414
6120164,20260417
6120168,20260422
6120170,20260422
6120175,20260415
6120176,20260418
6120177,20260418
6120179,20260417
6120180,20260418
6120181,20260411
6120183,20260414
6120184,20260414
6120185,20260417
6120187,20260417
6120188,20260417
6120189,20260414
6120190,20260414
6120191,20260414
6120199,20260414
6120200,20260414
6120201,20260414
6120202,20260414
6120203,20260414
6120204,20260418
6120206,20260414
6120207,20260420
6120210,20260414
6120213,20260418
6120216,20260509
6120219,20260422
6120222,20260422
6120240,20260517
6120245,20260610
6120250,20260414
6120251,20260414
6120252,20260415
6120253,20260415
6120254,20260417
6120255,20260417
6120265,20260414
6120266,20260414
6120267,20260418
6120269,20260422
6120270,20260418
6120273,20260418
6120275,20260414
6120277,20260411
6120290,20260418
6120293,20260411
6120299,20260422
6120300,20260418
6120301,20260418
6120304,20260418
6120305,20260411
6120306,20260418
6120317,20260418
6120318,20260414
6120319,20260417
6120320,20260417
6120322,20260415
6120334,20260607
6120336,20260417
6120338,20260607
6120341,20260414
6120342,20260414
6120343,20260414
6120344,20260414
6120345,20260414
6120346,20260417
6120347,20260415
6120348,20260515
6120353,20260420
6120354,20260420
6120357,20260414
6120358,20260414
6120362,20260414
6120363,20260514
6120370,20260422
6120382,20260411
6120383,20260415
6120385,20260420
6120386,20260414
6120387,20260414
6120389,20260418
6120390,20260417
6120391,20260415
6120395,20260418
6120397,20260418
6120398,20260512
6120400,20260509
6120403,20260411
6120404,20260411
6120405,20260415
6120408,20260417
6120409,20260411
6120411,20260415
6120413,20260415
6120419,20260415
6120424,20260415
6120438,20260411
6120439,20260417
6120441,20260422
6120442,20260418
6120444,20260418
6120445,20260411
6120446,20260422
6120447,20260422
6120449,20260422
6120451,20260414
6120456,20260515
6120457,20260515
6120458,20260521
6120460,20260414
6120461,20260521
6120467,20260422
6120471,20260422
6120473,20260422
6120475,20260417
6120476,20260417
6120477,20260414
6120480,20260414
6120487,20260418
6120489,20260415
6120490,20260418
6120491,20260418
6120492,20260415
6120493,20260417
6120494,20260414
6120495,20260509
6120496,20260509
6120500,20260514
6120501,20260509
6120502,20260416
6120503,20260509
6120505,20260415
6120506,20260516
6120507,20260418
6120509,20260414
6120512,20260420
6120514,20260417
6120518,20260509
6120520,20260414
6120521,20260521
6120524,20260521
6120532,20260418
6120533,20260418
6120534,20260418
6120535,20260418
6120539,20260509
6120540,20260417
6120542,20260509
6120544,20260321
6120545,20260415
6120546,20260418
6120547,20260414
6120548,20260414
6120550,20260414
6120552,20260415
6120553,20260521
6120555,20260417
6120556,20260414
6120558,20260415
6120560,20260415
6120561,20260417
6120563,20260415
6120566,20260415
6120567,20260415
6120568,20260415
6120570,20260411
6120573,20260422
6120574,20260415
6120575,20260418
6120576,20260418
6120577,20260321
6120579,20260414
6120580,20260415
6120585,20260415
6120611,20260418
6120612,20260510
6120614,20260414
6120615,20260414
6120616,20260418
6120617,20260414
6120618,20260414
6120619,20260418
6120620,20260418
6120621,20260418
6120622,20260418
6120623,20260414
6133941,20260516
6133947,20260516
6133954,20260516
6133955,20260515
6133956,20260509
6133961,20260516
6133962,20260516
6133990,20260516
6133992,20260516
6134006,20260607
6134053,20260516
6134054,20260516
6134057,20260515
6134059,20260513
6134087,20260607
6134106,20260515
6134111,20260606
6134129,20260512
6134135,20260521
6134147,20260609
6134149,20260521
6134151,20260516
6134156,20260514
6134159,20260516
6134168,20260509
6134173,20260516
6134200,20260514
6141420,20260516
6141421,20260515
6141422,20260515
6141423,20260422
6141424,20260516
6141425,20260415
6141426,20260516
6141430,20260509
6141440,20260509
6141442,20260516
6141443,20260509
6141445,20260516
6141450,20260516
6141457,20260521
6141461,20260516
6141462,20260516
6141463,20260521
6141472,20260509
6141473,20260509
6141476,20260509
6141480,20260516
6141488,20260509
6141492,20260516
6141493,20260509
6141500,20260607
6141502,20260521
6141520,20260510
6141521,20260515
6141522,20260607
6141523,20260510
6141524,20260521
6141525,20260521
6141544,20260521
6148195,20260515
6148196,20260515
6148197,20260422
6148198,20260521
6148199,20260422
6148220,20260415
6148221,20260515
6148222,20260521
6148223,20260422
6148224,20260422
6148225,20260415
6148226,20260422
6148227,20260415
6148228,20260422
6148229,20260509
6148230,20260422
6148231,20260415
6148232,20260516
6148233,20260415
6148234,20260521
6148235,20260415
6148237,20260515
6148239,20260509
6148241,20260521
6148242,20260521
6148243,20260509
6148244,20260516
6148245,20260516
6148247,20260521
6148248,20260516
6148249,20260516
6148250,20260516
6148251,20260521
6148254,20260516
6148255,20260521
6148258,20260510
6148262,20260516
6148263,20260510
6148267,20260514
6148268,20260515
6148270,20260516
6148274,20260515
6148277,20260516
6148278,20260510
6148279,20260510
6148280,20260512
6148281,20260515
6148282,20260516
6148283,20260510
6148286,20260512
6148287,20260422
6148288,20260422
6148290,20260516
6148291,20260521
6148292,20260415
6148293,20260422
6148296,20260422
6148300,20260515
6148301,20260415
6148302,20260521
6148304,20260422
6148306,20260422
6148307,20260521
6148308,20260415
6148309,20260422
6148310,20260514
6148311,20260422
6148315,20260510
6148317,20260415
6148318,20260514
6148320,20260512
6148323,20260509
6148324,20260512
6148327,20260516
6148328,20260515
6148332,20260422
6148333,20260513
6148339,20260521
6148343,20260515
6148344,20260521
6148345,20260512
6148347,20260415
6148351,20260521
6148360,20260521
6148362,20260521
6148367,20260515
6148368,20260510
6148370,20260516
6148371,20260521
6148372,20260515
6148373,20260516
6148374,20260510
6148375,20260515
6148376,20260515
6148377,20260515
6148378,20260415
6148379,20260415
6148380,20260415
6148381,20260514
6148382,20260415
6148383,20260415
6148384,20260422
6148385,20260514
6148391,20260515
6148392,20260512
6148393,20260516
6148398,20260516
6148403,20260515
6148406,20260515
6148415,20260516
6148416,20260521
6148424,20260514
6148425,20260514
6148427,20260515
6148428,20260521
6148429,20260521
6148431,20260521
6148432,20260521
6148433,20260513
6148435,20260516
6148436,20260521
6148437,20260516
6148438,20260521
6148441,20260521
6148442,20260415
6158342,20260515
6158343,20260515
6158344,20260515
6158345,20260515
6158346,20260514
6158347,20260521
6158348,20260514
6158349,20260511
6158350,20260514
6158351,20260521
6158352,20260509
6158353,20260612
6158354,20260515
6158355,20260521
6158356,20260510
6158357,20260422
6158359,20260516
6158360,20260514
6158361,20260516
6158363,20260514
6158364,20260521
6158365,20260509
6158366,20260515
6158367,20260514
6158369,20260516
6158370,20260514
6158372,20260515
6158373,20260514
6158375,20260515
6158376,20260516
6158378,20260514
6158380,20260512
6158381,20260515
6158383,20260511
6158385,20260512
6158386,20260510
6158387,20260515
6158389,20260514
6158390,20260510
6158391,20260521
6158392,20260521
6158393,20260521
6158396,20260512
6158397,20260509
6158398,20260521
6158399,20260521
6158400,20260512
6158402,20260521
6158405,20260422
6158406,20260509
6158407,20260510
6158409,20260515
6158410,20260422
6158411,20260515
6158413,20260516
6158414,20260516
6158415,20260521
6158416,20260515
6158417,20260521
6158418,20260512
6158419,20260514
6158420,20260516
6158421,20260516
6158422,20260516
6158423,20260521
6158431,20260521
6158432,20260422
6158433,20260514
6158434,20260521
6158435,20260515
6158436,20260521
6158438,20260515
6158439,20260515
6158440,20260515
6158441,20260515
6158442,20260521
6158443,20260512
6158446,20260422
6158448,20260516
6158450,20260516
6158451,20260516
6158454,20260514
6158455,20260516
6158456,20260422
6158458,20260512
6158461,20260422
6158463,20260516
6158464,20260515
6158467,20260515
6158469,20260516
6158471,20260515
6158472,20260515
6158473,20260515
6158474,20260521
6158475,20260422
6158476,20260422
6158478,20260515
6158479,20260422
6158480,20260422
6158481,20260422
6158482,20260516
6158484,20260515
6158485,20260521
6158487,20260509
6158489,20260514
6158491,20260516
6158492,20260516
6158494,20260516
6158495,20260516
6158496,20260521
6158498,20260509
6158499,20260521
6158502,20260512
6158505,20260511
6158508,20260516
6158510,20260516
6158511,20260515
6158515,20260514
6158516,20260510
6158517,20260521
6158521,20260415
6158522,20260415
6158523,20260415
6158524,20260415
6158525,20260415
6158526,20260415
6158527,20260415
6158528,20260521
6158529,20260521
6158530,20260515
6172006,20260515
6172010,20260509
6172015,20260509
6172016,20260509
6172018,20260512
6172020,20260515
6172021,20260607
6172033,20260514
6172034,20260509
6172035,20260512
6172037,20260509
6172042,20260512
6172043,20260516
6172044,20260521
6172045,20260512
6172046,20260512
6172049,20260515
6172055,20260512
6172056,20260515
6172058,20260515
6172059,20260513
6172069,20260515
6172070,20260515
6172071,20260521
6172073,20260514
6172079,20260521
6172080,20260521
6172082,20260521
6172086,20260516
6172093,20260516
6172095,20260510
6172096,20260511
6172097,20260514
6172098,20260515
6172101,20260515
6172103,20260515
6172104,20260515
6172110,20260510
6172120,20260521
6172124,20260607
6172127,20260612
6172128,20260612
6172129,20260612
6172135,20260521
6172140,20260521
6172150,20260608
6172151,20260515
6172156,20260515
6172157,20260515
6172160,20260514
6172161,20260514
6172162,20260513
6172165,20260514
6172166,20260510
6172168,20260510
6172169,20260514
6172171,20260515
6172172,20260514
6172173,20260515
6172174,20260515
6172175,20260516
6172176,20260515
6172177,20260513
6172178,20260510
6172180,20260516
6172181,20260607
6172184,20260521
6172186,20260521
6172190,20260521
6172191,20260521
6172192,20260607
6172193,20260521
6172194,20260521
6172195,20260511
6172197,20260521
6172206,20260521
6172207,20260521
6172215,20260517
6172216,20260515
6172217,20260521
6172221,20260515
6172223,20260607
6172224,20260513
6172227,20260510
6172231,20260515
6172237,20260512
6172239,20260512
6172240,20260513
6172241,20260512
6172252,20260521
6172255,20260510
6172258,20260521
6172259,20260521
6172268,20260509
6172269,20260515
6172276,20260515
6172279,20260516
6172286,20260514
6172287,20260514
6172290,20260516
6172291,20260516
6172295,20260516
6172296,20260516
6172305,20260521
6172307,20260521
6172315,20260521
6172322,20260521
6172324,20260521
6172325,20260515
6172331,20260509
6172332,20260521
6172333,20260515
6172335,20260510
6172337,20260510
6172340,20260515
6172342,20260514
6172349,20260509
6172350,20260521
6172353,20260516
6172369,20260610
6172370,20260514
6172379,20260516
6172380,20260509
6172381,20260516
6172382,20260515
6172383,20260515
6172388,20260515
6172389,20260521
6172391,20260521
6172396,20260509
6172397,20260521
6172398,20260521
6172399,20260509
6187163,20260515
6187164,20260515
6187172,20260515
6187179,20260515
6187502,20260606
6187506,20260606
6187507,20260606
6187509,20260612
6187515,20260606
6187517,20260515
6187518,20260606
6187519,20260607
6187527,20260515
6187528,20260515
6187531,20260612
6187536,20260511
6187537,20260606
6187538,20260606
6187935,20260515
6187936,20260515
6187937,20260515
6187938,20260515
6187939,20260515
6187940,20260606
6187941,20260606
6187943,20260606
6187944,20260606
6187945,20260606
6187946,20260606
6188101,20260515
6188105,20260606
6188108,20260606
6188109,20260515
6188110,20260607
6188112,20260612
6188117,20260612
6188119,20260515
6191120,20260515
6191122,20260515
6191126,20260606
6191128,20260515
6191129,20260515
6191131,20260606
6191132,20260606
6191133,20260606
6191260,20260612
6191263,20260612
6191264,20260515
6193260,20260606
6193580,20260606
6193581,20260511
6193592,20260612
6199991,20260606
6199992,20260606
6199993,20260513
6199994,20260513
6199995,20260606
6199996,20260606
6199997,20260606
6199998,20260513
6199999,20260606
6200000,20260606
6200001,20260606
6200002,20260606
6200003,20260612
6200004,20260608
6200005,20260606
6200007,20260606
6200008,20260612
6200009,20260606
6200010,20260606
6200011,20260606
6200012,20260606
6200013,20260606
6200014,20260606
6200017,20260606
6200018,20260606
6200020,20260513
6200022,20260612
6200023,20260612
6200025,20260612
6200027,20260607
6200030,20260606
6200033,20260612
6200034,20260606
6200035,20260607
6200036,20260612
6200037,20260607
6200038,20260612
6200041,20260607
6200042,20260607
6200043,20260607
6200044,20260606
6200045,20260610
6200052,20260610
6200053,20260606
6200054,20260606
6200055,20260606
6200058,20260606
6200060,20260606
6200061,20260612
6200063,20260606
6200064,20260612
6200065,20260606
6200066,20260612
6200067,20260606
6200069,20260606
6200070,20260606
6200071,20260606
6200072,20260606
6200073,20260606
6200075,20260606
6200076,20260606
6200077,20260606
6200080,20260606
6200081,20260606
6200082,20260606
6200083,20260612
6200084,20260612
6200085,20260612
6200086,20260515
6200087,20260515
6200088,20260515
6200089,20260515
6200090,20260515
6200091,20260515
6200092,20260515
6200093,20260511
6200095,20260513
6200096,20260513
6211367,20260606
6211398,20260606
6211399,20260606
6211400,20260612
6211401,20260606
6211402,20260606
6211403,20260606
6211404,20260606
6211405,20260606
6211406,20260606
6211407,20260606
6211408,20260612
6211409,20260608
6211411,20260606
6211412,20260606
6211413,20260606
6211414,20260606
6211415,20260607
6211416,20260612
6211417,20260606
6211418,20260606
6211419,20260612
6211420,20260612
6211423,20260612
6211424,20260606
6211425,20260606
6211427,20260612
6211428,20260610
6211429,20260606
6211430,20260610
6211431,20260606
6211432,20260606
6211433,20260607
6211436,20260606
6211437,20260612
6211439,20260612
6211440,20260606
6211444,20260607
6211445,20260606
6211446,20260606
6211448,20260612
6211449,20260612
6211450,20260606
6211453,20260609
6211457,20260606
6211458,20260612
6211462,20260612
6211466,20260607
6211467,20260612
6211468,20260606
6211470,20260606
6211474,20260606
6211475,20260606
6211476,20260606
6211477,20260606
6211489,20260606
6211493,20260607
6211494,20260606
6211495,20260607
6211496,20260607
6211500,20260606
6211501,20260606
6211502,20260606
6211504,20260612
6211505,20260606
6211507,20260612
6211508,20260612
6211510,20260610
6211511,20260606
6211512,20260606
6211513,20260610
6211514,20260606
6211515,20260606
6211516,20260606
6211518,20260606
6211519,20260612
6211520,20260606
6211521,20260612
6211522,20260606
6211524,20260606
6211525,20260606
6211526,20260513
6211527,20260607
6211528,20260612
6211530,20260513
6211531,20260612
6211534,20260606
6211535,20260606
6211536,20260606
6211537,20260606
6211539,20260606
6211540,20260606
6211541,20260606
6211542,20260606
6211543,20260513
6211544,20260513
6211545,20260513
6211546,20260513
6211549,20260606
6211550,20260606
6211551,20260612
6211552,20260612
6211553,20260606
6211554,20260606
6211555,20260606
6211556,20260606
6211557,20260612
6211559,20260606
6211560,20260513
6211561,20260513
6211562,20260513
6211586,20260606
6222423,20260607
6222424,20260612
6222425,20260612
6222426,20260610
6222427,20260610
6222431,20260612
6222432,20260612
6222436,20260612
6222440,20260606
6222441,20260612
6222442,20260612
6222444,20260606
6222445,20260606
6222446,20260606
6222447,20260612
6222451,20260612
6222454,20260612
6222460,20260612
6222461,20260612
6222462,20260612
6222464,20260612
6222465,20260606
6222468,20260612
6222469,20260607
6222474,20260612
6222475,20260612
6222476,20260607
6222478,20260607
6222487,20260612
6222493,20260606
6222499,20260612
6222503,20260612
6222505,20260606
6222506,20260606
6222507,20260606
6222508,20260606
6222509,20260606
6222510,20260606
6222512,20260606
6222513,20260607
6222515,20260612
6222517,20260612
6222518,20260612
6235285,20260612
6235286,20260606
6235288,20260612
6235289,20260606
6235294,20260607
6235296,20260607
6235302,20260609
6235304,20260612
6235307,20260606
6235313,20260612
6235315,20260606
6235316,20260612
6235329,20260612
6235334,20260612
6235339,20260612
6235340,20260612
6246060,20260612
6246061,20260612
6246062,20260612
6246063,20260612
6246064,20260612
6246065,20260612
6246066,20260612
6246071,20260608
6246072,20260612
6246074,20260608
6246075,20260612
6246079,20260612
6246081,20260612
6246085,20260608
6246122,20260612
6246126,20260608
6246129,20260608
6246137,20260612
6246138,20260612
6246142,20260608
6246143,20260612
6246144,20260612
6246146,20260612
6246147,20260612
6246148,20260608
6246162,20260612
6246164,20260608
6246176,20260612
6246178,20260612
6255880,20260608
6255889,20260612
6255897,20260608
6255898,20260608
6255899,20260608
6255904,20260608
6255911,20260608
6255912,20260608
6255922,20260612
6255924,20260608
6255938,20260612
6255939,20260612
6255940,20260612
6255941,20260612
6255942,20260612
6255943,20260612
